Id,Sales
40233,5031.057415469218
39377,0.0
38521,7353.403215945439
37665,6144.28015290755
36809,6261.542229118265
35953,6261.542229118265
35097,6261.542229118265
34241,4490.359090760325
33385,0.0
32529,3916.304913569611
31673,3855.0309737797334
30817,3845.9713832106163
29961,3840.673956387642
29105,4370.689067812521
28249,4443.271062189076
27393,0.0
26537,7353.403215945439
25681,6127.749131513484
24825,6261.542229118265
23969,6261.542229118265
23113,6261.542229118265
22257,4483.038053531069
21401,0.0
20545,3925.1638546917634
19689,3878.7345997257485
18833,3862.959419362884
17977,3857.6619925399095
17121,4569.13813930217
16265,4680.58786399725
15409,0.0
14553,7386.719831804958
13697,6192.294866887152
12841,7075.369891512251
11985,6492.620279675347
11129,6261.542229118265
10273,4555.844466080189
9417,0.0
8561,4028.2470510024773
7705,4015.357083936964
6849,3849.9055404358837
5993,3839.2671151490076
5137,4379.679279718546
4281,4443.271062189076
3425,0.0
2569,7353.403215945439
1713,6126.698659401055
857,6261.542229118265
1,6261.542229118265
40234,4887.181433703521
39378,0.0
38522,9953.23700075264
37666,8322.962475436962
36810,8045.438387735529
35954,7949.781378859329
35098,7849.40768382501
34242,4189.7227541603315
33386,0.0
32530,6102.343568406979
31674,6006.367483867014
30818,5905.906213201875
29962,5886.603790584548
29106,6033.367777419235
28250,4038.069410882781
27394,0.0
26538,9677.90228081458
25682,8210.962086191044
24826,7908.322267731044
23970,7841.163016611793
23114,7841.163016611793
22258,4023.9136012988456
21402,0.0
20546,5749.503576176668
19690,5750.342429903813
18834,5739.0140965704795
17978,5733.283071725759
17122,6641.921636471041
16266,4203.620638968083
15410,0.0
14554,10912.734818760608
13698,8412.537340694702
12842,8240.256430972386
11986,8012.094508287671
11130,7992.581391182489
10274,4451.4972305899755
9418,0.0
8562,6094.549808024514
7706,6083.534700436023
6850,6029.297832029156
5994,6000.599132588415
5138,6158.749347182859
4282,4098.895298036562
3426,0.0
2570,9816.967181865493
1714,8195.866519219964
858,7917.468772843806
2,7850.3095217245545
40235,7081.392466523339
39379,0.0
38523,11876.009071492876
37667,7562.8305503883785
36811,7562.8305503883785
35955,7562.8305503883785
35099,7562.8305503883785
34243,6092.100877184759
33387,0.0
32531,6087.936624973781
31675,6069.569259741437
30819,6069.569259741437
29963,6069.569259741437
29107,6069.569259741437
28251,6069.569259741437
27395,0.0
26539,11562.560911106131
25683,7562.8305503883785
24827,7562.8305503883785
23971,7562.8305503883785
23115,7562.8305503883785
22259,6069.569259741437
21403,0.0
20547,6069.569259741437
19691,6069.569259741437
18835,6069.569259741437
17979,6069.569259741437
17123,6239.73419021384
16267,6062.529978074271
15411,0.0
14555,11542.312807577606
13699,9410.471893532485
12843,10273.705782996058
11987,7562.8305503883785
11131,7562.8305503883785
10275,6189.715017429377
9419,0.0
8563,6132.879374897282
7707,6132.879374897282
6851,6087.936624973781
5995,6087.936624973781
5139,6069.569259741437
4283,6069.569259741437
3427,0.0
2571,11593.26530591302
1715,7562.8305503883785
859,7562.8305503883785
3,7562.8305503883785
40236,3110.5707520075603
39380,0.0
38524,9663.888519503724
37668,7537.439724228041
36812,6619.105056162664
35956,6608.259333205353
35100,6597.9402069917605
34244,3069.4811380194656
33388,0.0
32532,5089.501385380671
31676,5089.501385380671
30820,5089.501385380671
29964,5106.3710787284945
29108,5106.3710787284945
28252,3069.4811380194656
27396,0.0
26540,9348.457264140301
25684,7454.578972882269
24828,6608.259333205353
23972,6608.259333205353
23116,6597.9402069917605
22260,3069.4811380194656
21404,0.0
20548,5089.501385380671
19692,5089.501385380671
18836,5089.501385380671
17980,5106.3710787284945
17124,5106.3710787284945
16268,3069.4811380194656
15412,0.0
14556,10448.209254713684
13700,7651.804801435345
12844,7815.861003045675
11988,7153.835622603307
11132,6680.800958337533
10276,3069.4811380194656
9420,0.0
8564,5089.501385380671
7708,5089.501385380671
6852,5089.501385380671
5996,5106.3710787284945
5140,5106.3710787284945
4284,3069.4811380194656
3428,0.0
2572,9531.488591445606
1716,7439.483405911189
860,6608.259333205353
4,6608.259333205353
40237,7404.180622104526
39381,0.0
38525,10507.358366814986
37669,8289.954508740646
36813,8047.949633567873
35957,8008.682476254948
35101,8008.682476254948
34245,7190.948566055255
33389,0.0
32533,6784.323113006098
31677,6737.199674153284
30821,6575.309427862431
29965,6752.453428727307
29109,6657.486111849842
28253,6934.295304426688
27397,0.0
26541,10105.339951126616
25685,8259.016240438152
24829,8032.614027507268
23973,7993.346870194341
23117,7993.346870194341
22261,6908.839662288254
21405,0.0
20549,6893.908497916586
19693,6900.089873577961
18837,6719.208504805219
17981,6725.083626701838
17125,7036.433095961338
16269,7152.418259969135
15413,0.0
14557,10951.339898510354
13701,9586.429620030183
12845,10024.02786269959
11989,8024.285138496836
11133,8024.285138496836
10277,7394.401918400822
9421,0.0
8565,6990.636352715674
7709,6963.495704567525
6853,6698.998123673568
5997,6516.8336091554675
5141,6546.444499896979
4285,6902.542093591629
3429,0.0
2573,10419.799242446377
1717,8274.351846498757
861,8047.949633567873
5,7993.346870194341
40238,3451.78169826734
39382,0.0
38526,7544.770318440759
37670,6466.7385377063
36814,5961.32883295878
35958,5961.32883295878
35102,5961.32883295878
34246,3451.78169826734
33390,0.0
32534,5040.34842769012
31678,5050.24372683542
30822,5061.632110673804
29966,5070.651121077925
29110,5203.067353175157
28254,3451.78169826734
27398,0.0
26542,7536.5475671180075
25686,6466.7385377063
24830,5961.32883295878
23974,5961.32883295878
23118,5961.32883295878
22262,3451.78169826734
21406,0.0
20550,5061.632110673804
19694,5061.632110673804
18838,5061.632110673804
17982,5070.651121077925
17126,5213.343250611054
16270,3451.78169826734
15414,0.0
14558,7606.503300318946
13702,6575.790280402241
12846,7134.012128536268
11990,6280.441826502081
11134,5961.32883295878
10278,3451.78169826734
9422,0.0
8566,5040.34842769012
7710,5040.34842769012
6854,5040.34842769012
5998,5049.367438094243
5142,5178.086565881488
4286,3451.78169826734
3430,0.0
2574,7547.358281403722
1718,6466.7385377063
862,5961.32883295878
6,5961.32883295878
40239,6360.158680788933
39383,0.0
38527,10249.654740438387
37671,8164.734981788725
36815,7957.838750045629
35959,7709.0293589695875
35103,7657.345579541156
34247,6080.382083543233
33391,0.0
32535,5544.798533881204
31679,5367.072166595833
30823,5479.598951228134
29967,5656.216657221043
29111,5700.3605481342875
28255,5928.167439421252
27399,0.0
26543,9695.208361926349
25687,7838.197274564764
24831,7715.746377218073
23975,7498.97143379971
23119,7446.584731906174
22263,5923.811453115892
21407,0.0
20551,5189.348898794924
19695,5177.307301384034
18839,5543.778665557076
17983,5561.694773410639
17127,5853.650770440125
16271,6055.101509557684
15415,0.0
14559,11976.65517181926
13703,9437.461102077279
12847,9529.885340615905
11991,8103.903757752183
11135,7809.446455461048
10279,6342.5262601142995
9423,0.0
8567,5677.2653718892925
7711,5639.819387864058
6855,5703.291212832687
5999,5659.19038178737
5143,5703.913843040118
4287,5933.204817367381
3431,0.0
2575,10057.29616420041
1719,7907.751271713908
863,7790.727439418818
7,7420.116624217815
40240,6325.501032605239
39384,0.0
38528,10976.982862684066
37672,8642.649498203818
36816,8368.953836154331
35960,8170.318801389708
35104,8170.318801389708
34248,6129.029189247736
33392,0.0
32536,6081.653766797645
31680,6081.653766797645
30824,6081.653766797645
29968,6081.653766797645
29112,6127.006165843892
28256,6120.554927708036
27400,0.0
26544,10780.961848653007
25688,8642.649498203818
24832,8368.953836154331
23976,8170.318801389708
23120,8170.318801389708
22264,6120.554927708036
21408,0.0
20552,6081.653766797645
19696,6081.653766797645
18840,6081.653766797645
17984,6082.823220928258
17128,6145.5509602098355
16272,6433.168616475238
15416,0.0
14560,12420.741115706307
13704,9389.015710213553
12848,9285.569790124468
11992,8170.318801389708
11136,8170.318801389708
10280,6129.029189247736
9424,0.0
8568,6090.128028337345
7712,6090.128028337345
6856,6090.128028337345
6000,6081.653766797645
5144,6127.006165843892
4288,6120.554927708036
3432,0.0
2576,10846.937317329366
1720,8642.649498203818
864,8368.953836154331
8,8170.318801389708
40241,3586.2321837745176
39385,0.0
38529,8264.043331148612
37673,5980.177121054531
36817,6098.668001566484
35961,6079.309694942553
35105,6168.636427376786
34249,0.0
33393,0.0
32537,3380.1496073773233
31681,3321.997354376043
30825,3308.225341349818
29969,3328.5478611910876
29113,3549.3002278686877
28257,0.0
27401,0.0
26545,8965.992621600184
25689,6313.127173077659
24833,6383.820926812513
23977,6363.447696742304
23121,6219.595603293809
22265,3555.806212561684
21409,0.0
20553,3782.2886102097723
19697,3730.907004772994
18841,3717.288477520727
17985,3724.0028194163865
17129,4062.6182823981844
16273,3673.0236055233254
15417,0.0
14561,9405.924897708428
13705,6391.17674842672
12849,6704.533305326402
11993,6477.3133806508995
11137,6341.741643761414
10281,3606.035097788711
9425,0.0
8569,3940.2495596538165
7713,3890.0785204003355
6857,3758.883196214117
6001,3748.9715303105763
5145,3921.077000064112
4289,3527.03615577632
3433,0.0
2577,9124.031482554043
1721,6160.635154414699
865,6096.866394670098
9,5966.232649529416
40242,4460.412822947405
39386,0.0
38530,8068.762586794496
37674,6569.026922778936
36818,6333.356051562364
35962,6163.015068518273
35106,6179.0076803508855
34250,4390.264309548369
33394,0.0
32538,4544.805681980177
31682,4539.637024387769
30826,4534.410833911579
29970,4534.410833911579
29114,4573.361645522507
28258,4354.4055429316595
27402,0.0
26546,8109.0419374855655
25690,6412.635212664667
24834,6221.396843560796
23978,6165.912207302238
23122,6168.730664460446
22266,4322.057837327598
21410,0.0
20554,4501.283329904395
19698,4496.114672311987
18842,4523.028398807713
17986,4533.53224496156
17130,4627.90621656892
16274,4547.391676942421
15418,0.0
14562,8775.29554553598
13706,6667.26868220774
12850,6633.586692599741
11994,6442.486954815493
11138,6389.766900919212
10282,4437.195336677269
9426,0.0
8570,4600.616053387794
7714,4586.596067031557
6858,4567.044420941022
6002,4539.637024387769
5146,4578.587835998696
4290,4354.4055429316595
3434,0.0
2578,7911.808910004934
1722,6388.8842564370325
866,6216.109444254635
10,6160.624807996077
40243,6384.707096796455
39387,0.0
38531,9863.638673901683
37675,7546.55212872242
36819,7546.55212872242
35963,7546.55212872242
35107,7546.55212872242
34251,5977.559654102864
33395,0.0
32539,5811.528426377734
31683,5839.352001324266
30827,5839.352001324266
29971,5839.352001324266
29115,5980.463179697536
28259,5980.463179697536
27403,0.0
26547,9585.465236038628
25691,7546.55212872242
24835,7546.55212872242
23979,7534.760590260881
23123,7534.760590260881
22267,5980.463179697536
21411,0.0
20555,5839.352001324266
19699,5839.352001324266
18843,5839.352001324266
17987,5839.352001324266
17131,6169.9824841199725
16275,6400.338439084205
15419,0.0
14563,12430.192706613747
13707,8826.703047447083
12851,8808.075448177098
11995,7546.55212872242
11139,7546.55212872242
10283,5977.559654102864
9427,0.0
8571,5836.448475729593
7715,5836.448475729593
6859,5811.528426377734
6003,5811.528426377734
5147,5980.463179697536
4291,5980.463179697536
3435,0.0
2579,9728.739083583094
1723,7546.55212872242
867,7546.55212872242
11,7546.55212872242
40244,7485.746319504783
39388,0.0
38532,10199.91545883646
37676,7872.263399385463
36820,7872.263399385463
35964,7872.263399385463
35108,7872.263399385463
34252,6093.3710851484175
33396,0.0
32540,6039.340856820174
31684,6009.054739211307
30828,6009.054739211307
29972,6009.054739211307
29116,6048.964905851703
28260,6048.964905851703
27404,0.0
26548,9949.038894355535
25692,7872.263399385463
24836,7872.263399385463
23980,7872.263399385463
23124,7872.263399385463
22268,6048.964905851703
21412,0.0
20556,6009.054739211307
19700,6009.054739211307
18844,6009.054739211307
17988,6009.054739211307
17132,6218.1112628392
16276,6131.805738495327
15420,0.0
14564,10976.013907451348
13708,9740.26729753392
12852,10188.477103835081
11996,7872.263399385463
11140,7872.263399385463
10284,6205.766955739982
9428,0.0
8572,6082.412718784646
7716,6082.412718784646
6860,6039.340856820174
6004,6039.340856820174
5148,6048.964905851703
4292,6048.964905851703
3436,0.0
2580,10072.860917240936
1724,7872.263399385463
868,7872.263399385463
12,7872.263399385463
40245,6851.857046202189
39389,0.0
38533,9881.687882657141
37677,7569.77481368989
36821,7557.349883451432
35965,7557.349883451432
35109,7557.349883451432
34253,6162.966223397225
33397,0.0
32541,6047.365338966625
31685,6062.157162705784
30829,6062.157162705784
29973,6062.157162705784
29117,6152.837997784523
28261,6152.837997784523
27405,0.0
26549,9724.438180870127
25693,7557.349883451432
24837,7557.349883451432
23981,7557.349883451432
23125,7557.349883451432
22269,6152.837997784523
21413,0.0
20557,6062.157162705784
19701,6062.157162705784
18845,6062.157162705784
17989,6062.157162705784
17133,6404.085017481748
16277,6330.440191591889
15421,0.0
14565,12330.937532531343
13709,9162.045193224667
12853,9137.040808186144
11997,7569.77481368989
11141,7569.77481368989
10285,6162.966223397225
9429,0.0
8573,6072.285388318485
7717,6072.285388318485
6861,6047.365338966625
6005,6047.365338966625
5149,6152.837997784523
4293,6152.837997784523
3437,0.0
2581,9758.516171958363
1725,7557.349883451432
869,7557.349883451432
13,7557.349883451432
40246,3856.147931335396
39390,0.0
38534,9474.379491002466
37678,8374.042192595189
36822,8276.249075511903
35966,8277.80479397065
35110,7369.989579743519
34254,3756.038132981082
33398,0.0
32542,4057.4979675795244
31686,4028.993996204811
30830,4031.4722369455517
29974,4031.4722369455517
29118,4237.878941276288
28262,0.0
27406,0.0
26550,9378.214670102772
25694,8258.025681868146
24838,8100.826847813254
23982,8285.518072740177
23126,7689.975207159535
22270,3717.1027952738164
21414,0.0
20558,4189.545492699315
19702,4182.215665782733
18846,4198.089541444108
17990,4275.600756567705
17134,4508.142495081226
16278,3742.9928244431253
15422,0.0
14566,12065.620406106893
13710,8826.033359240218
12854,8747.299180720902
11998,8652.685309228495
11142,7866.635822126519
10286,3795.5357365134655
9430,0.0
8574,4219.84916740424
7718,4203.221232022049
6862,4215.214829905647
6006,4292.726045029243
5150,4489.327471572554
4294,3720.243194212244
3438,0.0
2582,9789.396562390215
1726,8580.329485958935
870,8394.061825761093
14,8414.084805660626
40247,4884.022747342451
39391,0.0
38535,8552.809291844598
37679,6462.860539166531
36823,6451.357347323832
35967,6451.357347323832
35111,6451.357347323832
34255,4785.76710859019
33399,0.0
32543,4013.1266720260624
31687,4004.566425986134
30831,4004.566425986134
29975,4004.566425986134
29119,4530.4437195432065
28263,4766.696550758729
27407,0.0
26551,8309.227070704854
25695,6462.860539166531
24839,6451.357347323832
23983,6451.357347323832
23127,6451.357347323832
22271,4766.696550758729
21415,0.0
20559,4006.5817515675294
19703,4006.5817515675294
18847,4006.5817515675294
17991,4006.5817515675294
17135,4781.5391006941245
16279,5027.9852468793215
15423,0.0
14567,10652.102927146922
13711,7863.4097120294655
12855,7943.456729422466
11999,6451.357347323832
11143,6451.357347323832
10287,4785.76710859019
9431,0.0
8575,4025.652309398989
7719,4025.652309398989
6863,4013.1266720260624
6007,4013.1266720260624
5151,4530.4437195432065
4295,4766.696550758729
3439,0.0
2583,8357.616271120427
1727,6462.860539166531
871,6451.357347323832
15,6451.357347323832
40248,3833.421985760023
39392,0.0
38536,7282.193820849744
37680,6060.220564534119
36824,5748.6559138402545
35968,5594.615733464647
35112,5683.1648790849995
34256,3704.821235272977
33400,0.0
32544,4041.5755836035414
31688,4041.5755836035414
30832,4036.7515812109923
29976,4036.7515812109923
29120,4200.484223073755
28264,0.0
27408,0.0
26552,6539.289690145245
25696,5407.373619474739
24840,5278.833806414811
23984,5260.171391286367
23128,5500.765627672233
22272,3706.2392006409423
21416,0.0
20560,4036.7515812109923
19704,4036.7515812109923
18848,4036.7515812109923
17992,4044.7611653571366
17136,4617.11110752539
16280,3803.776794782599
15424,0.0
14568,11231.707828374518
13712,6173.478085589534
12856,5914.12072812542
12000,5756.274453854825
11144,5709.368735332853
10288,3718.0969244960347
9432,0.0
8576,4041.5755836035414
7720,4041.5755836035414
6864,4041.5755836035414
6008,4041.5755836035414
5152,4200.484223073755
4296,3704.821235272977
3440,0.0
2584,7130.315264476772
1728,5698.574748828425
872,5316.078265273056
16,5228.967504707022
40249,5091.540506980437
39393,0.0
38537,8068.149071610429
37681,6762.08305918988
36825,6450.582741803369
35969,6413.105531555446
35113,6413.105531555446
34257,5062.75075106666
33401,0.0
32545,4306.731074962683
31689,4307.004499379181
30833,4311.742539690012
29977,4376.743662804364
29121,5070.502396127938
28265,5062.75075106666
27409,0.0
26553,8026.64150968537
25697,6652.590820553498
24841,6413.105531555446
23985,6413.105531555446
23129,6413.105531555446
22273,5062.75075106666
21417,0.0
20561,4305.790841266027
19705,4305.790841266027
18849,4310.528881576857
17993,4368.211702763551
17137,5080.778293563835
16281,5062.75075106666
15425,0.0
14569,8213.984693579445
13713,7086.761175827866
12857,8009.687008833944
12001,6910.830909248062
11145,6522.597770191829
10289,5062.75075106666
9433,0.0
8577,4341.00223101325
7721,4341.00223101325
6865,4311.469115273514
6009,4369.151936460209
5153,5070.502396127938
4297,5062.75075106666
3441,0.0
2585,8031.738907249046
1729,6652.590820553498
873,6413.105531555446
17,6413.105531555446
40250,6439.850355570672
39394,0.0
38538,11709.708770759882
37682,10080.299766364586
36826,9939.87782543748
35970,9523.394725517011
35114,9548.495915937823
34258,5993.60100356523
33402,0.0
32546,5827.569775840099
31690,5839.352001324266
30834,5839.352001324266
29978,5839.352001324266
29122,5980.463179697536
28266,5980.463179697536
27410,0.0
26554,11229.442115910851
25698,9584.456805647595
24842,9529.944859621157
23986,9321.369088817886
23130,9517.556456565186
22274,5980.463179697536
21418,0.0
20562,5839.352001324266
19706,5839.352001324266
18850,5839.352001324266
17994,5839.352001324266
17138,6270.579233634212
16282,6328.448981526885
15426,0.0
14570,13357.841508529636
13714,10692.801263970994
12858,10572.331151429174
12002,10030.288547091905
11146,10027.66190834975
10290,5993.60100356523
9434,0.0
8578,5852.489825191959
7722,5852.489825191959
6866,5827.569775840099
6010,5827.569775840099
5154,5980.463179697536
4298,5980.463179697536
3442,0.0
2586,10556.475003851776
1730,9612.826428872324
874,9541.621428782157
18,9324.15891194714
40251,9935.168826520377
39395,0.0
38539,14053.299322626104
37683,10646.940789286939
36827,9337.034707040322
35971,9345.912236723116
35115,9192.00188060592
34259,8725.22188898638
33403,0.0
32547,9684.047198300312
31691,9349.231086007036
30835,9279.336881848201
29979,9263.279474440793
29123,9190.238401630366
28267,8694.54478706456
27411,0.0
26555,13024.890366107218
25699,10209.337281480657
24843,9101.835200408548
23987,9053.013032900131
23131,8976.811582061982
22275,8623.98482493701
21419,0.0
20563,9664.39478436259
19707,9295.262296247067
18851,9237.621240658751
17995,9237.621240658751
17139,10265.812088050126
16283,9680.501840417644
15427,0.0
14571,13167.672608575473
13715,11325.988366691547
12859,10860.346985939414
12003,9946.249491997385
11147,9280.775484065327
10291,8823.271667365352
9435,0.0
8579,9914.518589814175
7723,9527.133061860755
6867,9332.497948974617
6011,9311.192550600634
5155,9224.997142371107
4299,8713.897274244047
3443,0.0
2587,13030.815650498753
1731,10263.428449124285
875,9142.478309097245
19,9083.96739515008
40252,8164.232552346689
39396,0.0
38540,14528.500690422452
37684,11181.290862485092
36828,9656.274418293928
35972,9556.565244245252
35116,9544.105336695175
34260,8050.229640252691
33404,0.0
32548,8057.972063281941
31692,7968.981894536063
30836,7821.231617795882
29980,7809.277509055007
29124,7857.686650469147
28268,7646.651219741255
27412,0.0
26556,13597.33523616415
25700,11069.539866722018
24844,9519.262291079129
23988,9489.242807704799
23132,9467.99357018734
22276,7557.299331422249
21420,0.0
20564,7816.102038947555
19708,7838.554480024996
18852,7861.071662564678
17996,7860.608109379358
17140,8182.295708243097
16284,8329.6885405398
15428,0.0
14572,17199.00366710117
13716,11238.544325928471
12860,9739.293857331382
12004,9608.665190255555
11148,9608.665190255555
10292,8115.73102914158
9436,0.0
8580,8212.68583295165
7724,8190.397884233703
6868,8033.11283026768
6012,7954.4114701180815
5156,7890.342798486201
4300,7657.649182704217
3444,0.0
2588,13533.01773886978
1732,11151.437391404661
876,9519.262291079129
20,9489.242807704799
40253,8715.045397981645
39397,0.0
38541,11846.051690115342
37685,9231.61861940685
36829,9075.612623690926
35973,8975.734938718057
35117,8965.144534677653
34261,8550.867114342984
33405,0.0
32549,6942.8090576035065
31693,6871.782319087393
30837,6783.726602331094
29981,6993.487857164223
29125,7440.423677384725
28269,8260.265472182025
27413,0.0
26557,11572.793423929943
25701,9042.83758608486
24845,8886.831590368936
23989,8842.46454414606
23133,8866.257909946926
22277,8250.379213163267
21421,0.0
20565,7098.9874518813385
19709,7126.0350348539205
18853,7092.028552633442
17997,7083.165591196729
17141,7926.554948418608
16285,8440.370349280349
15429,0.0
14573,11885.522417566133
13717,9375.701544221607
12861,9650.826907310346
12005,9031.24557746805
11149,9020.655173427645
10293,8715.045397981645
9437,0.0
8581,7047.9349642041825
7725,7010.2474642041825
6869,6856.420465757009
6013,6730.485292635815
5157,7270.55740705783
4301,8276.487653008024
3445,0.0
2589,11666.167910708326
1733,9066.536297560227
877,8927.477019661867
21,8842.46454414606
40254,4146.965844401168
39398,0.0
38542,7817.479889306026
37686,7053.341039409759
36830,5583.037176971444
35974,5474.025086157112
35118,5128.0920886540425
34262,3746.33255442978
33406,0.0
32550,3782.0039191261944
31694,3737.558095439954
30838,3548.730473157071
29982,3617.2343524443104
29126,3562.653142250637
28270,3568.59110969786
27414,0.0
26558,7506.833569412608
25702,6907.732383841546
24846,5340.238821111211
23990,5352.566198419389
23134,5135.28698995401
22278,3553.194145566047
21422,0.0
20566,3579.913700430444
19710,3626.7640746916463
18854,3686.0414112995286
17998,3841.9296039870255
17142,4114.375585621576
16286,3983.1612621733557
15430,0.0
14574,7793.223774417805
13718,7053.341039409759
12862,5799.854645988234
12006,5726.428840692338
11150,5274.504496348242
10294,3917.464569689488
9438,0.0
8582,3818.4214703303082
7726,3798.945229939274
6870,3707.950543599685
6014,3755.868541750314
5158,3611.124468476155
4302,3583.4719430311934
3446,0.0
2590,7573.635295001834
1734,6941.146135630693
878,5342.781507591398
22,5343.040156752723
40255,7512.1736570321855
39399,0.0
38543,10169.5636480749
37687,7686.405766387665
36831,7686.405766387665
35975,7686.405766387665
35119,7686.405766387665
34263,5982.591956914316
33407,0.0
32551,5878.13138529154
31695,5859.764020059196
30839,5859.764020059196
29983,5859.764020059196
29127,5950.104529994123
28271,5950.104529994123
27415,0.0
26559,9891.482352296012
25703,7686.405766387665
24847,7686.405766387665
23991,7686.405766387665
23135,7686.405766387665
22279,5950.104529994123
21423,0.0
20567,5859.764020059196
19711,5859.764020059196
18855,5859.764020059196
17999,5859.764020059196
17143,6135.140068889305
16287,6275.926228493591
15431,0.0
14575,10447.878160401639
13719,9016.784106223033
12863,9691.486005206618
12007,7686.405766387665
11151,7686.405766387665
10295,6147.908330791425
9439,0.0
8583,5933.029944691911
7727,5933.029944691911
6871,5878.13138529154
6015,5878.13138529154
5159,5950.104529994123
4303,5950.104529994123
3447,0.0
2591,10027.216350061079
1735,7686.405766387665
879,7686.405766387665
23,7686.405766387665
40256,8073.693039817774
39400,0.0
38544,8082.741902892349
37688,6404.197450876657
36832,6061.337026308156
35976,6061.337026308156
35120,6061.337026308156
34264,0.0
33408,0.0
32552,4599.267466809133
31696,4584.145869356199
30840,4584.145869356199
29984,4609.634081310707
29128,4870.580184226454
28272,0.0
27416,0.0
26560,7307.996103371525
25704,6254.724505045265
24848,5941.89381373262
23992,5941.89381373262
23136,5941.89381373262
22280,7744.897446319429
21424,0.0
20568,4584.145869356199
19712,4584.145869356199
18856,4584.145869356199
18000,4609.634081310707
17144,4880.856081662351
16288,7885.175306928951
15432,0.0
14576,7968.345582182972
13720,6327.005057597171
12864,6647.676461709789
12008,6162.638585576615
11152,5949.95500420881
10296,7757.143904236374
9440,0.0
8584,4599.267466809133
7728,4599.267466809133
6872,4599.267466809133
6016,4624.755678763641
5160,4870.580184226454
4304,7744.897446319429
3448,0.0
2592,7337.946425141259
1736,6262.785695521456
880,5949.95500420881
24,5949.95500420881
40257,8757.577286863698
39401,0.0
38545,10925.89155530437
37689,8372.697956686909
36833,8372.697956686909
35977,8372.697956686909
35121,8372.697956686909
34265,8613.563067542313
33409,0.0
32553,7169.899692594172
31697,7101.607994741996
30841,7062.112741687229
29985,7115.661732680755
29129,7298.235944616504
28273,8568.259257193504
27417,0.0
26561,10803.82403973335
25705,8372.697956686909
24849,8372.697956686909
23993,8372.697956686909
23137,8372.697956686909
22281,8568.259257193504
21425,0.0
20569,7187.508481532419
19713,7128.6814488643295
18857,7115.661732680755
18001,7115.661732680755
17145,7333.381742315375
16289,8608.960930366955
15433,0.0
14577,11531.300122411145
13721,11090.823405780846
12865,11387.894457145945
12009,8372.697956686909
11153,8372.697956686909
10297,8736.638754100166
9441,0.0
8585,7215.885583738699
7729,7140.708900720961
6873,7098.052943742508
6017,7098.052943742508
5161,7271.162490494169
4305,8568.259257193504
3449,0.0
2593,10778.897278715955
1737,8372.697956686909
881,8372.697956686909
25,8372.697956686909
40258,6355.707990132564
39402,0.0
38546,12633.408129561076
37690,10859.467245057032
36834,10863.378552037091
35978,10582.121394749938
35122,10489.546963533006
34266,5988.873190568082
33410,0.0
32554,5822.841962842952
31698,5834.624188327118
30842,5834.624188327118
29986,5834.624188327118
29130,5975.735366700389
28274,5975.735366700389
27418,0.0
26562,11902.964472124557
25706,10020.846483460591
24850,9970.235922493779
23994,9956.189811382668
23138,10002.404497992356
22282,5975.735366700389
21426,0.0
20570,5834.624188327118
19714,5834.624188327118
18858,5834.624188327118
18002,5834.624188327118
17146,6242.774025086381
16290,6429.121225376284
15434,0.0
14578,14042.592593703514
13722,11490.102564405908
12866,11580.499841739773
12010,10470.978573731434
11154,10594.568781764141
10298,5988.873190568082
9442,0.0
8586,5847.762012194811
7730,5847.762012194811
6874,5822.841962842952
6018,5822.841962842952
5162,5975.735366700389
4306,5975.735366700389
3450,0.0
2594,12359.593288569962
1738,10249.522257593868
882,10227.862257593868
26,10117.917991720848
40259,9797.897977402032
39403,0.0
38547,10673.318792604006
37691,10076.316096131955
36835,9915.860357547766
35979,9579.091248569208
35123,9558.265101183732
34267,9356.640814351242
33411,0.0
32555,8847.178475269156
31699,7954.142423079838
30843,7910.981518018767
29987,7894.946560664031
29131,8598.253488677665
28275,0.0
27419,0.0
26563,10313.677200546304
25707,9644.139880952587
24851,9320.381788608809
23995,9271.651453269656
23139,9366.96920184902
22283,9192.497665738601
21427,0.0
20571,8744.785971106654
19715,7819.859165185802
18859,7866.508154566794
18003,7908.904353574532
17147,8726.799283219902
16291,9567.444818310365
15435,0.0
14579,11939.41105171164
13723,10182.274385873747
12867,10305.904422891208
12011,10332.537136285986
11155,10058.590164128394
10299,9375.20948006385
9443,0.0
8587,9175.218857170828
7731,8563.674958801825
6875,8386.712786095097
6019,7964.162996289898
5163,8638.819278383677
4307,9194.556844135175
3451,0.0
2595,10426.332271810343
1739,9799.889643119966
883,9545.464837316364
27,9393.61730395354
40260,6623.775496716067
39404,0.0
38548,8043.061497088618
37692,6666.798330133013
36836,6383.207685327367
35980,6370.909315683212
35124,6370.909315683212
34268,6387.748756356888
33412,0.0
32556,4574.844958365177
31700,4538.6726955338445
30844,4498.02436332218
29988,4516.863709020881
29132,4848.029093875089
28276,6340.8920808564635
27420,0.0
26564,8023.524565848206
25708,6658.6709408556235
24852,6370.909315683212
23996,6370.909315683212
23140,6370.909315683212
22284,6369.587709302092
21428,0.0
20572,4539.548030360655
19716,4517.777602965054
18860,4522.183842281293
18004,4522.183842281293
17148,5360.144147579787
16292,6653.7358149032125
15436,0.0
14580,8085.0403351468785
13724,6720.195179289268
12868,6972.200339256779
12012,6559.345739935374
11156,6383.207685327367
10300,6400.573580985665
9444,0.0
8588,4568.900819096569
7732,4526.4909669993
6876,4528.634840796626
6020,4528.634840796626
5164,4869.335798855932
4308,6355.40654119958
3452,0.0
2596,8002.588516506986
1740,6676.090637825321
884,6370.909315683212
28,6370.909315683212
40261,4865.88866166241
39405,0.0
38549,9492.59347578432
37693,7424.505160207246
36837,7021.831837955132
35981,6949.172646942419
35125,6949.172646942419
34269,4106.969048266547
33413,0.0
32557,4534.871822256616
31701,4477.783155232656
30845,4427.944306654764
29989,4482.828354273811
29133,4715.70894709211
28277,4192.2362506475
27421,0.0
26565,8871.343970302392
25709,7220.837670127975
24853,6915.221661671163
23997,6805.992020205541
23141,6924.455980275753
22285,4118.889603822103
21429,0.0
20573,4512.1833549778985
19717,4493.709644660438
18861,4513.641271644565
18005,4581.82470131753
17149,4843.485861778901
16293,4270.3291745291735
15437,0.0
14581,9289.424236134017
13725,7381.696317614655
12869,6975.248689806985
12013,6850.185580787673
11157,6866.029118202639
10301,4347.852324481074
9445,0.0
8589,4582.166341523945
7733,4577.316758190613
6877,4347.205172139125
6021,4373.275085771244
5165,4297.451789526949
4309,4157.917484113108
3453,0.0
2597,9100.93116186267
1741,7263.909872326128
885,6874.544084828443
29,6752.898495650401
40262,5517.8680411790965
39406,0.0
38550,5322.70259853422
37694,5272.430905884489
36838,4926.718123755277
35982,4954.698836237239
35126,4896.192131628496
34270,5350.195610508454
33414,0.0
32558,4624.878168163267
31702,4510.405892905007
30846,4337.543890050155
29990,4402.148794892516
29134,4485.365745100528
28278,5294.557154646367
27422,0.0
26566,5207.057061902237
25710,5240.782923681507
24854,4777.8897937957045
23998,4823.456309676102
23142,4775.664074163077
22286,5279.370864350784
21430,0.0
20574,4407.721805463172
19718,4420.164710174784
18862,4407.922018977094
18006,4441.097446601769
17150,4621.011547729326
16294,5307.165504024834
15438,0.0
14582,5361.979102870526
13726,5276.9695632918965
12870,4884.322221584431
12014,4871.330820398595
11158,4800.9404109488205
10302,5350.195610508454
9446,0.0
8590,4464.617431997698
7734,4458.060407983065
6878,4434.4425262226
6022,4476.600831606771
5166,4548.409612170616
4310,5339.427985339416
3454,0.0
2598,5241.120971834897
1742,5243.287678972512
886,4771.203847353801
30,4805.559113234199
40263,7165.018583020372
39407,0.0
38551,8438.799271707032
37695,6766.814842327409
36839,6693.142863104002
35983,6584.665216900411
35127,6586.375369565931
34271,6784.072155034289
33415,0.0
32559,5414.194062416945
31703,5367.753612681495
30847,5318.922652614873
29991,5320.6917002339205
29135,6614.347258225036
28279,0.0
27423,0.0
26567,8617.565924576302
25711,6591.961308897889
24855,6550.617126086791
23999,6502.569728243464
23143,6532.736927346444
22287,8163.541759551677
21431,0.0
20575,5353.77360112873
19719,5350.098786313914
18863,5315.734941871319
18007,5351.914959508003
17151,7428.964504318702
16295,8242.571199515187
15439,0.0
14583,12538.977877461135
13727,7109.344538341885
12871,7239.748760273565
12015,7133.207755528422
11159,6834.339113061694
10303,8678.086356263453
9447,0.0
8591,5436.484248097955
7735,5441.926629050336
6879,5371.899426799971
6023,5360.924427749314
5167,7346.698423094858
4311,8190.595760981987
3455,0.0
2599,9379.515646633832
1743,6586.1401827193295
887,6533.318029757204
31,6548.479947672622
40264,9154.194936822436
39408,0.0
38552,15779.384397946103
37696,12824.22738668144
36840,12598.798617205299
35984,11625.133141555922
35128,11595.617637337918
34272,9121.729266034888
33416,0.0
32560,9090.268645472335
31704,9066.01125200977
30848,9014.02685752807
29992,9106.319209434063
29136,9115.343960146314
28280,8656.488411595212
27424,0.0
26568,14970.185556290022
25712,12173.610815317003
24856,12229.114128373341
24000,11343.333519164877
23144,11562.081630212324
22288,8448.360520852602
21432,0.0
20576,9056.732985009094
19720,9114.365286596394
18864,9174.065828932968
18008,9185.040323319758
17152,9791.337201455952
16296,9201.381529137285
15440,0.0
14584,17319.159162661956
13728,12855.871602238058
12872,12951.12791536937
12016,12307.076181471257
11160,12062.628478919178
10304,9023.932420288043
9448,0.0
8592,9486.58646763718
7736,9474.922542198583
6880,9305.080880601285
6024,8960.247176463476
5168,8975.842350883664
4312,8596.77064006119
3456,0.0
2600,15883.085484937365
1744,11969.853421903379
888,12026.403851361832
32,11364.313030648766
40265,6599.9302030042145
39409,0.0
38553,9741.39337329943
37697,7816.496890384723
36841,7372.541102310549
35985,7396.161831733569
35129,7418.836385066367
34273,6572.343434584726
33417,0.0
32561,5656.637550172133
31705,5622.291636993546
30849,5654.065864085898
29993,5773.000175593957
29137,5983.053857502015
28281,6572.343434584726
27425,0.0
26569,9399.369642190732
25713,7780.871347875027
24857,7364.1774899164875
24001,7403.554559208789
23145,7438.350408837883
22289,6572.343434584726
21433,0.0
20577,5800.687439135294
19721,5770.264341613272
18865,5741.72913959307
18009,5776.9229912505225
17153,5993.329754937911
16297,6572.343434584726
15441,0.0
14585,10557.956505996164
13729,7853.87459539469
12873,7634.774666190353
12017,7543.920491268965
11161,7493.624962811679
10305,6572.343434584726
9449,0.0
8593,5673.37635107711
7737,5635.299414771323
6881,5606.764212751122
6025,5641.958064408574
5169,5962.786264909421
4313,6572.343434584726
3457,0.0
2601,9664.095405503273
1745,7765.775780903947
889,7364.1774899164875
33,7403.554559208789
40266,5650.455551492514
39410,0.0
38554,7447.769227617017
37698,6384.695776688546
36842,6051.201518470141
35986,6065.3486938236165
35130,6163.851068105599
34274,5604.71285774835
33418,0.0
32562,4151.376744037308
31706,4120.890791347195
30850,4120.890791347195
29994,4228.55441411216
29138,5084.359562992204
28282,5604.71285774835
27426,0.0
26570,6992.5744666139335
25714,6300.223417149053
24858,5990.995257559179
24002,6002.578935620594
23146,6096.346372518532
22290,5604.71285774835
21434,0.0
20578,4146.986587740514
19722,4146.986587740514
18866,4146.986587740514
18010,4231.380864806776
17154,5084.359562992204
16298,5604.71285774835
15442,0.0
14586,7620.182604159843
13730,6391.067560278581
12874,7466.904266186832
12018,6502.172783172259
11162,6144.295811695342
10306,5604.71285774835
9450,0.0
8594,4183.573841708354
7738,4177.387069221581
6882,4151.376744037308
6026,4228.673694230968
5170,5084.359562992204
4314,5604.71285774835
3458,0.0
2602,7237.8018599166235
1746,6287.582556284191
890,5989.211563670007
34,6018.534330993877
40267,4692.22367755325
39411,0.0
38555,7851.971847870241
37699,6597.777564816905
36843,6738.09560764941
35987,6691.438933876813
35131,6691.438933876813
34275,4585.343393252038
33419,0.0
32563,4424.37875423324
31707,4424.37875423324
30851,4419.152563757049
29995,4419.152563757049
29139,4454.481220339163
28283,0.0
27427,0.0
26571,7371.542088406252
25715,6582.24449265438
24859,6548.6508946240465
24003,6489.812481085366
23147,6489.812481085366
22291,4508.757302868212
21435,0.0
20579,4380.8564021574575
19723,4380.8564021574575
18867,4410.169017542073
18011,4420.67286369592
17155,4553.9315412557235
16299,4709.070028287789
15443,0.0
14587,8396.643035437777
13731,6675.192557600102
12875,6872.059530834353
12019,6663.453171056923
11163,6489.812481085366
10307,4626.944869553514
9451,0.0
8595,4480.189125640856
7739,4471.337796877026
6883,4451.786150786491
6027,4424.37875423324
5171,4459.707410815353
4315,4549.484626635328
3459,0.0
2603,7435.680900204476
1747,6610.091412170051
891,6548.6508946240465
35,6489.812481085366
40268,6474.451385517061
39412,0.0
38556,10236.101905327065
37700,9078.046874610949
36844,8832.930113193439
35988,8649.808208511207
35132,8498.02201653129
34276,6322.851807586679
33420,0.0
32564,6379.226222766121
31708,6340.50135836438
30852,6353.085046506304
29996,6348.439738383055
29140,6348.439738383055
28284,6296.766286185136
27428,0.0
26572,9544.326187197912
25716,8904.556476705913
24860,8720.728418506873
24004,8459.14195354853
23148,8390.299377139168
22292,6289.67950457594
21436,0.0
20580,6377.346584014069
19724,6393.864757955043
18868,6433.322012114282
18012,6567.939152398158
17156,6643.221186899121
16300,6769.619660570852
15444,0.0
14588,10559.435254902502
13732,9401.415319767848
12876,9712.25381407916
12020,8996.905672854336
11164,8604.251394838167
10308,6364.65049062806
9452,0.0
8596,6416.393028189972
7740,6347.6032573425955
6884,6360.186945484519
6028,6327.695705128728
5172,6327.695705128728
4316,6296.766286185136
3460,0.0
2604,9347.754345972779
1748,8954.952006589972
892,8794.690139874494
36,8534.8926889833
40269,2911.3650897153016
39413,0.0
38557,7067.922540326026
37701,5508.660449222381
36845,5562.861579545127
35989,5562.861579545127
35133,5562.861579545127
34277,2885.367078440993
33421,0.0
32565,3586.417020429233
31709,3540.9392882481256
30853,3481.239750113772
29997,3474.1296539599252
29141,3493.3346455584783
28285,2873.3262605397586
27429,0.0
26573,7037.856204347191
25717,5487.948276450323
24861,5562.861579545127
24005,5562.861579545127
23149,5562.861579545127
22293,2888.6049322189565
21437,0.0
20581,3557.491277362387
19725,3532.072685452247
18869,3477.311746947047
18013,3528.0572777535467
17157,3592.2325733170205
16301,2886.877406966431
15445,0.0
14589,7130.516249826144
13733,5669.369818055794
12877,6668.359108461376
12021,6038.633590988934
11165,5562.861579545127
10309,2917.9928746487767
9453,0.0
8597,3642.15040606661
7741,3611.6770416381205
6885,3503.7083633688094
6029,3509.913779537667
5173,3574.0890751011398
4317,2881.629343092281
3461,0.0
2605,7037.856204347191
1749,5496.884658564144
893,5562.861579545127
37,5562.861579545127
40270,7604.441153981385
39414,0.0
38558,10305.983107929613
37702,7872.263399385463
36846,7872.263399385463
35990,7872.263399385463
35134,7872.263399385463
34278,6092.100877184759
33422,0.0
32566,6087.936624973781
31710,6069.569259741437
30854,6069.569259741437
29998,6069.569259741437
29142,6069.569259741437
28286,6069.569259741437
27430,0.0
26574,9953.469349744459
25718,7872.263399385463
24862,7872.263399385463
24006,7872.263399385463
23150,7872.263399385463
22294,6069.569259741437
21438,0.0
20582,6069.569259741437
19726,6069.569259741437
18870,6069.569259741437
18014,6069.569259741437
17158,6186.784221534844
16302,6402.69104509683
15446,0.0
14590,10565.205470224299
13734,9066.52252898127
12878,9689.59516857477
12022,7872.263399385463
11166,7872.263399385463
10310,6313.039733677883
9454,0.0
8598,6121.0526774613845
7742,6121.0526774613845
6886,6087.936624973781
6030,6087.936624973781
5174,6069.569259741437
4318,6069.569259741437
3462,0.0
2606,9783.44324906915
1750,7872.263399385463
894,7872.263399385463
38,7872.263399385463
40271,5196.211134365308
39415,0.0
38559,6807.493223936343
37703,5997.482648256341
36847,5530.134716711237
35991,5444.147276690244
35135,5329.699331938917
34279,5125.419215979792
33423,0.0
32567,3631.706033597495
31711,3628.2729444644065
30855,3595.4185673506477
29999,3634.299895794938
29143,4625.677227077411
28287,5125.419215979792
27431,0.0
26575,6583.309132717784
25719,5604.228109216141
24863,5153.900891789741
24007,5153.900891789741
23151,5230.66736630107
22295,5125.419215979792
21439,0.0
20583,3580.5844355720806
19727,3580.5844355720806
18871,3595.352974324994
18015,3661.668345541327
17159,4707.950921357622
16303,5125.419215979792
15447,0.0
14591,6734.28889929108
13735,6143.583238505637
12879,7467.135283321913
12023,6237.657917529611
11167,5544.445824404934
10311,5125.419215979792
9455,0.0
8599,3648.3922580910425
7743,3650.4835014772857
6887,3625.976771933233
6031,3647.2050724701144
5175,4618.901327456199
4319,5125.419215979792
3463,0.0
2607,6539.901000989083
1751,5620.946762835339
895,5150.120735134197
39,5139.186985134197
40272,7557.935648774607
39416,0.0
38560,10586.520183417784
37704,8319.388391704897
36848,8319.388391704897
35992,8321.060058371564
35136,8321.060058371564
34280,7475.245460253886
33424,0.0
32568,7018.486546530258
31712,7004.905611851154
30856,7004.905611851154
30000,7004.905611851154
29144,7253.2043849185275
28288,0.0
27432,0.0
26576,10411.58459670414
25720,8315.359154416761
24864,8315.359154416761
24008,8315.359154416761
23152,8315.359154416761
22296,7446.7002856997915
21440,0.0
20584,7004.905611851154
19728,7004.905611851154
18872,7004.905611851154
18016,7004.905611851154
17160,7311.605150809476
16304,7229.295168848751
15448,0.0
14592,13736.662579215985
13736,9120.230280222797
12880,9296.778532198103
12024,8315.359154416761
11168,8315.359154416761
10312,7475.245460253886
9456,0.0
8600,7033.450786405248
7744,7033.450786405248
6888,7018.486546530258
6032,7018.486546530258
5176,7253.2043849185275
4320,7446.7002856997915
3464,0.0
2608,10439.641924107995
1752,8315.359154416761
896,8315.359154416761
40,8315.359154416761
40273,6985.170981517129
39417,0.0
38561,10912.461911431203
37705,7666.550019828284
36849,7612.609636337934
35993,7594.913551583212
35137,7622.21828041919
34281,6759.323898692545
33425,0.0
32569,5987.031976483135
31713,5825.828029634641
30857,5942.777282442019
30001,6120.282063998254
29145,6265.439109937233
28289,0.0
27433,0.0
26577,9637.402012202145
25721,7489.961183465013
24865,7443.110914388248
24009,7413.514207212055
23153,7440.818936048035
22297,6274.340402412402
21441,0.0
20585,5039.740339770825
19729,5065.815096264329
18873,5422.391660421132
18017,5444.904805959232
17161,5876.573223236664
16305,6404.261044709376
15449,0.0
14593,11715.122381081344
13737,9335.353631938146
12881,9538.776721530068
12025,7449.223066502969
11169,7476.527795338949
10313,6675.800245670799
9457,0.0
8601,5545.572290046667
7745,5545.572290046667
6889,5596.129839811717
6033,5566.380983319626
5177,5685.73169977935
4321,6294.0650267464025
3465,0.0
2609,9793.032580287187
1753,7451.610480762943
897,7410.672106273071
41,7394.790769603116
40274,6994.751191000818
39418,0.0
38562,8290.336755623588
37706,7562.8305503883785
36850,7562.8305503883785
35994,7562.8305503883785
35138,7562.8305503883785
34282,6092.100877184759
33426,0.0
32570,6087.936624973781
31714,6069.569259741437
30858,6069.569259741437
30002,6069.569259741437
29146,6069.569259741437
28290,6069.569259741437
27434,0.0
26578,7690.081718611854
25722,7562.8305503883785
24866,7562.8305503883785
24010,7562.8305503883785
23154,7562.8305503883785
22298,6069.569259741437
21442,0.0
20586,6069.569259741437
19730,6069.569259741437
18874,6069.569259741437
18018,6069.569259741437
17162,6216.271809261459
16306,6062.529978074271
15450,0.0
14594,8662.21791833602
13738,8364.304935689543
12882,9395.030960348375
12026,7562.8305503883785
11170,7562.8305503883785
10314,6189.715017429377
9458,0.0
8602,6132.879374897282
7746,6132.879374897282
6890,6087.936624973781
6034,6087.936624973781
5178,6069.569259741437
4322,6069.569259741437
3466,0.0
2610,8075.395499704329
1754,7562.8305503883785
898,7562.8305503883785
42,7562.8305503883785
40275,9218.848000999731
39419,0.0
38563,9629.728442978338
37707,8212.646633029402
36851,8192.976221958988
35995,8107.087011928112
35139,8282.240637311248
34283,8539.208303828018
33427,0.0
32571,6410.667495525845
31715,6363.08826989893
30859,6387.302184853801
30003,6668.204764157067
29147,7992.522391469575
28291,8513.342457523442
27435,0.0
26579,9146.158976289504
25723,8022.787010652967
24867,8022.787010652967
24011,8022.787010652967
23155,8245.666007735144
22299,8513.342457523442
21443,0.0
20587,6633.395009825272
19731,6601.0569207668395
18875,6611.0645927245105
18019,6586.085927322309
17163,8270.488924032441
16307,8782.055147628444
15451,0.0
14595,11853.997343913756
13739,8470.899788275561
12883,8630.5567082527
12027,8323.977958703825
11171,8334.975148085985
10315,9190.499510783808
9459,0.0
8603,6454.270168475289
7747,6413.87467200945
6891,6378.832928593434
6035,6370.159229066598
5179,7992.522391469575
4323,8513.342457523442
3467,0.0
2611,9403.863078483371
1755,7985.352961013804
899,7968.992506468348
43,7962.654142040487
40276,7312.632107522106
39420,0.0
38564,9404.213062843706
37708,7274.981632486577
36852,7204.786141913282
35996,7035.255668004017
35140,7083.155287730696
34284,7256.937001308875
33428,0.0
32572,6055.872182089948
31716,6025.567059067338
30860,5993.742631578161
30004,5985.857674868204
29148,5499.697052886869
28292,6807.6831923863165
27436,0.0
26580,9506.04698561842
25724,7077.795333894831
24868,7006.902581369578
24012,6981.876782996836
23156,7059.069837066947
22300,6943.416550602174
21444,0.0
20588,5698.077013455696
19732,5684.44574722193
18876,5702.192917908385
18020,5702.192917908385
17164,6039.004204538763
16308,6976.2136339355075
15452,0.0
14596,13579.384239149682
13740,7413.762838682907
12884,7378.763078279182
12028,7381.78832722804
11172,7280.579807105431
10316,6936.377402666777
9460,0.0
8604,6404.037076754169
7748,6305.248894380987
6892,6289.633491018824
6036,6329.245959522542
5180,5813.782094846798
4324,6935.619605047729
3468,0.0
2612,9932.774470789444
1756,6988.356995765422
900,6917.464243240169
44,6897.67020815245
40277,4732.673759789647
39421,0.0
38565,7292.573700017481
37709,6729.066586715176
36853,6591.569503237878
35997,6478.356208608702
35141,6327.93601657851
34285,4674.257538670081
33429,0.0
32573,4796.406281089687
31717,4756.588417367648
30861,4756.588417367648
30005,5163.007770813506
29149,4699.493657737254
28293,4696.498876498918
27437,0.0
26581,7051.8152335891045
25725,6519.614298888681
24869,6492.476495858379
24013,6462.347506461177
23157,6325.038425542096
22301,4656.8141735167155
21445,0.0
20589,4796.165068006783
19733,4761.919878751594
18877,4771.789109520824
18021,5238.628362557832
17165,4755.8354201165
16309,4695.771192747485
15453,0.0
14597,8814.53990271303
13741,6979.694442426227
12885,6947.316960093064
12029,6770.699424041826
11173,6350.281386053016
10317,4749.726616932505
9461,0.0
8605,4819.8987320279475
7749,4780.0808683059095
6893,4780.0808683059095
6037,5196.409183391978
5181,4714.160284499691
4325,4680.280184172728
3469,0.0
2613,7296.972032576498
1757,6528.2659176522575
901,6474.175187271528
45,6378.646838291991
40278,4645.090025072399
39422,0.0
38566,9644.348761217068
37710,7525.626116166898
36854,7179.839374623469
35998,7179.839374623469
35142,7179.839374623469
34286,4645.090025072399
33430,0.0
32574,6156.078491116492
31718,6054.467516864723
30862,5966.40864361551
30006,5975.8864213932875
29150,5991.159106578474
28294,4645.090025072399
27438,0.0
26582,9644.348761217068
25726,7525.626116166898
24870,7179.839374623469
24014,7179.839374623469
23158,7179.839374623469
22302,4645.090025072399
21446,0.0
20590,6161.840612328611
19734,6059.8564436324
18878,5975.8864213932875
18022,5977.273689911806
17166,5992.546375096991
16310,4645.090025072399
15454,0.0
14598,9772.51296222653
13742,7616.043834220599
12886,8027.117618432069
12030,7457.245161931594
11174,7179.839374623469
10318,4645.090025072399
9462,0.0
8606,6156.078491116492
7750,6045.6154335313895
6894,5967.4075325044
6038,5967.4075325044
5182,5981.681328800695
4326,4645.090025072399
3470,0.0
2614,9644.348761217068
1758,7525.626116166898
902,7179.839374623469
46,7179.839374623469
40279,6474.400061682845
39423,0.0
38567,9630.78834417899
37711,7466.085692150156
36855,7466.085692150156
35999,7466.085692150156
35143,7466.085692150156
34287,6002.874791306603
33431,0.0
32575,5836.843563581472
31719,5851.635387320631
30863,5851.635387320631
30007,5851.635387320631
29151,5992.746565693902
28295,5992.746565693902
27439,0.0
26583,9293.86706769717
25727,7466.085692150156
24871,7466.085692150156
24015,7466.085692150156
23159,7466.085692150156
22303,5992.746565693902
21447,0.0
20591,5851.635387320631
19735,5851.635387320631
18879,5851.635387320631
18023,5851.635387320631
17167,6133.322693995473
16311,6442.197375608473
15455,0.0
14599,10238.33696933332
13743,8848.00472472187
12887,9171.390220463394
12031,7466.085692150156
11175,7466.085692150156
10319,6002.874791306603
9463,0.0
8607,5861.763612933332
7751,5861.763612933332
6895,5836.843563581472
6039,5836.843563581472
5183,5992.746565693902
4327,5992.746565693902
3471,0.0
2615,9410.996385326802
1759,7466.085692150156
903,7466.085692150156
47,7466.085692150156
40280,11496.88543151701
39424,0.0
38568,15553.393104805053
37712,13340.50734858508
36856,13325.160913397996
36000,13170.37564559016
35144,13221.213201465931
34288,11496.88543151701
33432,0.0
32576,8913.59380604949
31720,8798.49986793704
30864,8727.434767104416
30008,8958.503418522858
29152,10458.140271531302
28296,11285.351211358085
27440,0.0
26584,14370.342334786672
25728,12489.909280237305
24872,12442.195574989128
24016,12564.031272708718
23160,12711.202003724828
22304,11029.463162161912
21448,0.0
20592,8459.820400412551
19736,8443.926924582825
18880,8653.208804808442
18024,8995.441031518165
17168,10799.050207292707
16312,11389.628690083066
15456,0.0
14600,15479.362157877667
13744,13397.415357836608
12888,13830.03632406945
12032,13691.932540406124
11176,13615.807282477512
10320,11485.450114056694
9464,0.0
8608,8886.544493826386
7752,8839.539632715274
6896,8996.174068028457
6040,9109.169495261072
5184,10448.3833965313
4328,11375.225319083149
3472,0.0
2616,14563.474623524626
1760,12662.069453166228
904,12534.554322781096
48,12718.971799680141
40281,7396.987576766848
39425,0.0
38569,7584.28941080866
37713,6966.1357958824865
36857,6377.89725486655
36001,6384.933778959487
35145,6476.65634587993
34289,7396.987576766848
33433,0.0
32577,5712.902717208433
31721,5712.902717208433
30865,5704.809844032229
30009,5704.809844032229
29153,6540.569123507893
28297,7396.987576766848
27441,0.0
26585,7208.662581458821
25729,6898.766024456331
24873,6308.569079378768
24017,6313.042106179647
23161,6400.029735716044
22305,7396.987576766848
21449,0.0
20593,5712.902717208433
19737,5712.902717208433
18881,5704.809844032229
18025,5704.809844032229
17169,6565.378460926949
16313,7396.987576766848
15457,0.0
14601,7730.54241066822
13745,6940.477259030099
12889,7104.4851175712765
12033,6636.4787907359305
11177,6435.749260838535
10321,7396.987576766848
9465,0.0
8609,5722.766564243415
7753,5722.766564243415
6897,5704.809844032229
6041,5704.809844032229
5185,6540.569123507893
4329,7396.987576766848
3473,0.0
2617,7384.617171612099
1761,6890.333929117881
905,6294.555471435277
49,6316.76758749861
40282,6716.267838638575
39426,0.0
38570,12092.073977276334
37714,9758.046910960109
36858,9170.364038535214
36002,8678.905081881234
35146,8643.66355249998
34290,6040.389470080332
33434,0.0
32578,6938.593196501885
31722,6924.4102224813
30866,6935.703754227331
30010,7025.997871586837
29154,7025.997871586837
28298,6040.389470080332
27442,0.0
26586,11328.792508591836
25730,9475.959222842659
24874,8989.407678939991
24018,8566.38422433568
23162,8583.456579071586
22306,6025.361956852818
21450,0.0
20594,7043.949553416217
19738,7042.238384951186
18882,7042.238384951186
18026,7055.514264072065
17170,7113.168123116121
16314,6244.1898594616905
15458,0.0
14602,11661.832046792908
13746,10262.090944952683
12890,10218.85557654881
12034,8780.67840458004
11178,8691.811650331063
10322,6220.111206880406
9466,0.0
8610,6955.93166039728
7754,6927.414242037453
6898,6921.161742037452
6042,6910.100996052668
5186,6904.761531766954
4330,6040.389470080332
3474,0.0
2618,11411.951296363459
1762,9457.460373575774
906,8946.246671092224
50,8554.338243188064
40283,7953.050984983171
39427,0.0
38571,9589.729919953585
37715,7915.188097583285
36859,7818.866788409059
36003,7491.045333424596
35147,7449.367833424595
34291,7822.128045251613
33435,0.0
32579,6675.103016199748
31723,6636.882730831675
30867,6636.882730831675
30011,6636.882730831675
29155,7385.648577093044
28299,7727.333021252571
27443,0.0
26587,8862.086599651007
25731,7364.161041587651
24875,7371.8343199553865
24019,7332.457602960389
23163,7343.010519627055
22307,7727.333021252571
21451,0.0
20595,6636.882730831675
19739,6636.882730831675
18883,6636.882730831675
18027,6636.882730831675
17171,7465.174984314509
16315,8091.5564316669925
15459,0.0
14603,10465.84316676645
13747,8947.639872747524
12891,8959.348560473829
12035,8335.573396477004
11179,7998.61528755644
10323,7843.2500900941695
9467,0.0
8611,6931.1296825156605
7755,6888.117774594729
6899,6604.286453502651
6043,6604.286453502651
5187,7359.080661743847
4331,7727.333021252571
3475,0.0
2619,9002.107067362347
1763,7510.207136378671
907,7559.4739061306755
51,7503.569425109515
40284,8268.341393043605
39428,0.0
38572,11394.471251385981
37716,9663.886948029354
36860,9440.260599262598
36004,9207.869410051406
35148,9135.255797770262
34292,7971.1374855253725
33436,0.0
32580,7598.367815313668
31724,7598.367815313668
30868,7601.363351027953
30012,7601.363351027953
29156,7968.728770126095
28300,7944.355060311697
27444,0.0
26588,10840.565274076203
25732,9116.740756926827
24876,8910.72761904819
24020,8910.72761904819
23164,8951.081192646268
22308,7823.31473939723
21452,0.0
20596,7474.335415560845
19740,7474.335415560845
18884,7538.548243704924
18028,7610.86153493036
17172,8101.960826696545
16316,8243.495443900003
15460,0.0
14604,12291.244165445134
13748,9664.637977025204
12892,9496.490335918486
12036,9484.61892767925
11180,9331.67844281816
10324,8237.45270617492
9468,0.0
8612,7609.427020861205
7756,7567.47912844498
6900,7570.4746641592665
6044,7570.4746641592665
5188,7937.840083257408
4332,7928.3641832720705
3476,0.0
2620,11099.354331580438
1764,9116.292655074974
908,8923.633014347337
52,8923.633014347337
40285,7410.769488475692
39429,0.0
38573,9935.400831854055
37717,7872.263399385463
36861,7872.263399385463
36005,7872.263399385463
35149,7872.263399385463
34293,5885.064943790131
33437,0.0
32581,5780.604372167355
31725,5763.350005765862
30869,5763.350005765862
30013,5763.350005765862
29157,5853.6905157007905
28301,5853.6905157007905
27445,0.0
26589,9774.958372040577
25733,7872.263399385463
24877,7872.263399385463
24021,7872.263399385463
23165,7872.263399385463
22309,5853.6905157007905
21453,0.0
20597,5763.350005765862
19741,5763.350005765862
18885,5763.350005765862
18029,5763.350005765862
17173,6029.7995321313765
16317,6188.372307408947
15461,0.0
14605,10637.347574418645
13749,9432.763466517215
12893,9992.858784707125
12037,7872.263399385463
11181,7872.263399385463
10325,6030.34756766724
9469,0.0
8613,5823.676234131828
7757,5823.676234131828
6901,5780.604372167355
6045,5780.604372167355
5189,5853.6905157007905
4333,5853.6905157007905
3477,0.0
2621,9869.423697665938
1765,7872.263399385463
909,7872.263399385463
53,7872.263399385463
40286,5498.241158622837
39430,0.0
38574,13687.56516340146
37718,9387.89493983817
36862,9102.625418622067
36006,9102.625418622067
35150,9085.574856742423
34294,5486.86444145112
33438,0.0
32582,6390.236066282085
31726,6396.943647981431
30870,6432.12555635084
30014,6607.241506228847
29158,6641.992386067962
28302,5476.5659954526745
27446,0.0
26590,13457.020599487449
25734,9370.844377958527
24878,9076.977914570978
24022,9059.420566145642
23166,9059.420566145642
22310,5476.5659954526745
21454,0.0
20598,6553.875418474009
19742,6553.875418474009
18886,6589.057326843418
18030,6607.983995545088
17174,6631.007524956853
16318,5476.5659954526745
15462,0.0
14606,14644.043867711833
13750,9422.723913878088
12894,9366.066184108857
12038,9321.144888723291
11182,9102.625418622067
10326,5486.86444145112
9470,0.0
8614,6390.236066282085
7758,6390.236066282085
6902,6425.417974651494
6046,6452.321310019828
5190,6482.052421130939
4334,5476.5659954526745
3478,0.0
2622,13457.020599487449
1766,9370.844377958527
910,9085.574856742423
54,9085.574856742423
40287,3040.900088660537
39431,0.0
38575,8758.927876858268
37719,7024.400097494288
36863,6572.414388014264
36007,6502.200593949585
35151,6502.200593949585
34295,2959.798641645857
33439,0.0
32583,3747.843008988899
31727,3739.8750106268667
30871,3736.2428736053917
30015,3725.916366506169
29159,3725.916366506169
28303,2452.320184392915
27447,0.0
26591,8594.75522293756
25735,6882.305278208575
24879,6470.254696949733
24023,6400.040902885054
23167,6400.040902885054
22311,2433.843347113479
21455,0.0
20599,3536.30796913305
19743,3529.789563335949
18887,3526.1574263144735
18031,3594.4622759418244
17175,3565.9535772948107
16319,2446.8036501437823
15463,0.0
14607,9778.779229693704
13751,6876.798768173065
12895,6736.925819488092
12039,6566.771260731999
11183,6400.040902885054
10327,2449.931326109792
9471,0.0
8615,3538.770940591075
7759,3532.2525347939736
6903,3528.6203977724986
6047,3603.4187538933556
5191,3565.9332371329
4335,2439.9844125295444
3479,0.0
2623,8536.469558879395
1767,6882.305278208575
911,6470.254696949733
55,6400.040902885054
40288,2659.3011981286836
39432,0.0
38576,7444.58283055899
37720,6234.552976489813
36864,6183.897567192437
36008,6183.897567192437
35152,6183.897567192437
34296,2659.3011981286836
33440,0.0
32584,4483.036299835801
31728,4415.482772190721
30872,4336.560750402648
30016,4348.048662459727
29160,4348.048662459727
28304,2659.3011981286836
27448,0.0
26592,6881.389753439299
25736,6234.552976489813
24880,6183.897567192437
24024,6183.897567192437
23168,6183.897567192437
22312,2659.3011981286836
21456,0.0
20600,4491.267920285286
19744,4425.1880096718705
18888,4348.627747342201
18032,4394.507392291612
17176,4422.770566169522
16320,2671.9265146903576
15464,0.0
14608,7833.533629742628
13752,9401.861518855918
12896,9873.394180184614
12040,6183.897567192437
11184,6183.897567192437
10328,2659.3011981286836
9472,0.0
8616,4550.956595692799
7760,4474.288945315833
6904,4389.71820018193
6048,4387.058533568504
5192,4380.589421956892
4336,2659.3011981286836
3480,0.0
2624,6936.74985709265
1768,6234.552976489813
912,6183.897567192437
56,6183.897567192437
40289,5496.296238498809
39433,0.0
38577,9852.436533148672
37721,7827.9809995750165
36865,7014.257051014164
36009,6882.343493454031
35153,6836.773838924285
34297,5190.147849493134
33441,0.0
32585,5232.6520690127945
31729,5219.403417230979
30873,5214.270307111932
30017,5214.270307111932
29161,5198.775963549721
28305,5154.438128751002
27449,0.0
26593,9487.975592095192
25737,7604.322653396795
24881,6919.709171273376
24025,6833.908022765942
23169,6806.896160132149
22313,5127.399499535196
21457,0.0
20601,5181.4415191165235
19745,5181.4415191165235
18889,5181.4415191165235
18033,5181.4415191165235
17177,5276.412114410868
16321,5286.609258473343
15465,0.0
14609,9505.471795808275
13753,7857.3338575329835
12897,7921.633077574824
12041,7226.069234326944
11185,6930.7410928932195
10329,5190.147849493134
9473,0.0
8617,5249.572891188037
7761,5249.572891188037
6905,5240.366513457239
6049,5232.6520690127945
5193,5219.403417230979
4337,5161.745349422406
3481,0.0
2625,9490.040038918498
1769,7591.867400063754
913,6927.432096979091
57,6841.630948471658
40290,7653.21425999775
39434,0.0
38578,8336.979213163477
37722,7552.652061607881
36866,7552.652061607881
36010,7552.652061607881
35154,7552.652061607881
34298,6092.100877184759
33442,0.0
32586,6087.936624973781
31730,6069.569259741437
30874,6069.569259741437
30018,6069.569259741437
29162,6069.569259741437
28306,6069.569259741437
27450,0.0
26594,7836.553396773185
25738,7552.652061607881
24882,7552.652061607881
24026,7552.652061607881
23170,7552.652061607881
22314,6069.569259741437
21458,0.0
20602,6069.569259741437
19746,6069.569259741437
18890,6069.569259741437
18034,6069.569259741437
17178,6239.73419021384
16322,6377.2874401214
15466,0.0
14610,9071.715253939858
13754,8504.488318078937
12898,9290.048275555782
12042,7552.652061607881
11186,7552.652061607881
10330,6249.837881826031
9474,0.0
8618,6132.879374897282
7762,6132.879374897282
6906,6087.936624973781
6050,6087.936624973781
5194,6069.569259741437
4338,6069.569259741437
3482,0.0
2626,8138.7703357443925
1770,7552.652061607881
914,7552.652061607881
58,7552.652061607881
40291,7490.7133765305625
39435,0.0
38579,12475.202009306999
37723,8413.697067141517
36867,8413.697067141517
36011,8413.697067141517
35155,8413.697067141517
34299,6092.100877184759
33443,0.0
32587,6087.936624973781
31731,6069.569259741437
30875,6069.569259741437
30019,6069.569259741437
29163,6069.569259741437
28307,6069.569259741437
27451,0.0
26595,12029.002690616466
25739,8413.697067141517
24883,8413.697067141517
24027,8413.697067141517
23171,8413.697067141517
22315,6069.569259741437
21459,0.0
20603,6069.569259741437
19747,6069.569259741437
18891,6069.569259741437
18035,6069.569259741437
17179,6267.379841676947
16323,6348.667017806803
15467,0.0
14611,12718.747383534039
13755,9537.838952323877
12899,10196.62511007989
12043,8413.697067141517
11187,8413.697067141517
10331,6349.868544219194
9475,0.0
8619,6121.0526774613845
7763,6121.0526774613845
6907,6087.936624973781
6051,6087.936624973781
5195,6069.569259741437
4339,6069.569259741437
3483,0.0
2627,12725.103677777824
1771,8413.697067141517
915,8413.697067141517
59,8413.697067141517
40292,8632.060065801374
39436,0.0
38580,10316.469249917081
37724,8039.981342987344
36868,7979.541381395028
36012,7858.734052723176
35156,7853.9391967607135
34300,7981.229931200558
33444,0.0
32588,6026.537045161099
31732,5981.425460185096
30876,5976.451678959206
30020,6268.8258443335935
29164,7721.000792340724
28308,7980.892704424602
27452,0.0
26596,9865.03408679964
25740,7780.831648109918
24884,7760.424703665473
24028,7752.170831562529
23172,7750.638715560232
22316,7975.312035926432
21460,0.0
20604,6257.4749870078895
19748,6219.378327751352
18892,6195.88033629836
18036,6165.201352205375
17180,7848.900149210813
16324,8132.230802411983
15468,0.0
14612,12486.294029835453
13756,8335.269159610763
12900,8512.499446245989
12044,8321.868141405132
11188,7950.323698963326
10332,8632.060065801374
9476,0.0
8620,6100.359469219005
7764,6054.20540255506
6908,5975.736116737321
6052,5952.523115291188
5196,7721.000792340724
4340,7980.892704424602
3484,0.0
2628,10258.18482138139
1772,7833.86148304461
916,7822.4426331420755
60,7782.6173777796475
40293,3562.0086351413897
39437,0.0
38581,7749.652037980171
37725,6555.329036116108
36869,5960.443615144713
36013,5960.443615144713
35157,5960.443615144713
34301,3562.0086351413897
33445,0.0
32589,4848.595683199696
31733,4848.595683199696
30877,4844.135312859275
30021,4844.135312859275
29165,4865.364212356576
28309,3562.0086351413897
27453,0.0
26597,7703.035787848746
25741,6555.329036116108
24885,5960.443615144713
24029,5960.443615144713
23173,5960.443615144713
22317,3562.0086351413897
21461,0.0
20605,4844.135312859275
19749,4844.135312859275
18893,4844.135312859275
18037,4844.135312859275
17181,4880.042021683714
16325,3562.0086351413897
15469,0.0
14613,7780.213628192542
13757,6689.315998110294
12901,7225.842134387368
12045,6289.384734861904
11189,5960.443615144713
10333,3562.0086351413897
9477,0.0
8621,4848.595683199696
7765,4848.595683199696
6909,4848.595683199696
6053,4848.595683199696
5197,4869.824582696998
4341,3562.0086351413897
3485,0.0
2629,7726.287613627135
1773,6555.329036116108
917,5960.443615144713
61,5960.443615144713
40294,7922.350909832001
39438,0.0
38582,10272.252753957246
37726,8202.302425023763
36870,8013.844895462007
36014,8013.844895462007
35158,8041.426040844611
34302,7922.350909832001
33446,0.0
32590,5845.212186083801
31734,5845.212186083801
30878,5845.212186083801
30022,5845.212186083801
29166,7123.484181701367
28310,7922.350909832001
27454,0.0
26598,10230.394104237164
25742,8202.302425023763
24886,8013.844895462007
24030,8013.844895462007
23174,8041.426040844611
22318,7922.350909832001
21462,0.0
20606,5845.212186083801
19750,5845.212186083801
18894,5845.212186083801
18038,5845.212186083801
17182,7178.833740337115
16326,7922.350909832001
15470,0.0
14614,10267.819288068358
13758,8245.095878222
12902,8746.170136566967
12046,8261.939879937514
11190,8041.426040844611
10334,7922.350909832001
9478,0.0
8622,5855.07603311878
7766,5855.07603311878
6910,5845.212186083801
6054,5845.212186083801
5198,7123.484181701367
4342,7922.350909832001
3486,0.0
2630,10258.997992052486
1774,8202.302425023763
918,8013.844895462007
62,8013.844895462007
40295,3834.1174939873777
39439,0.0
38583,9066.190554847382
37727,6359.482205191055
36871,6293.144450837617
36015,6236.1241111027275
35159,6236.1241111027275
34303,3734.007695633064
33447,0.0
32591,4039.7454903982675
31735,4011.2415190235547
30879,4013.7197597642953
30023,4013.7197597642953
29167,4211.097961077727
28311,0.0
27455,0.0
26599,9250.6973707832
25743,6227.602432383234
24887,6180.436460161238
24031,6180.436460161238
23175,6184.971654536755
22319,3530.3086842612247
21463,0.0
20607,4142.676125202304
19751,4135.346298285722
18895,4151.2201739470975
18039,4228.731389070695
17183,4452.244624566912
16327,3556.1987134305323
15471,0.0
14615,10332.371099931914
13759,7061.474832696728
12903,7045.785649798973
12047,6529.454169623206
11191,6295.258822201967
10335,3603.2077961357945
9479,0.0
8623,4172.979799907229
7767,4156.351864525039
6911,4168.345462408636
6055,4245.856677532232
5199,4433.429601058238
4343,3549.497580674399
3487,0.0
2631,9564.564476938553
1775,6260.489684788441
919,6194.802973218073
63,6194.802973218073
40296,6049.3724189850645
39440,0.0
38584,12464.336902768926
37728,8630.717938746004
36872,8664.777137541889
36016,8664.777137541889
35160,8664.777137541889
34304,5819.82405173816
33448,0.0
32592,7968.545535817876
31736,7975.253117517223
30880,8044.4802894193945
30024,8322.285544852959
29168,8358.339962340153
28312,5800.201608038542
27456,0.0
26600,12236.16941559571
25744,8630.717938746004
24888,8656.180195370443
24032,8638.622846945107
23176,8638.622846945107
22320,5774.457449256148
21464,0.0
20608,8211.283320549484
19752,8211.283320549484
18896,8271.048587689751
18040,8323.0280341692
17184,8360.585493385903
16328,5800.069006268322
15472,0.0
14616,13319.638814254906
13760,8665.546912785921
12904,8827.883483557822
12048,8733.800869764289
11192,8664.777137541889
10336,5871.859056289561
9480,0.0
8624,7968.545535817876
7768,7968.545535817876
6912,8028.3108029581435
6056,8088.266916104257
5200,8119.3015648634455
4344,5800.201608038542
3488,0.0
2632,12251.497193373487
1776,8630.717938746004
920,8664.777137541889
64,8664.777137541889
40297,4584.819801017843
39441,0.0
38585,6975.189819759156
37729,7274.310563504384
36873,6896.717394072469
36017,6896.717394072469
35161,6896.717394072469
34305,4584.819801017843
33449,0.0
32593,4121.270591349141
31737,4094.1245125502705
30881,4090.7445356984194
30025,4099.81074693873
29169,4139.290984029338
28313,4584.819801017843
27457,0.0
26601,6989.787813730635
25745,7274.310563504384
24889,6896.717394072469
24033,6896.717394072469
23177,6896.717394072469
22321,4584.819801017843
21465,0.0
20609,4120.843964799362
19753,4099.013626741233
18897,4108.301667566149
18041,4117.367878806459
17185,4171.228200719653
16329,4584.819801017843
15473,0.0
14617,6960.545712797387
13761,7364.728281558085
12905,7685.499458583571
12049,7138.077580966516
11193,6896.717394072469
10337,4584.819801017843
9481,0.0
8625,4121.270591349141
7769,4099.440253291012
6913,4096.060276439161
6057,4105.12648767947
5201,4139.290984029338
4345,4584.819801017843
3489,0.0
2633,6989.787813730635
1777,7274.310563504384
921,6896.717394072469
65,6896.717394072469
40298,8561.153732004534
39442,0.0
38586,12046.459381707831
37730,7681.991227339381
36874,7681.991227339381
36018,7681.991227339381
35162,7681.991227339381
34306,7953.296497850615
33450,0.0
32594,7933.84143904613
31738,7915.474073813785
30882,7915.474073813785
30026,7915.474073813785
29170,7915.474073813785
28314,7915.474073813785
27458,0.0
26602,11537.953547199093
25746,7681.991227339381
24890,7681.991227339381
24034,7681.991227339381
23178,7681.991227339381
22322,7915.474073813785
21466,0.0
20610,7915.474073813785
19754,7915.474073813785
18898,7915.474073813785
18042,7915.474073813785
17186,8018.354434883918
16330,8003.082116456276
15474,0.0
14618,12342.500576529339
13762,10587.860316844735
12906,11395.231680610543
12050,7681.991227339381
11194,7681.991227339381
10338,8055.36103492063
9482,0.0
8626,7994.074995563138
7770,7994.074995563138
6914,7933.84143904613
6058,7933.84143904613
5202,7915.474073813785
4346,7915.474073813785
3490,0.0
2634,11624.932756446358
1778,7681.991227339381
922,7681.991227339381
66,7681.991227339381
40299,3981.655846411058
39443,0.0
38587,7370.352293186043
37731,5734.236808462885
36875,5685.105570619913
36019,5581.307024251422
35163,5581.307024251422
34307,3814.4685186438564
33451,0.0
32595,3973.9117836044297
31739,3973.9117836044297
30883,3973.9117836044297
30027,3967.930056654075
29171,3984.7383893507417
28315,3808.003458037796
27459,0.0
26603,6787.62182562856
25747,5622.285307217307
24891,5585.353567095359
24035,5566.276152807711
23179,5566.276152807711
22323,3808.003458037796
21467,0.0
20611,3973.9117836044297
19755,3973.9117836044297
18899,3973.9117836044297
18043,3967.930056654075
17187,3999.978148227398
16331,3893.1533775382636
15475,0.0
14619,9243.131273575947
13763,5904.394802564979
12907,5910.098283915885
12051,5882.53506656091
11195,5668.464802760113
10339,3887.0623116897955
9483,0.0
8627,4022.0380423335077
7771,4009.0329667616124
6915,3980.37684421049
6059,3967.930056654075
5203,3984.7383893507417
4347,3808.003458037796
3491,0.0
2635,7314.856450000739
1779,5627.4884008832405
923,5590.556660761292
67,5571.479246473644
40300,5675.283215642309
39444,0.0
38588,8850.507899366523
37732,6688.275943381767
36876,6650.812718137566
36020,6549.517017451563
35164,6549.517017451563
34308,5675.283215642309
33452,0.0
32596,5577.273245984442
31740,5564.733382038863
30884,5564.733382038863
30028,5564.733382038863
29172,5680.154783756711
28316,0.0
27460,0.0
26604,9178.539241042841
25748,6599.796422724297
24892,6574.299807692743
24036,6574.299807692743
23180,6574.299807692743
22324,5283.821481480816
21468,0.0
20612,5422.927674483158
19756,5416.846458677686
18900,5430.171723227952
18044,5507.682938351546
17188,5763.939000317489
16332,5297.86797710034
15476,0.0
14620,9920.375777578922
13764,7193.3807654041775
12908,7183.119392392223
12052,6826.576168702752
11196,6646.0752657259545
10340,5311.114749976157
9484,0.0
8628,5446.238015854749
7772,5429.610080472558
6916,5442.935345022824
6060,5520.446560146418
5204,5747.901372112361
4348,5263.047514137377
3492,0.0
2636,9594.627264148
1780,6632.1590401997555
924,6579.502901358676
68,6579.502901358676
40301,7598.074786911809
39445,0.0
38589,11135.370085185094
37733,8899.613740792884
36877,8373.978086281208
36021,8258.682386797327
35165,8258.682386797327
34309,7097.046955391313
33453,0.0
32597,7002.211952347489
31741,6994.402140267476
30885,6977.900835553673
30029,6962.545262663539
29173,6982.349833988066
28317,6969.45873741599
27461,0.0
26605,10802.75219454036
25749,8761.39591648988
24893,8277.043834608774
24037,8258.682386797327
23181,8258.682386797327
22325,6932.770593840612
21469,0.0
20613,6936.339537388813
19757,6936.339537388813
18901,6964.892023415743
18045,7018.542235519816
17189,7129.207428743854
16333,7274.099800676675
15477,0.0
14621,11395.711015413117
13765,9048.994773228967
12909,9275.904450349744
12053,8759.318254446862
11197,8357.051211161854
10341,7174.32461945359
9485,0.0
8629,7187.215716025666
7773,7101.896982668287
6917,7002.211952347489
6061,7002.211952347489
5205,7002.443209562579
4349,6984.814310306125
3493,0.0
2637,10783.737611207027
1781,8761.39591648988
925,8277.043834608774
69,8258.682386797327
40302,5133.483055384847
39446,0.0
38590,8678.288032979974
37734,6392.8096244739145
36878,6235.9956128049125
36022,6072.540418138033
35166,6072.540418138033
34310,5120.983818295645
33454,0.0
32598,5120.983818295645
31742,5120.983818295645
30886,5120.983818295645
30030,5120.983818295645
29174,5120.983818295645
28318,5120.983818295645
27462,0.0
26606,8562.001840568299
25750,6207.770198704646
24894,6074.84825539181
24038,6066.833080788635
23182,6066.833080788635
22326,5120.983818295645
21470,0.0
20614,5120.983818295645
19758,5120.983818295645
18902,5129.020843028018
18046,5129.020843028018
17190,5129.020843028018
16334,5140.312716296749
15478,0.0
14622,9195.653654233614
13766,6850.959934174772
12910,6641.034675922724
12054,6544.800145509408
11198,6388.520935310193
10342,5120.983818295645
9486,0.0
8630,5120.983818295645
7774,5120.983818295645
6918,5120.983818295645
6062,5120.983818295645
5206,5120.983818295645
4350,5120.983818295645
3494,0.0
2638,8922.179428097812
1782,6822.750405036967
926,6396.536109913368
70,6388.520935310193
40303,6055.902911812948
39447,0.0
38591,9971.71017561382
37735,7661.287499186803
36879,7081.594694394231
36023,7015.34656795835
35167,6988.069872174062
34311,5898.326551324008
33455,0.0
32599,4846.117455594057
31743,4829.622861193623
30887,4781.597718718897
30031,4822.658042999205
29175,5229.91734065893
28319,5837.177710133831
27463,0.0
26607,9656.016227918833
25751,7250.455205560121
24895,6885.120260452486
24039,6884.21002802248
23183,6905.6853391086925
22327,5783.870562454891
21471,0.0
20615,4737.695967136
19759,4737.695967136
18903,4850.270971344756
18047,4896.667204715973
17191,5381.49257626628
16335,5931.880747207195
15479,0.0
14623,9978.382836915658
13767,7730.784332502121
12911,7171.211975061474
12055,7130.904684122127
11199,7085.528710660622
10343,5794.22843175839
9487,0.0
8631,4810.379326437148
7775,4810.379326437148
6919,4807.257804516915
6063,4814.065792938636
5207,5208.537026234702
4351,5746.267768525925
3495,0.0
2639,9870.86726135988
1783,7259.999365089115
927,6855.262495014706
71,6856.500722527934
40304,3244.9356422203664
39448,0.0
38592,9750.93514544641
37736,8145.757395866683
36880,8040.031103372252
36024,8040.031103372252
35168,8051.907034308986
34312,3129.8767556218168
33456,0.0
32600,5328.212187223978
31744,5292.083015792946
30888,5276.233711535578
30032,5267.530372403387
29176,5910.966315901417
28320,3110.470433160657
27464,0.0
26608,9681.271013600093
25752,8145.757395866683
24896,8040.031103372252
24040,8040.031103372252
23184,8051.907034308986
22328,3110.470433160657
21472,0.0
20616,5163.032581095578
19760,5163.032581095578
18904,5140.493444045931
18048,5156.313532868064
17192,6495.591631168993
16336,3163.0302893887697
15480,0.0
14624,9954.157812920917
13768,8177.0225303929565
12912,8053.048340712833
12056,8082.57175162192
11200,8051.907034308986
10344,3155.9654976089964
9488,0.0
8632,5346.888115187604
7776,5346.80044860582
6920,5280.171089670215
6064,5295.989757717144
5208,5885.69395695193
4352,3114.638804545741
3496,0.0
2640,9710.828028823336
1784,8145.757395866683
928,8040.031103372252
72,8040.031103372252
40305,7585.932958832956
39449,0.0
38593,10814.90601090569
37737,7872.263399385463
36881,7872.263399385463
36025,7872.263399385463
35169,7872.263399385463
34313,6092.100877184759
33457,0.0
32601,6087.936624973781
31745,6069.569259741437
30889,6069.569259741437
30033,6069.569259741437
29177,6069.569259741437
28321,6069.569259741437
27465,0.0
26609,10460.468935053499
25753,7872.263399385463
24897,7872.263399385463
24041,7872.263399385463
23185,7872.263399385463
22329,6069.569259741437
21473,0.0
20617,6069.569259741437
19761,6069.569259741437
18905,6069.569259741437
18049,6069.569259741437
17193,6293.75703363874
16337,6292.310988284883
15481,0.0
14625,11458.808293078635
13769,9672.839105280385
12913,10203.463551200479
12057,7872.263399385463
11201,7872.263399385463
10345,6277.086599774749
9489,0.0
8633,6121.0526774613845
7777,6121.0526774613845
6921,6087.936624973781
6065,6087.936624973781
5209,6069.569259741437
4353,6069.569259741437
3497,0.0
2641,10585.917571914271
1785,7872.263399385463
929,7872.263399385463
73,7872.263399385463
40306,7238.812493059362
39450,0.0
38594,9038.041610439059
37738,8637.74830570827
36882,8682.183045689299
36026,8613.140717646973
35170,8610.378553555005
34314,6448.980160503145
33458,0.0
32602,6434.015920628155
31746,6369.532239897803
30890,6369.532239897803
30034,6369.532239897803
29178,6369.532239897803
28322,6369.532239897803
27466,0.0
26610,8715.675040282866
25754,8553.989984282609
24898,8621.544908241676
24042,8608.286848563257
23186,8692.205550272158
22330,6369.532239897803
21474,0.0
20618,6369.532239897803
19762,6369.532239897803
18906,6369.532239897803
18050,6369.532239897803
17194,6713.716165816133
16338,6665.054164820537
15482,0.0
14626,12912.717078610098
13770,8174.4030034636635
12914,8331.896658330796
12058,8837.187482814432
11202,8906.48777182492
10346,6448.980160503145
9490,0.0
8634,6448.980160503145
7778,6448.980160503145
6922,6434.015920628155
6066,6434.015920628155
5210,6369.532239897803
4354,6369.532239897803
3498,0.0
2642,8777.149830490374
1786,8561.854296168978
930,8624.676680445506
74,8620.087838454163
40307,5917.929740626277
39451,0.0
38595,8244.391531330772
37739,6192.213754412255
36883,6169.625377159294
36027,6088.762649164271
35171,6088.762649164271
34315,5938.690638062175
33459,0.0
32603,4291.637613692315
31747,4283.549829356791
30891,4273.9104338322195
30035,4273.9104338322195
29179,5958.540644433225
28323,0.0
27467,0.0
26611,8515.870339044237
25755,6098.498333809186
24899,6116.35535879026
24043,6116.35535879026
23187,6116.35535879026
22331,5431.5162032965645
21475,0.0
20619,6610.383184926579
19763,6538.475967010989
18907,6592.533735770007
18051,6576.29502850505
17195,7868.555838209383
16339,8408.622199843763
15483,0.0
14627,11628.40172992568
13771,6685.703884117768
12915,6752.123719886735
12059,6504.407268371448
11203,6206.809538221086
10347,8234.71009706331
9491,0.0
8635,6813.178813354044
7779,6676.85710880859
6923,6647.787390909387
6067,6626.530965489791
5211,7762.895902850779
4355,8043.213711476248
3499,0.0
2643,9100.717066882456
1787,6086.575377232136
931,6104.43240221321
75,6104.43240221321
40308,7683.493979364796
39452,0.0
38596,10152.62816723326
37740,7216.5594328793295
36884,6482.208880080569
36028,6473.223716984171
35172,6473.223716984171
34316,7231.575832142002
33460,0.0
32604,6278.44241796911
31748,6251.377140191332
30892,6231.555044338674
30036,6231.555044338674
29180,6532.443424041975
28324,0.0
27468,0.0
26612,10084.923303708067
25756,8204.653454136482
24900,8216.926017316668
24044,8216.926017316668
23188,8235.108806523585
22332,8033.447891796904
21476,0.0
20620,6252.377570474494
19764,6225.312292696717
18908,6225.312292696717
18052,6239.788753735677
17196,7314.1293398768785
16340,8033.447891796904
15484,0.0
14628,10467.010422815416
13772,8247.446907334719
12916,8874.965758147682
12060,8331.638352704986
11204,8235.108806523585
10348,8033.447891796904
9492,0.0
8636,6272.199666327153
7780,6245.134388549375
6924,6245.134388549375
6068,6245.134388549375
5212,7314.1293398768785
4356,8033.447891796904
3500,0.0
2644,10203.264944470571
1788,8204.653454136482
932,8216.926017316668
76,8216.926017316668
40309,8019.81221774139
39453,0.0
38597,9588.238617467528
37741,7910.744102276522
36885,7958.33711838137
36029,7767.771621777319
35173,7767.771621777319
34317,7315.487810151556
33461,0.0
32605,5532.82003327514
31749,5532.82003327514
30893,5532.82003327514
30037,5532.82003327514
29181,7239.760976351668
28325,7266.62371882105
27469,0.0
26613,9498.494846680258
25757,7756.674688248664
24901,7751.974895586844
24045,7751.974895586844
23189,7758.830529823297
22333,7266.62371882105
21477,0.0
20621,6192.545916749097
19765,6169.489391624514
18909,6156.49043329118
18053,6128.91543329118
17197,7429.879700334361
16341,8073.5248348083105
15485,0.0
14629,13583.493359577948
13773,8289.94949680319
12917,8371.258758893722
12061,8243.470920193846
11205,7946.17240192759
10349,7880.200676246777
9493,0.0
8637,6197.452786377054
7781,6116.724009228278
6925,6029.851724611868
6069,6030.1437575789005
5213,7192.491804515273
4357,7300.777557326308
3501,0.0
2645,10477.895858488355
1789,7771.463325458362
933,7766.763532796542
77,7766.763532796542
40310,6454.412099489805
39454,0.0
38598,10655.045631693001
37742,8707.864096224559
36886,8453.661533121602
36030,8303.386210905848
35174,8204.700874340338
34318,5647.517437665884
33462,0.0
32606,5348.378499572028
31750,5251.269421288807
30894,5233.84776497999
30038,5239.484732940014
29182,5374.629115980958
28326,5553.009214502532
27470,0.0
26614,9981.577719744952
25758,8459.213153053019
24902,8232.490467028758
24046,8174.925121044671
23190,8155.537580314792
22334,5526.765551868443
21478,0.0
20622,5266.644891284837
19766,5238.316517942246
18910,5242.925876282878
18054,5242.713479163535
17198,5837.74527086329
16342,6648.539062857583
15486,0.0
14630,10200.976264294104
13774,8729.009713891915
12918,8686.044012438319
12062,8539.381923025378
11206,8438.674742666644
10350,5729.239838860938
9494,0.0
8638,5452.924639414214
7782,5408.896025141918
6926,5340.959823364899
6070,5281.5918734144525
5214,5353.497846342392
4358,5537.518585889608
3502,0.0
2646,10320.303394495591
1790,8511.017764216072
934,8232.490467028758
78,8174.925121044671
40311,3190.3375860031297
39455,0.0
38599,7711.835475790236
37743,6535.010740495095
36887,6526.069850961715
36031,6452.997454922151
35175,6452.997454922151
34319,3179.8060180861075
33463,0.0
32607,4668.879313321494
31751,4661.376481077486
30895,4644.604258855263
30039,4637.224100125104
29183,4611.3214963375185
28327,3179.8060180861075
27471,0.0
26615,7728.751067736129
25759,6460.447989205576
24903,6462.428168385479
24047,6462.428168385479
23191,6462.428168385479
22335,3179.8060180861075
21479,0.0
20623,4655.603703299707
19767,4667.969997942565
18911,4651.197775720342
18055,4643.8176169901835
17199,5000.871961081765
16343,3179.8060180861075
15487,0.0
14631,12911.145941442814
13775,6859.63797651697
12919,6908.1506208589
12063,6886.996796942101
11207,6802.908104481914
10351,3179.8060180861075
9495,0.0
8639,4765.097294747831
7783,4758.712109562646
6927,4716.181758076291
6071,4708.801599346132
5215,4619.485202076225
4359,3179.8060180861075
3503,0.0
2647,7648.792815808192
1791,6909.431771073463
935,6934.662045752135
79,6934.662045752135
40312,5112.001113468525
39456,0.0
38600,9739.071867636861
37744,7506.0522594033955
36888,7176.870172759897
36032,7176.870172759897
35176,7176.870172759897
34320,5112.001113468525
33464,0.0
32608,5908.553684520645
31752,5908.553684520645
30896,5908.553684520645
30040,5908.553684520645
29184,5912.991348680372
28328,5112.001113468525
27472,0.0
26616,9739.071867636861
25760,7506.0522594033955
24904,7176.870172759897
24048,7176.870172759897
23192,7176.870172759897
22336,5112.001113468525
21480,0.0
20624,5908.553684520645
19768,5908.553684520645
18912,5908.553684520645
18056,5908.553684520645
17200,5912.991348680372
16344,5112.001113468525
15488,0.0
14632,9768.877315618332
13776,7571.534758158851
12920,7987.6554876113705
12064,7431.743428598978
11208,7176.870172759897
10352,5112.001113468525
9496,0.0
8640,5908.553684520645
7784,5908.553684520645
6928,5908.553684520645
6072,5908.553684520645
5216,5912.991348680372
4360,5112.001113468525
3504,0.0
2648,9739.071867636861
1792,7506.0522594033955
936,7176.870172759897
80,7176.870172759897
40313,14200.980436045438
39457,0.0
38601,13062.026485901968
37745,13294.320965619165
36889,13294.320965619165
36033,13305.268692891892
35177,13326.024977044899
34321,13760.155145393823
33465,0.0
32609,11403.498086237805
31753,11132.268357864325
30897,11082.7579318089
30041,11065.582005882972
29185,12829.233559226579
28329,0.0
27473,0.0
26617,12853.241714713655
25761,13271.0832521752
24905,13320.911984738932
24049,13330.405426297373
23193,13384.539172571593
22337,13399.16145288263
21481,0.0
20625,11039.483555916546
19769,11048.993458652698
18913,11115.120471339087
18057,11087.545471339086
17201,12980.61901546246
16345,13505.939041791544
15489,0.0
14633,13003.688861312005
13777,9522.660673121585
12921,10181.768730720283
12065,13305.268692891892
11209,13326.024977044899
10353,14062.025516966694
9497,0.0
8641,11549.346205419823
7785,11518.763326631943
6929,11428.920284488899
6073,11296.534943732162
5217,12856.635874041393
4361,13440.492263969692
3505,0.0
2649,13202.318011344822
1793,13258.988344767795
937,13271.66102995298
81,13282.608757225707
40314,7398.006759614434
39458,0.0
38602,10087.036277767798
37746,7863.3699625684985
36890,7863.3699625684985
36034,7863.3699625684985
35178,7863.3699625684985
34322,5910.380080993869
33466,0.0
32610,5805.919509371093
31754,5775.633391762227
30898,5775.633391762227
30042,5775.633391762227
29186,5865.973901697155
28330,5865.973901697155
27474,0.0
26618,9819.376080118322
25762,7863.3699625684985
24906,7863.3699625684985
24050,7863.3699625684985
23194,7863.3699625684985
22338,5865.973901697155
21482,0.0
20626,5775.633391762227
19770,5775.633391762227
18914,5775.633391762227
18058,5775.633391762227
17202,6035.34914575385
16346,6104.031489143406
15490,0.0
14634,10751.75264810082
13778,9459.584177260287
12922,10092.37385244134
12066,7863.3699625684985
11210,7863.3699625684985
10354,6042.809701585435
9498,0.0
8642,5848.991371335566
7786,5848.991371335566
6930,5805.919509371093
6074,5805.919509371093
5218,5865.973901697155
4362,5865.973901697155
3506,0.0
2650,9968.316201033558
1794,7863.3699625684985
938,7863.3699625684985
82,7863.3699625684985
40315,5652.391953611109
39459,0.0
38603,7009.981786053584
37747,6393.437972897663
36891,6393.437972897663
36035,6393.437972897663
35179,6393.437972897663
34323,3215.2658125776484
33467,0.0
32611,4226.111347037595
31755,4134.7780609302845
30899,4134.7780609302845
30043,4134.7780609302845
29187,4134.7780609302845
28331,3059.241206204095
27475,0.0
26619,6403.838594012165
25763,6393.437972897663
24907,6393.437972897663
24051,6393.437972897663
23195,6393.437972897663
22339,3059.241206204095
21483,0.0
20627,4134.7780609302845
19771,4134.7780609302845
18915,4134.7780609302845
18059,4134.7780609302845
17203,4583.883060999039
16347,4230.466070591672
15491,0.0
14635,7616.477669090441
13779,8517.691274674631
12923,9604.263293782777
12067,6393.437972897663
11211,6393.437972897663
10355,3357.3006238179373
9499,0.0
8643,4473.186366436562
7787,4438.068962336033
6931,4209.77193667358
6075,4209.77193667358
5219,4118.438650566271
4363,3059.241206204095
3507,0.0
2651,6527.714706057621
1795,6393.437972897663
939,6393.437972897663
83,6393.437972897663
40316,7075.465719500924
39460,0.0
38604,9198.003457876017
37748,7504.520514716279
36892,7504.520514716279
36036,7504.520514716279
35180,7504.520514716279
34324,5987.711769430448
33468,0.0
32612,5821.6805417053165
31756,5830.175897741476
30900,5830.175897741476
30044,5830.175897741476
29188,5971.287076114747
28332,5971.287076114747
27476,0.0
26620,8883.309679690918
25764,7504.520514716279
24908,7504.520514716279
24052,7504.520514716279
23196,7504.520514716279
22340,5971.287076114747
21484,0.0
20628,5830.175897741476
19772,5830.175897741476
18916,5830.175897741476
18060,5830.175897741476
17204,6155.988650678899
16348,6734.432990299434
15492,0.0
14636,10249.59011340713
13780,9105.42341731722
12924,9245.178808233843
12068,7504.520514716279
11212,7504.520514716279
10356,5987.711769430448
9500,0.0
8644,5846.600591057178
7788,5846.600591057178
6932,5821.6805417053165
6076,5821.6805417053165
5220,5971.287076114747
4364,5971.287076114747
3508,0.0
2652,9015.068273771043
1796,7504.520514716279
940,7504.520514716279
84,7504.520514716279
40317,4930.256682219059
39461,0.0
38605,7839.089089509374
37749,7040.859481911812
36893,6844.385267628925
36037,6844.385267628925
35181,6844.385267628925
34325,4930.256682219059
33469,0.0
32613,5848.677053145048
31757,5848.677053145048
30901,5848.677053145048
30045,5848.677053145048
29189,5842.80503222627
28333,4930.256682219059
27477,0.0
26621,7839.089089509374
25765,7040.859481911812
24909,6844.385267628925
24053,6844.385267628925
23197,6844.385267628925
22341,4930.256682219059
21485,0.0
20629,5848.677053145048
19773,5848.677053145048
18917,5848.677053145048
18061,5848.677053145048
17205,5842.80503222627
16349,4930.256682219059
15493,0.0
14637,7816.101172440395
13781,7081.794195891414
12925,7508.1941169366355
12069,7067.889038903828
11213,6844.385267628925
10357,4930.256682219059
9501,0.0
8645,5848.677053145048
7789,5848.677053145048
6933,5848.677053145048
6077,5848.677053145048
5221,5842.80503222627
4365,4930.256682219059
3509,0.0
2653,7839.089089509374
1797,7040.859481911812
941,6844.385267628925
85,6844.385267628925
40318,7561.685569069991
39462,0.0
38606,9599.033288096967
37750,8332.893544354489
36894,8332.893544354489
36038,8332.893544354489
35182,8332.893544354489
34326,6092.100877184759
33470,0.0
32614,6087.936624973781
31758,6069.569259741437
30902,6069.569259741437
30046,6069.569259741437
29190,6069.569259741437
28334,0.0
27478,0.0
26622,8962.029460469854
25766,8332.893544354489
24910,8332.893544354489
24054,8332.893544354489
23198,8332.893544354489
22342,6069.569259741437
21486,0.0
20630,6069.569259741437
19774,6069.569259741437
18918,6069.569259741437
18062,6069.569259741437
17206,6309.859249656354
16350,6373.897577472888
15494,0.0
14638,10311.836159902577
13782,9318.463657425747
12926,9806.037276421024
12070,8332.893544354489
11214,8332.893544354489
10358,6349.868544219194
9502,0.0
8646,6121.0526774613845
7790,6121.0526774613845
6934,6087.936624973781
6078,6087.936624973781
5222,6069.569259741437
4366,6069.569259741437
3510,0.0
2654,9282.05648305567
1798,8332.893544354489
942,8332.893544354489
86,8332.893544354489
40319,9068.042053088235
39463,0.0
38607,9092.875220149346
37751,7135.880088097806
36895,7082.607710670528
36039,6803.965866376126
35183,6824.850232572223
34327,8425.966805194501
33471,0.0
32615,5224.791071492003
31759,5170.338944606282
30903,5188.158123811709
30047,5185.357753441339
29191,7911.757543143946
28335,0.0
27479,0.0
26623,8315.989922741317
25767,6883.602555866805
24911,6908.835893637484
24055,6908.835893637484
23199,6929.720259833582
22343,9005.07256422181
21487,0.0
20631,5772.169556846438
19775,5772.169556846438
18919,5772.169556846438
18063,5772.169556846438
17207,8131.94571605072
16351,9100.261847864218
15495,0.0
14639,11835.516948068831
13783,8032.6141039322265
12927,8170.946081606858
12071,7749.012128980367
11215,7205.1954077480505
10359,9358.95530112806
9503,0.0
8647,5772.169556846438
7791,5772.169556846438
6935,5772.169556846438
6079,5772.169556846438
5223,7966.099186807076
4367,8958.334807256555
3511,0.0
2655,9170.577007091513
1799,6883.602555866805
943,6908.835893637484
87,6908.835893637484
40320,3490.601549306891
39464,0.0
38608,7372.303711272533
37752,6528.461087548981
36896,5952.822072424459
36040,5952.822072424459
35184,5952.822072424459
34328,3490.601549306891
33472,0.0
32616,5059.668477401216
31760,5059.668477401216
30904,5059.668477401216
30048,5059.668477401216
29192,5057.239354872898
28336,3490.601549306891
27480,0.0
26624,7344.280446941836
25768,6528.461087548981
24912,5952.822072424459
24056,5952.822072424459
23200,5952.822072424459
22344,3490.601549306891
21488,0.0
20632,5059.668477401216
19776,5059.668477401216
18920,5059.668477401216
18064,5059.668477401216
17208,5057.239354872898
16352,3490.601549306891
15496,0.0
14640,7378.245582259177
13784,6665.900543862478
12928,7167.121747752923
12072,6305.677684482131
11216,5952.822072424459
10360,3490.601549306891
9504,0.0
8648,5059.668477401216
7792,5059.668477401216
6936,5059.668477401216
6080,5059.668477401216
5224,5057.239354872898
4368,3490.601549306891
3512,0.0
2656,7354.485081023034
1800,6528.461087548981
944,5952.822072424459
88,5952.822072424459
40321,7659.378485349202
39465,0.0
38609,9965.559454147397
37753,7681.991227339381
36897,7681.991227339381
36041,7681.991227339381
35185,7681.991227339381
34329,5910.380080993869
33473,0.0
32617,5805.919509371093
31761,5775.633391762227
30905,5775.633391762227
30049,5775.633391762227
29193,5865.973901697155
28337,5865.973901697155
27481,0.0
26625,9788.21707335234
25769,7681.991227339381
24913,7681.991227339381
24057,7681.991227339381
23201,7681.991227339381
22345,5865.973901697155
21489,0.0
20633,5775.633391762227
19777,5775.633391762227
18921,5775.633391762227
18065,5775.633391762227
17209,6035.34914575385
16353,6441.307621835247
15497,0.0
14641,10640.585632447872
13785,8997.914611001079
12929,9668.302968247475
12073,7686.405766387665
11217,7686.405766387665
10361,6075.696454870978
9505,0.0
8649,5819.859610359957
7793,5819.859610359957
6937,5805.919509371093
6081,5805.919509371093
5225,5865.973901697155
4369,5865.973901697155
3513,0.0
2657,9970.389230282533
1801,7686.405766387665
945,7686.405766387665
89,7686.405766387665
40322,5919.697451571847
39466,0.0
38610,9338.265800884785
37754,7281.790131086147
36898,6588.067876133597
36042,6463.997085653961
35186,6463.997085653961
34330,5171.364016567191
33474,0.0
32618,5409.520971728622
31762,5369.640160957099
30906,5376.184084189424
30050,5376.184084189424
29194,5368.932211400175
28338,5115.366947414152
27482,0.0
26626,8845.311469518567
25770,7142.802582812782
24914,6544.83306699956
24058,6449.973217010954
23202,6457.028296376034
22346,5115.366947414152
21490,0.0
20634,5353.989507300455
19778,5353.989507300455
18922,5353.989507300455
18066,5376.408960230251
17210,5652.215118310554
16354,5403.638467454542
15498,0.0
14642,10121.672148601368
13786,9350.981103121816
12930,10060.365313814105
12074,6463.997085653961
11218,6463.997085653961
10362,5476.661044975588
9506,0.0
8650,5642.368834798327
7794,5525.929543448214
6938,5389.75797493375
6082,5375.370994013437
5226,5353.47348567103
4370,5093.779234995851
3514,0.0
2658,9019.405358005532
1802,7244.808116342264
946,6578.143158939027
90,6456.942006288882
40323,6225.43871393779
39467,0.0
38611,9730.939498166266
37755,7550.353873502648
36899,7246.06006796224
36043,7192.934390597595
35187,7192.934390597595
34331,6225.43871393779
33475,0.0
32619,6117.006814063276
31763,6117.006814063276
30907,6117.006814063276
30051,6117.006814063276
29195,6394.755978728145
28339,6225.43871393779
27483,0.0
26627,9696.453973390117
25771,7531.127136813738
24915,7226.83333127333
24059,7192.934390597595
23203,7192.934390597595
22347,6225.43871393779
21491,0.0
20635,6117.006814063276
19779,6117.006814063276
18923,6117.006814063276
18067,6117.006814063276
17211,6394.755978728145
16355,6225.43871393779
15499,0.0
14643,9991.542371405812
13787,7562.1606809802815
12931,7527.199038190645
12075,7332.058871917845
11219,7212.161127286504
10363,6225.43871393779
9507,0.0
8651,6132.829303109451
7795,6132.829303109451
6939,6117.006814063276
6083,6117.006814063276
5227,6394.755978728145
4371,6225.43871393779
3515,0.0
2659,9680.392470461205
1803,7531.127136813738
947,7226.83333127333
91,7192.934390597595
40324,6542.35907827143
39468,3780.3301049924744
38612,7569.697716620981
37756,6393.437972897663
36900,6393.437972897663
36044,6393.437972897663
35188,6393.437972897663
34332,4096.605489860571
33476,3776.6477688101377
32620,4663.240363680399
31764,4565.713089850785
30908,4565.713089850785
30052,4565.713089850785
29196,4565.713089850785
28340,3872.507158946852
27484,3877.6632317962253
26628,7116.74292952822
25772,6393.437972897663
24916,6393.437972897663
24060,6393.437972897663
23204,6393.437972897663
22348,3872.507158946852
21492,3705.035348984593
20636,4565.713089850785
19780,4565.713089850785
18924,4565.713089850785
18068,4565.713089850785
17212,5014.8180899195395
16356,5016.3089062675
15500,3721.2297934290377
14644,7986.413622941107
13788,8517.691274674631
12932,9708.20027790976
12076,6393.437972897663
11220,6393.437972897663
10364,4199.201692621217
9508,3580.985808663803
8652,4829.656672139575
7796,4794.539268039046
6940,4557.714842131428
6084,4557.714842131428
5228,4460.1875683018125
4372,3833.0685504672088
3516,3274.749029535279
2660,7303.7472414333615
1804,6393.437972897663
948,6393.437972897663
92,6393.437972897663
40325,4930.256682219059
39469,0.0
38613,7169.6462133970135
37757,6851.20246209071
36901,6802.387126854782
36045,6794.784408639491
35189,6794.784408639491
34333,4930.256682219059
33477,0.0
32621,5338.266270778307
31765,5338.266270778307
30909,5338.266270778307
30053,5338.266270778307
29197,5364.6742442573695
28341,4930.256682219059
27485,0.0
26629,7128.764128947072
25773,6835.741606620517
24917,6794.784408639491
24061,6794.784408639491
23205,6794.784408639491
22349,4930.256682219059
21493,0.0
20637,5338.266270778307
19781,5338.266270778307
18925,5338.266270778307
18069,5338.266270778307
17213,5364.6742442573695
16357,4930.256682219059
15501,0.0
14645,7267.76272135122
13789,6943.675885588392
12933,7396.968609516579
12077,6970.259663754684
11221,6802.387126854782
10365,4930.256682219059
9509,0.0
8653,5338.266270778307
7797,5338.266270778307
6941,5338.266270778307
6085,5338.266270778307
5229,5364.6742442573695
4373,4930.256682219059
3517,0.0
2661,7128.764128947072
1805,6835.741606620517
949,6794.784408639491
93,6794.784408639491
40326,5276.360905154366
39470,0.0
38614,7584.714223768259
37758,6765.981886722087
36902,6253.7790858918215
36046,6232.334361838661
35190,6232.334361838661
34334,5243.2864289664285
33478,0.0
32622,4951.684139470236
31766,4945.549057138419
30910,4918.46426554243
30054,4925.446847264362
29198,5253.113598435474
28342,5222.338467581748
27486,0.0
26630,7495.638455369991
25774,6680.703588265653
24918,6253.7790858918215
24062,6232.334361838661
23206,6232.334361838661
22350,5199.874469141463
21494,0.0
20638,4984.36225111031
19782,4971.52001232834
18926,4959.566308624637
18070,4932.275592876064
17214,5443.473367758032
16358,5670.077527750649
15502,0.0
14646,8272.027047567879
13790,6780.461921822851
12934,7001.453114523573
12078,6522.35085448877
11222,6302.873272148481
10366,5254.201012299762
9510,0.0
8654,4963.942943966191
7798,4951.100705184221
6942,4931.302230730853
6086,4906.2595082199805
5230,5263.296426718302
4374,5243.2864289664285
3518,0.0
2662,7511.735854359892
1806,6665.96420011904
950,6239.039697745207
94,6217.594973692047
40327,4373.5750002716795
39471,0.0
38615,9366.623722087495
37759,7264.207788796505
36903,6661.080323822995
36047,6614.401388929699
35191,6614.401388929699
34335,4373.5750002716795
33479,0.0
32623,4339.775725906761
31767,4339.775725906761
30911,4339.775725906761
30055,4339.775725906761
29199,4350.6664216611325
28343,4422.437788969587
27487,0.0
26631,8688.669293763032
25775,6749.826086435581
24919,6381.27182011607
24063,6322.411145456693
23207,6322.411145456693
22351,4422.437788969587
21495,0.0
20639,4388.63851460467
19783,4388.63851460467
18927,4388.63851460467
18071,4388.63851460467
17215,4426.848834166866
16359,4485.785595982715
15503,0.0
14647,9835.290664717533
13791,6751.139955325595
12935,6552.899749682861
12079,6453.688034453212
11223,6322.411145456693
10367,4422.437788969587
9511,0.0
8655,4388.63851460467
7799,4388.63851460467
6943,4388.63851460467
6087,4388.63851460467
5231,4399.529210359042
4375,4422.437788969587
3519,0.0
2663,8726.076717841068
1807,6723.222596215747
951,6381.27182011607
95,6322.411145456693
40328,8068.878316769146
39472,0.0
38616,9632.395996716967
37760,8096.65054128486
36904,8131.661463372613
36048,7919.090268870832
35192,7919.090268870832
34336,7317.1865275571845
33480,0.0
32624,5504.388921055768
31768,5504.388921055768
30912,5504.388921055768
30056,5504.388921055768
29200,7228.615732776679
28344,7268.322436226677
27488,0.0
26632,9481.412117530183
25776,7936.372155549746
24920,7919.090268870832
24064,7919.090268870832
23208,7919.090268870832
22352,7268.322436226677
21496,0.0
20640,5504.388921055768
19784,5516.755215698627
18928,5516.755215698627
18072,5516.755215698627
17216,7511.361417282723
16360,7603.431010882726
15504,0.0
14648,14718.308589813107
13792,8447.312292054963
12936,8634.238354961037
12080,8465.004391644936
11224,8128.437838872856
10368,8036.269099143247
9512,0.0
8656,5536.532235505087
7800,5530.1470503199025
6944,5504.388921055768
6088,5504.388921055768
5232,7228.615732776679
4376,7268.322436226677
3520,0.0
2664,9639.59519571602
1808,7936.372155549746
952,7919.090268870832
96,7919.090268870832
40329,7607.973807364366
39473,0.0
38617,10598.45875240708
37761,7353.795269392285
36905,6867.303326242914
36049,6867.303326242914
35193,6867.303326242914
34337,6863.1181624902765
33481,0.0
32625,7175.654339529178
31769,7173.316824144236
30913,7140.428527110804
30057,7142.121937056121
29201,7231.655197609906
28345,0.0
27489,0.0
26633,10355.58827831139
25777,7137.902040246548
24921,6745.867582444478
24065,6745.867582444478
23209,6745.867582444478
22353,6733.205684656338
21497,0.0
20641,7013.427312746053
19785,7013.427312746053
18929,7016.8156322223285
18073,7017.356081641332
17217,7388.581036750298
16361,7328.2639569988505
15505,0.0
14649,11175.873896483921
13793,7144.18903533298
12937,7005.8581010039825
12081,6920.173450352975
11225,6745.867582444478
10369,6972.448613501977
9513,0.0
8657,6945.508199116561
7801,6931.906030166789
6945,6891.537405787211
6089,6880.457075291683
5233,7080.420325947697
4377,6834.72928517619
3521,0.0
2665,10373.395768802195
1809,7137.902040246548
953,6745.867582444478
97,6745.867582444478
40330,4536.637070466909
39474,0.0
38618,7054.129776973558
37762,5859.410269174511
36906,5830.355302716306
36050,5822.752584501015
35194,5822.752584501015
34338,4525.877340686108
33482,0.0
32626,4411.927333109757
31770,4411.927333109757
30914,4411.927333109757
30058,4411.927333109757
29202,4509.563295728696
28346,4525.877340686108
27490,0.0
26634,7054.129776973558
25778,5855.681439848108
24922,5822.752584501015
24066,5822.752584501015
23210,5822.752584501015
22354,4525.877340686108
21498,0.0
20642,4411.927333109757
19786,4411.927333109757
18930,4411.927333109757
18074,4411.927333109757
17218,4603.559662605854
16362,4633.23183616253
15506,0.0
14650,7573.522539101062
13794,5956.340351805422
12938,6367.49608315839
12082,6071.282348025298
11226,5830.355302716306
10370,4525.877340686108
9514,0.0
8658,4411.927333109757
7802,4411.927333109757
6946,4411.927333109757
6090,4411.927333109757
5234,4509.563295728696
4378,4525.877340686108
3522,0.0
2666,7054.129776973558
1810,5855.681439848108
954,5822.752584501015
98,5822.752584501015
40331,5360.9603542919185
39475,0.0
38619,7542.054282579991
37763,5947.752819694022
36907,5861.138149067811
36051,5861.138149067811
35195,5861.138149067811
34339,4930.696659458754
33483,0.0
32627,4346.719348998504
31771,4280.132727992058
30915,4196.316025011895
30059,4197.663802789673
29203,4489.451267835222
28347,4856.263565163486
27491,0.0
26635,7491.622521285729
25779,5947.752819694022
24923,5850.535207891341
24067,5850.535207891341
23211,5861.138149067811
22355,4842.214954052374
21499,0.0
20643,4260.419287028764
19787,4211.791558854189
18931,4167.979621460307
18075,4177.144386417572
17219,4670.366159553779
16363,4970.9365732989945
15507,0.0
14651,7633.242828516819
13795,6040.649879040577
12939,7034.767784192433
12083,6350.021069664575
11227,5861.138149067811
10371,4997.002751006832
9515,0.0
8659,4417.401142920663
7803,4319.621798784492
6947,4244.11933698695
6091,4245.467114764728
5235,4492.405165684685
4379,4917.589805201898
3523,0.0
2667,7518.558447211656
1811,5947.752819694022
955,5850.535207891341
99,5850.535207891341
40332,7962.206273558555
39476,0.0
38620,9726.686027727907
37764,7811.752476933734
36908,7841.783958495157
36052,7471.822988213432
35196,7471.822988213432
34340,7293.5637615761725
33484,0.0
32628,5563.4559450907855
31772,5498.9708089458045
30916,5518.41492501992
30060,5515.614554649549
29204,7134.700296144246
28348,0.0
27492,0.0
26636,9698.275026221632
25780,7485.726899603961
24924,7481.027106942141
24068,7481.027106942141
23212,7464.854058000341
22356,8422.112745249697
21500,0.0
20644,5466.327298567233
19788,5478.69359321009
18932,5478.69359321009
18076,5478.69359321009
17220,7656.681925256224
16364,8508.229748862697
15508,0.0
14652,13241.04601072113
13796,7814.452404068629
12940,7955.697343394178
12084,7980.408401156171
11228,7700.763335339495
10372,8812.352914699666
9516,0.0
8660,5514.9568630165495
7804,5508.5716778313645
6948,5482.813548567233
6092,5482.813548567233
5236,7570.936875778411
4380,8360.703595371797
3524,0.0
2668,10028.23456001414
1812,7432.9076071948175
956,7428.207814532997
100,7428.207814532997
40333,6341.026854289108
39477,0.0
38621,8607.623460370152
37765,7562.943157754079
36909,7547.604319104604
36053,7473.724165645902
35197,7473.724165645902
34341,6177.838441147911
33485,0.0
32629,4873.369726465389
31773,4873.369726465389
30917,4873.369726465389
30061,4889.428059798723
29205,5614.834996381001
28349,6120.563696942523
27493,0.0
26637,8613.826225774481
25781,7478.423958307722
24925,7473.724165645902
24069,7473.724165645902
23213,7473.724165645902
22357,6133.072744561571
21501,0.0
20645,4889.428059798723
19789,4889.428059798723
18933,4889.428059798723
18077,4889.428059798723
17221,5877.394972587091
16365,6152.069724622638
15509,0.0
14653,14012.589900977437
13797,7635.130936372923
12941,7932.248814785487
12085,7780.643385399724
11229,7579.4509291948225
10373,6261.756327189463
9517,0.0
8661,4879.907145296557
7805,4879.907145296557
6949,4873.369726465389
6093,4873.369726465389
5237,5614.834996381001
4381,6120.563696942523
3525,0.0
2669,8504.565017613986
1813,7478.423958307722
957,7473.724165645902
101,7473.724165645902
40334,5908.43096972559
39478,0.0
38622,8602.211606076235
37766,6653.222774444961
36910,6583.541327640812
36054,6485.76873059157
35198,6485.76873059157
34342,5929.191867161488
33486,0.0
32630,4819.135627151478
31774,4787.532112321701
30918,4787.532112321701
30062,4787.532112321701
29206,5963.15612241771
28350,0.0
27494,0.0
26638,9197.863324020205
25782,6288.295300157526
24926,6245.692759372241
24070,6245.692759372241
23214,6252.548393608695
22358,5794.813301555191
21502,0.0
20646,4821.542998110435
19790,4850.375099502403
18934,4773.754057506478
18078,4799.475543345722
17222,5497.603967259666
16366,5052.719676424319
15510,0.0
14654,8527.44734881064
13798,6786.183843026429
12942,6918.145255033587
12086,6579.123912442827
11230,6373.967121822756
10374,5094.269618106951
9518,0.0
8662,5118.643465989954
7806,5111.611184929759
6950,4929.470612544929
6094,4930.6102881736215
5238,5148.441233456912
4382,4832.997202352282
3526,0.0
2670,8254.367684781431
1814,6280.825061649522
958,6238.222520864237
102,6238.222520864237
40335,5859.946216576281
39479,0.0
38623,8969.10988103576
37767,7150.713389818595
36911,6973.657024132708
36055,6875.243214591716
35199,6891.249775049233
34343,5846.477168957233
33487,0.0
32631,6300.980296222103
31775,6283.126232011788
30919,6252.70623672169
30063,6252.70623672169
29207,6415.949454172657
28351,0.0
27495,0.0
26639,8590.950628722861
25783,7494.582220523933
24927,7437.6558724968
24071,7423.521637287563
23215,7446.832458396709
22359,4401.050981428406
21503,0.0
20647,4952.1314220483555
19791,4934.27735783804
18935,4915.679055669636
18079,4955.201716748744
17223,5154.963796508785
16367,4449.717292729806
15511,0.0
14655,11006.231207160285
13799,7781.226860823112
12943,7752.594929009434
12087,7354.563765967736
11231,7189.917504604217
10375,4401.050981428406
9519,0.0
8663,4963.953115170048
7807,4946.099050959733
6951,4927.500748791329
6095,4967.023409870437
5239,5079.3275861913235
4383,4372.249731428407
3527,0.0
2671,8107.266673692561
1815,7486.764433727395
959,7429.838085700262
103,7421.379355541532
40336,5072.748341420817
39480,0.0
38624,10479.954563757658
37768,8461.11050164921
36912,7275.468416284785
36056,7275.468416284785
35200,7275.468416284785
34344,5072.048692959826
33488,0.0
32632,5821.851517822521
31776,5803.997453612206
30920,5786.913401292791
30064,5773.867734626124
29208,5854.231666019424
28352,0.0
27496,0.0
26640,9803.05585090624
25784,7519.165687464305
24928,6891.2681746728285
24072,6891.2681746728285
23216,6891.2681746728285
22360,5199.523987807707
21504,0.0
20648,5654.562156213505
19792,5636.708092003189
18936,5619.624039683774
18080,5620.754902321136
17224,5913.471174255578
16368,5199.523987807707
15512,0.0
14656,10516.179404864983
13800,7528.387774369507
12944,7187.155062036345
12088,7044.937226801785
11232,6891.2681746728285
10376,5203.5101388633275
9520,0.0
8664,5654.562156213505
7808,5636.708092003189
6952,5619.624039683774
6096,5606.578373017108
5240,5816.165996362484
4384,5209.4522059090505
3528,0.0
2672,9779.545653107822
1816,7519.165687464305
960,6891.2681746728285
104,6891.2681746728285
40337,6316.809275438681
39481,0.0
38625,9072.101553050032
37769,7041.875055850205
36913,6981.009967269615
36057,6910.533404215076
35201,6910.533404215076
34345,6246.967114411922
33489,0.0
32633,6221.856408280932
31777,6195.557516073837
30921,6195.557516073837
30065,6195.557516073837
29209,6307.140491060957
28353,6246.967114411922
27497,0.0
26641,8451.464764815477
25785,6957.81714389344
24929,6924.030961331713
24073,6924.030961331713
23217,6924.030961331713
22361,6239.973538951435
21505,0.0
20649,6188.5842974467205
19793,6195.800420700355
18937,6230.644468319402
18081,6243.013823158112
17225,6510.772739437596
16369,6618.786673500572
15513,0.0
14657,11851.18221066379
13801,7397.724083542239
12945,7421.27710686642
12089,7286.469260861564
11233,6984.814700780591
10377,6261.203875311277
9521,0.0
8665,6239.165022773851
7809,6216.5360968967225
6953,6179.6843983298695
6097,6158.289398329869
5241,6307.140491060957
4385,6246.967114411922
3529,0.0
2673,9073.926062617293
1817,6903.33537380423
961,6869.549191242503
105,6869.549191242503
40338,4641.427301613843
39482,0.0
38626,8369.498154374534
37770,6443.966199463196
36914,6438.550527022138
36058,6290.916540141415
35202,6290.916540141415
34346,4641.427301613843
33490,0.0
32634,4307.801836968322
31778,4312.051192710618
30922,4302.411797186048
30066,4302.411797186048
29210,4662.516156159308
28354,4641.427301613843
27498,0.0
26642,7842.737359553453
25786,6314.718845908525
24930,6290.916540141415
24074,6290.916540141415
23218,6290.916540141415
22362,4641.427301613843
21506,0.0
20650,4475.9280857295425
19794,4486.105069856527
18938,4528.615631424589
18082,4513.480446239404
17226,4900.060061384209
16370,5415.884081472921
15514,0.0
14658,11417.939011617535
13802,6968.252733549377
12946,7028.216644109789
12090,6803.625442096905
11234,6469.233077962998
10378,5587.462235473914
9522,0.0
8666,4472.525327293147
7810,4445.152600020419
6954,4407.320893116211
6098,4368.726436646754
5242,4713.191285155171
4386,5318.085312951993
3530,0.0
2674,8181.907400187213
1818,6315.825902196465
962,6292.023596429355
106,6292.023596429355
40339,3479.0668482259284
39483,0.0
38627,7171.664784985991
37771,6419.0623531220635
36915,6328.681216346434
36059,6321.078498131143
35203,6321.078498131143
34347,3444.221960677619
33491,0.0
32635,4390.824647994
31779,4385.716929723755
30923,4369.401383048619
30067,4369.401383048619
29211,4393.486430922817
28355,3435.0684421591004
27499,0.0
26643,7152.053745559469
25787,6403.60149765187
24931,6321.078498131143
24075,6321.078498131143
23219,6321.078498131143
22363,3444.221960677619
21507,0.0
20651,4367.158984764872
19795,4367.158984764872
18939,4362.336904934141
18083,4362.336904934141
17227,4405.045089948695
16371,3434.9970460785544
15515,0.0
14659,7279.109615680035
13803,6511.535776619746
12947,6986.18305530509
12091,6519.225162786627
11235,6328.681216346434
10379,3464.033695593878
9523,0.0
8667,4404.473934085195
7811,4384.299797273943
6955,4379.477717443212
6099,4379.477717443212
5243,4406.79726149938
4387,3435.0684421591004
3531,0.0
2675,7152.053745559469
1819,6403.60149765187
963,6321.078498131143
107,6321.078498131143
40340,5974.240342030606
39484,0.0
38628,9367.376741829208
37772,7251.981505348453
36916,6706.357139670311
36060,6706.357139670311
35204,6706.357139670311
34348,5783.254510958249
33492,0.0
32636,5363.222544454197
31780,5363.222544454197
30924,5363.222544454197
30068,5363.222544454197
29212,5670.742791382793
28356,5783.254510958249
27500,0.0
26644,9179.713662524255
25788,7251.981505348453
24932,6706.357139670311
24076,6706.357139670311
23220,6706.357139670311
22364,5783.254510958249
21508,0.0
20652,5363.222544454197
19796,5363.222544454197
18940,5363.222544454197
18084,5363.222544454197
17228,5682.82703916463
16372,5832.813894635418
15516,0.0
14660,9278.152200933817
13804,7385.968467342639
12948,7958.941478387797
12092,6972.699210774931
11236,6706.357139670311
10380,5783.254510958249
9524,0.0
8668,5444.826489808251
7812,5444.826489808251
6956,5444.826489808251
6100,5444.826489808251
5244,5752.346736736845
4388,5783.254510958249
3532,0.0
2676,9185.30610546241
1820,7251.981505348453
964,6706.357139670311
108,6706.357139670311
40341,7299.181111911972
39485,0.0
38629,10378.367627380521
37773,7872.263399385463
36917,7872.263399385463
36061,7872.263399385463
35205,7872.263399385463
34349,6092.100877184759
33493,0.0
32637,6087.936624973781
31781,6069.569259741437
30925,6069.569259741437
30069,6069.569259741437
29213,6069.569259741437
28357,0.0
27501,0.0
26645,10078.714213364678
25789,7872.263399385463
24933,7872.263399385463
24077,7872.263399385463
23221,7872.263399385463
22365,6069.569259741437
21509,0.0
20653,6069.569259741437
19797,6069.569259741437
18941,6069.569259741437
18085,6069.569259741437
17229,6239.904403262832
16373,5981.972046625932
15517,0.0
14661,10936.604659170223
13805,9192.429412267818
12949,9803.813440380689
12093,7872.263399385463
11237,7872.263399385463
10381,6331.32815960381
9525,0.0
8669,6121.0526774613845
7813,6121.0526774613845
6957,6087.936624973781
6101,6087.936624973781
5245,6069.569259741437
4389,6069.569259741437
3533,0.0
2677,10295.603554210755
1821,7872.263399385463
965,7872.263399385463
109,7872.263399385463
40342,5577.8202555952585
39486,0.0
38630,11621.90923223853
37774,11096.225585607493
36918,8617.355423407183
36062,8451.930696640125
35206,8296.236119272415
34350,0.0
33494,0.0
32638,6232.13455536647
31782,6190.055924849965
30926,6127.845255041115
30070,6156.895952491813
29214,6257.641532393222
28358,0.0
27502,0.0
26646,14210.779080698938
25790,8851.86755718735
24934,7840.083244885898
24078,7774.5273987289675
23222,7729.271459258122
22366,4402.960852019028
21510,0.0
20654,4866.525362889573
19798,4811.150098054736
18942,4804.522947192376
18086,4806.498955754702
17230,5302.50606996877
16374,4824.365561301095
15518,0.0
14662,14618.58255977839
13806,9257.57005012304
12950,8666.232734137333
12094,8490.900914163802
11238,8271.289567990332
10382,4436.940998205854
9526,0.0
8670,4947.375183307008
7814,4896.089488895151
6958,4817.072144379848
6102,4811.406460619165
5246,4945.3921904880635
4390,4402.127328627215
3534,0.0
2678,14462.132898872365
1822,9200.382317306041
966,7943.771749734808
110,7790.526967860817
40343,8220.312633786221
39487,0.0
38631,10839.31092757085
37775,8028.686404922933
36919,8013.349001419052
36063,7969.444752731405
35207,7969.444752731405
34351,7329.364136723484
33495,0.0
32639,5756.512356182242
31783,5756.512356182242
30927,5756.512356182242
30071,5756.512356182242
29215,7286.722804392558
28359,7295.198095881547
27503,0.0
26647,9792.28685665483
25791,7954.961793603859
24935,7950.262000942039
24079,7950.262000942039
23223,7950.262000942039
22367,7295.198095881547
21511,0.0
20655,5756.512356182242
19799,5756.512356182242
18943,5756.512356182242
18087,5756.512356182242
17231,7573.192867301404
16375,7647.528586755524
15519,0.0
14663,15343.278600202606
13807,8260.130497147491
12951,8439.345942650825
12095,8388.735213033257
11239,8004.803860471747
10383,8078.058935523478
9527,0.0
8671,5756.512356182242
7815,5756.512356182242
6959,5756.512356182242
6103,5756.512356182242
5247,7286.722804392558
4391,7295.198095881547
3535,0.0
2679,10655.588979303082
1823,7954.961793603859
967,7950.262000942039
111,7950.262000942039
40344,7799.712773808194
39488,0.0
38632,10735.487582534997
37776,7872.263399385463
36920,7872.263399385463
36064,7872.263399385463
35208,7872.263399385463
34352,5902.198354666964
33496,0.0
32640,5797.737783044188
31784,5779.370417811844
30928,5779.370417811844
30072,5779.370417811844
29216,5869.7109277467725
28360,5869.7109277467725
27504,0.0
26648,10527.525594358962
25792,7872.263399385463
24936,7872.263399385463
24080,7872.263399385463
23224,7872.263399385463
22368,5869.7109277467725
21512,0.0
20656,5779.370417811844
19800,5779.370417811844
18944,5779.370417811844
18088,5779.370417811844
17232,6157.993166669778
16376,6475.744217975905
15520,0.0
14664,11533.798217697042
13808,10018.431403200228
12952,10340.386473304254
12096,7872.263399385463
11240,7872.263399385463
10384,6066.021363159457
9528,0.0
8672,5840.809645008661
7816,5840.809645008661
6960,5797.737783044188
6104,5797.737783044188
5248,5869.7109277467725
4392,5869.7109277467725
3536,0.0
2680,10604.861523068677
1824,7872.263399385463
968,7872.263399385463
112,7872.263399385463
40345,4990.113552680988
39489,0.0
38633,9659.801656274178
37777,7274.988018584303
36921,6788.49607543493
36065,6788.49607543493
35209,6788.49607543493
34353,4788.389316825817
33497,0.0
32641,5218.684996067109
31785,5198.11269497724
30929,5192.901982406339
30073,5188.351614267115
29217,5186.284441137714
28361,0.0
27505,0.0
26649,9856.015923660447
25793,7270.058358935948
24937,6878.023901133879
24081,6878.023901133879
23225,6878.023901133879
22369,4889.885698073793
21513,0.0
20657,5138.513357274258
19801,5131.821767768085
18945,5131.821767768085
18089,5144.392262513022
17233,5555.821606669009
16377,4957.028162194643
15521,0.0
14665,10887.161767705298
13809,7255.70853824284
12953,7117.377603913845
12097,7031.692953262836
11241,6878.023901133879
10385,4894.539507597602
9529,0.0
8673,5214.44411112656
7817,5207.752521620388
6961,5188.478652110006
6105,5183.928283970782
5249,5255.773066832078
4393,4894.539507597602
3537,0.0
2681,9883.966114830844
1825,7256.397523491129
969,6864.363065689059
113,6864.363065689059
40346,7755.72160414483
39490,0.0
38634,11800.393541164942
37778,8423.875555922015
36922,8423.875555922015
36066,8423.875555922015
35210,8423.875555922015
34354,6092.100877184759
33498,0.0
32642,6087.936624973781
31786,6069.569259741437
30930,6069.569259741437
30074,6069.569259741437
29218,6069.569259741437
28362,6069.569259741437
27506,0.0
26650,11333.723013979521
25794,8423.875555922015
24938,8423.875555922015
24082,8423.875555922015
23226,8423.875555922015
22370,6069.569259741437
21514,0.0
20658,6069.569259741437
19802,6069.569259741437
18946,6069.569259741437
18090,6069.569259741437
17234,6249.217054359498
16378,6491.940289952729
15522,0.0
14666,11547.936871141694
13810,8641.229224861592
12954,9685.424748036245
12098,8423.875555922015
11242,8423.875555922015
10386,6278.579965159365
9530,0.0
8674,6121.0526774613845
7818,6121.0526774613845
6962,6087.936624973781
6106,6087.936624973781
5250,6069.569259741437
4394,6069.569259741437
3538,0.0
2682,11535.054721496184
1826,8423.875555922015
970,8423.875555922015
114,8423.875555922015
40347,4955.110013439253
39491,0.0
38635,8490.320132617298
37779,7456.0671373590985
36923,6964.515252445106
36067,6972.25955275957
35211,6972.25955275957
34355,4955.110013439253
33499,0.0
32643,5431.456566565342
31787,5431.456566565342
30931,5431.456566565342
30075,5431.456566565342
29219,5457.864540044404
28363,4955.110013439253
27507,0.0
26651,8490.320132617298
25795,7456.0671373590985
24939,6964.515252445106
24083,6949.188487944756
23227,6949.188487944756
22371,4955.110013439253
21515,0.0
20659,5431.456566565342
19803,5431.456566565342
18947,5431.456566565342
18091,5431.456566565342
17235,5457.864540044404
16379,4955.110013439253
15523,0.0
14667,8589.662329184684
13811,7550.6160222703675
12955,8218.05722220086
12099,7260.336893767253
11243,6949.188487944756
10387,4955.110013439253
9531,0.0
8675,5431.456566565342
7819,5431.456566565342
6963,5431.456566565342
6107,5431.456566565342
5251,5457.864540044404
4395,4955.110013439253
3539,0.0
2683,8490.320132617298
1827,7435.6790421210035
971,6954.161636092904
115,6949.188487944756
40348,3961.8141218030514
39492,0.0
38636,10527.803144398897
37780,8182.260742698863
36924,8095.728978568031
36068,8072.435185596297
35212,8072.435185596297
34356,3946.8924011240388
33500,0.0
32644,5409.998252268421
31788,5407.800253230423
30932,5399.945743451257
30076,5392.931397855288
29220,5639.227832092196
28364,3946.8924011240388
27508,0.0
26652,10340.944000013913
25796,8182.260742698863
24940,8095.728978568031
24084,8072.435185596297
23228,8072.435185596297
22372,3946.8924011240388
21516,0.0
20660,5344.007700576185
19804,5344.007700576185
18948,5344.007700576185
18092,5352.2381068586365
17236,5833.185511186411
16380,3938.2532146161025
15524,0.0
14668,10399.193556544127
13812,8242.031512145772
12956,8119.796375093499
12100,8126.025993030853
11244,8072.435185596297
10388,3947.4086386628255
9532,0.0
8676,5439.817412243206
7820,5439.729745661421
6964,5409.998252268421
6108,5409.998252268421
5252,5654.09668746733
4396,3936.735181872702
3540,0.0
2684,10408.59584716993
1828,8182.260742698863
972,8095.728978568031
116,8072.435185596297
40349,7908.408289363856
39493,0.0
38637,11756.334438104248
37781,7872.263399385463
36925,7872.263399385463
36069,7872.263399385463
35213,7872.263399385463
34357,6167.774376584974
33501,0.0
32645,6163.610124373996
31789,6145.242759141651
30933,6145.242759141651
30077,6145.242759141651
29221,6145.242759141651
28365,6145.242759141651
27509,0.0
26653,11569.090105022711
25797,7872.263399385463
24941,7872.263399385463
24085,7872.263399385463
23229,7872.263399385463
22373,6145.242759141651
21517,0.0
20661,6145.242759141651
19805,6145.242759141651
18949,6145.242759141651
18093,6145.242759141651
17237,6315.577902663046
16381,6529.404181687404
15525,0.0
14669,11884.44158778681
13813,9244.898115784856
12957,9850.845362473212
12101,7872.263399385463
11245,7872.263399385463
10389,6352.760099174963
9533,0.0
8677,6196.726176861599
7821,6196.726176861599
6965,6163.610124373996
6109,6163.610124373996
5253,6145.242759141651
4397,6145.242759141651
3541,0.0
2685,11535.162435956387
1829,7872.263399385463
973,7872.263399385463
117,7872.263399385463
40350,7044.413629885131
39494,0.0
38638,10153.25122280817
37782,7023.916046585372
36926,6421.584274088521
36070,6421.584274088521
35214,6421.584274088521
34358,6914.231555234712
33502,0.0
32646,5606.465945207753
31790,5606.182688159791
30934,5612.230398120178
30078,5621.056907782013
29222,6413.2418052060975
28366,6760.049591974831
27510,0.0
26654,10031.991366858281
25798,7001.923780257464
24942,6498.992856289196
24086,6498.992856289196
23230,6498.992856289196
22374,6760.049591974831
21518,0.0
20662,5357.9330914855145
19806,5322.966793346085
18950,5317.140574241115
18094,5329.669532363371
17238,6297.51239417995
16382,6807.313262609751
15526,0.0
14670,10987.023272406805
13814,7051.780019284382
12958,7180.295514502476
12102,6781.036782905518
11246,6498.992856289196
10390,6841.106400558453
9534,0.0
8678,5406.222664123747
7822,5357.654197034544
6966,5321.833618451334
6110,5321.833618451334
5254,6308.543338080409
4398,6760.049591974831
3542,0.0
2686,10019.073354375607
1830,6988.2629448126445
974,6485.3320208443765
118,6485.3320208443765
40351,7858.249373061732
39495,0.0
38639,10490.005059584655
37783,7872.263399385463
36927,7872.263399385463
36071,7872.263399385463
35215,7872.263399385463
34359,6491.507725075137
33503,0.0
32647,6477.387663387291
31791,6447.101545778423
30935,6447.101545778423
30079,6447.101545778423
29223,6447.101545778423
28367,6447.101545778423
27511,0.0
26655,10424.63538783478
25799,7872.263399385463
24943,7872.263399385463
24087,7872.263399385463
23231,7872.263399385463
22375,6447.101545778423
21519,0.0
20663,6447.101545778423
19807,6447.101545778423
18951,6447.101545778423
18095,6447.101545778423
17239,6693.070839579612
16383,6533.574354274471
15527,0.0
14671,11553.974657206385
13815,10068.14637385879
12959,10502.617367787612
12103,7872.263399385463
11247,7872.263399385463
10391,6603.903595666703
9535,0.0
8679,6520.459525351763
7823,6520.459525351763
6967,6477.387663387291
6111,6477.387663387291
5255,6447.101545778423
4399,6447.101545778423
3543,0.0
2687,10448.387895622662
1831,7872.263399385463
975,7872.263399385463
119,7872.263399385463
40352,8679.362392255121
39496,0.0
38640,9907.136130541214
37784,8282.200806806413
36928,8282.200806806413
36072,8282.200806806413
35216,8282.200806806413
34360,7091.445514365665
33504,0.0
32648,6847.601606660398
31792,6838.27457194876
30936,6838.27457194876
30080,6838.27457194876
29224,6911.498908309942
28368,7067.154239779036
27512,0.0
26656,9715.902614599434
25800,8282.200806806413
24944,8282.200806806413
24088,8282.200806806413
23232,8282.200806806413
22376,7067.154239779036
21520,0.0
20664,6838.27457194876
19808,6838.27457194876
18952,6838.27457194876
18096,6838.27457194876
17240,7081.568688701208
16384,7958.061560074018
15528,0.0
14672,10578.121090832394
13816,9392.513732579384
12960,9766.744439435874
12104,8282.200806806413
11248,8282.200806806413
10392,7091.445514365665
9536,0.0
8680,6862.565846535388
7824,6862.565846535388
6968,6847.601606660398
6112,6847.601606660398
5256,6911.498908309942
4400,7067.154239779036
3544,0.0
2688,9836.284022434398
1832,8282.200806806413
976,8282.200806806413
120,8282.200806806413
40353,6846.287396145109
39497,0.0
38641,10468.155168336134
37785,8796.20302554423
36929,7972.128811689151
36073,7972.128811689151
35217,7980.343354172812
34361,6536.766068277725
33505,0.0
32649,5759.848614818454
31793,5759.848614818454
30937,5759.848614818454
30081,5759.848614818454
29225,5983.484398051603
28369,6431.219084575381
27513,0.0
26657,11187.274325838614
25801,8610.608711119035
24945,8199.831312724846
24089,8199.831312724846
23233,8199.831312724846
22377,6607.541649793087
21521,0.0
20665,6042.158812666378
19809,6042.158812666378
18953,6042.158812666378
18097,6042.158812666378
17241,6525.218164804485
16385,6607.541649793087
15529,0.0
14673,11351.049107273951
13817,8653.452989676125
12961,8590.227763399149
12105,8158.4292982760735
11249,8199.831312724846
10393,6607.541649793087
9537,0.0
8681,6052.022659701359
7825,6052.022659701359
6969,6042.158812666378
6113,6042.158812666378
5257,6525.218164804485
4401,6607.541649793087
3545,0.0
2689,11172.78872769692
1833,8610.608711119035
977,8199.831312724846
121,8199.831312724846
40354,7264.826755995217
39498,0.0
38642,8833.724833759217
37786,7801.124810323613
36930,7801.124810323613
36074,7801.124810323613
35218,7801.124810323613
34362,5781.169460238444
33506,0.0
32650,5777.005208027466
31794,5758.637842795122
30938,5758.637842795122
30082,5758.637842795122
29226,5758.637842795122
28370,5758.637842795122
27514,0.0
26658,8525.771541734446
25802,7801.124810323613
24946,7801.124810323613
24090,7801.124810323613
23234,7801.124810323613
22378,5758.637842795122
21522,0.0
20666,5758.637842795122
19810,5758.637842795122
18954,5758.637842795122
18098,5758.637842795122
17242,5913.032618933004
16386,5953.717378671834
15530,0.0
14674,9903.30629483743
13818,8796.790889496568
12962,9465.2088398874
12106,7801.124810323613
11250,7801.124810323613
10394,5966.155182828434
9538,0.0
8682,5810.1212605150695
7826,5810.1212605150695
6970,5777.005208027466
6114,5777.005208027466
5258,5758.637842795122
4402,5758.637842795122
3546,0.0
2690,8629.082441024544
1834,7801.124810323613
978,7801.124810323613
122,7801.124810323613
40355,7407.924008924235
39499,0.0
38643,10126.97218081465
37787,7801.124810323613
36931,7801.124810323613
36075,7801.124810323613
35219,7801.124810323613
34363,6083.971625376905
33507,0.0
32651,6069.851563689058
31795,6039.565446080191
30939,6039.565446080191
30083,6039.565446080191
29227,6039.565446080191
28371,6039.565446080191
27515,0.0
26659,9800.095420912783
25803,7801.124810323613
24947,7801.124810323613
24091,7801.124810323613
23235,7801.124810323613
22379,6039.565446080191
21523,0.0
20667,6039.565446080191
19811,6039.565446080191
18955,6039.565446080191
18099,6039.565446080191
17243,6264.103669922533
16387,6168.5961886155665
15531,0.0
14675,10944.556959209413
13819,9946.479269245096
12963,10438.049942836344
12107,7801.124810323613
11251,7801.124810323613
10395,6196.36749596847
9539,0.0
8683,6112.92342565353
7827,6112.92342565353
6971,6069.851563689058
6115,6069.851563689058
5259,6039.565446080191
4403,6039.565446080191
3547,0.0
2691,9967.230730002622
1835,7801.124810323613
979,7801.124810323613
123,7801.124810323613
40356,6478.0001113532135
39500,0.0
38644,10353.624061853556
37788,7952.7666418090175
36932,7952.7666418090175
36076,7952.7666418090175
35220,7952.7666418090175
34364,5993.60100356523
33508,0.0
32652,5827.569775840099
31796,5839.352001324266
30940,5839.352001324266
30084,5839.352001324266
29228,5980.463179697536
28372,5980.463179697536
27516,0.0
26660,10044.200825197164
25804,7952.7666418090175
24948,7952.7666418090175
24092,7952.7666418090175
23236,7952.7666418090175
22380,5980.463179697536
21524,0.0
20668,5839.352001324266
19812,5839.352001324266
18956,5839.352001324266
18100,5839.352001324266
17244,6134.090868829997
16388,6429.913989612108
15532,0.0
14676,13070.960285870184
13820,8721.034694880364
12964,8987.483596141397
12108,7952.7666418090175
11252,7952.7666418090175
10396,5993.60100356523
9540,0.0
8684,5852.489825191959
7828,5852.489825191959
6972,5827.569775840099
6116,5827.569775840099
5260,5980.463179697536
4404,5980.463179697536
3548,0.0
2692,10262.359807301777
1836,7952.7666418090175
980,7952.7666418090175
124,7952.7666418090175
40357,4577.9364607117395
39501,0.0
38645,9455.700372278898
37789,7566.957760762042
36933,7111.509431479691
36077,7111.509431479691
35221,7111.509431479691
34365,4577.9364607117395
33509,0.0
32653,4623.772134328332
31797,4623.772134328332
30941,4623.772134328332
30085,4623.772134328332
29229,4623.772134328332
28373,4626.799249409649
27517,0.0
26661,10208.656194721563
25805,7197.460483474387
24949,6988.895261891239
24093,6988.895261891239
23237,6988.895261891239
22381,4626.799249409649
21525,0.0
20669,4672.63492302624
19813,4672.63492302624
18957,4672.63492302624
18101,4672.63492302624
17245,4722.133689260265
16389,4680.330307753038
15533,0.0
14677,11351.625249565363
13821,7225.377842584235
12965,7145.7647658339765
12109,7105.413725263706
11253,6988.895261891239
10397,4626.799249409649
9541,0.0
8685,4672.63492302624
7829,4672.63492302624
6973,4672.63492302624
6117,4672.63492302624
5261,4672.63492302624
4405,4626.799249409649
3549,0.0
2693,10245.052775279446
1837,7183.799648029568
981,6975.234426446419
125,6975.234426446419
40358,2688.7921504295186
39502,0.0
38646,8351.835007485239
37790,6596.240186056127
36934,5883.094019217748
36078,5878.86274216147
35222,5872.448979535208
34366,2476.1224356975044
33510,0.0
32654,3903.3507835992345
31798,3903.3507835992345
30942,3899.869634848858
30086,3899.869634848858
29230,3902.000732682817
28374,0.0
27518,0.0
26662,9017.999521106665
25806,6535.232954453035
24950,5885.387185138984
24094,5881.486483384598
23238,5881.486483384598
22382,2865.9045516440137
21526,0.0
20670,3971.5419694773923
19814,3971.5419694773923
18958,3960.677938374074
18102,3960.677938374074
17246,3983.1546118795154
16390,2884.1414064558685
15534,0.0
14678,10042.816471415255
13822,6573.818104517455
12966,6568.283366690832
12110,6075.075803034734
11254,5890.521634899749
10398,2869.1275923963644
9542,0.0
8686,3986.309709180929
7830,3986.309709180929
6974,3975.445678077611
6118,3957.6608973758566
5262,3953.734995209816
4406,2865.9045516440137
3550,0.0
2694,9010.4383486407
1838,6521.572119008215
982,5871.726349694164
126,5870.4470368286675
40359,6292.511120981872
39503,0.0
38647,7714.624164059414
37791,7323.231137928369
36935,7209.891950083714
36079,7068.996751427267
35223,6923.046416930721
34367,5821.0786414847325
33511,0.0
32655,5497.267397202529
31799,5444.1497026328725
30943,5432.358107218958
30087,5443.6809855480205
29231,5508.240702686314
28375,5778.513083667212
27519,0.0
26663,7234.68757399987
25807,6939.62979602475
24951,6866.505728513431
24095,6777.963087066436
23239,6732.9759099842595
22383,5778.513083667212
21527,0.0
20671,5432.358107218958
19815,5432.358107218958
18959,5432.358107218958
18103,5443.6809855480205
17247,5636.565793321658
16391,6035.113996473763
15535,0.0
14679,7500.3197208141
13823,7808.1472150415775
12967,7812.567104124422
12111,7316.005888085199
11255,7165.474055775965
10399,6160.041859636426
9543,0.0
8687,5680.766839332352
7831,5608.354120257812
6975,5591.412493273685
6119,5508.590275531592
5263,5520.032298100227
4407,5778.513083667212
3551,0.0
2695,7389.820812555979
1839,7060.896660122972
983,6988.378375085787
127,6899.327369517281
40360,4515.10611522784
39504,0.0
38648,10949.839176756328
37792,8218.099726239632
36936,8100.543242643033
36080,8100.543242643033
35224,8100.543242643033
34368,4446.142237174879
33512,0.0
32656,6314.0311090311125
31800,6314.0311090311125
30944,6314.0311090311125
30088,6314.0311090311125
29232,6341.979713280124
28376,4427.570972793265
27520,0.0
26664,10866.650555187935
25808,8218.099726239632
24952,8100.543242643033
24096,8100.543242643033
23240,8100.543242643033
22384,4427.570972793265
21528,0.0
20672,6314.0311090311125
19816,6314.0311090311125
18960,6314.0311090311125
18104,6314.0311090311125
17248,6341.979713280124
16392,4450.336576749494
15536,0.0
14680,10891.020620156189
13824,8260.89317943787
12968,8724.804387555389
12112,8292.492610344278
11256,8100.543242643033
10400,4455.682540205181
9544,0.0
8688,6314.0311090311125
7832,6314.0311090311125
6976,6314.0311090311125
6120,6314.0311090311125
5264,6341.979713280124
4408,4427.570972793265
3552,0.0
2696,10833.254445555182
1840,8218.099726239632
984,8100.543242643033
128,8100.543242643033
40361,5003.416776267252
39505,0.0
38649,9263.309752623327
37793,7088.651227886784
36937,6991.6720883826965
36081,6944.697212675266
35225,6944.697212675266
34369,5003.416776267252
33513,0.0
32657,4441.696036938925
31801,4451.915404083219
30945,4442.548803404486
30089,4446.080284885967
29233,4520.498036152318
28377,4935.826550752027
27521,0.0
26665,9007.074354305201
25809,6900.518189298172
24953,6888.09937062732
24097,6882.423865576816
23241,6882.423865576816
22385,4952.197142058869
21529,0.0
20673,4421.660796814315
19817,4411.3765793845805
18961,4411.3765793845805
18105,4419.048960021404
17249,4944.279053931527
16393,5020.279950783031
15537,0.0
14681,10523.115292764296
13825,7384.462149692469
12969,7445.740830710702
12113,7130.903392930081
11257,7004.878190658351
10401,5005.279901105376
9545,0.0
8689,4434.649302371024
7833,4432.100977207625
6977,4432.100977207625
6121,4428.304680911328
5265,4493.355831498946
4409,4937.689675590152
3553,0.0
2697,9212.670593709652
1841,6887.909453794991
985,6875.490635124141
129,6875.490635124141
40362,4489.118988204606
39506,0.0
38650,7878.626103899547
37794,6978.422618351873
36938,6574.8170301003265
36082,6574.8170301003265
35226,6565.780839624136
34370,4310.050253750816
33514,0.0
32658,4294.459434264891
31802,4270.758102389436
30946,4258.862650186296
30090,4258.862650186296
29234,4287.578670689216
28378,4280.081458689284
27522,0.0
26666,7739.462204907311
25810,6941.773609996177
24954,6563.66638222968
24098,6563.66638222968
23242,6563.66638222968
22386,4280.081458689284
21530,0.0
20674,4258.862650186296
19818,4252.271566852963
18962,4252.271566852963
18106,4252.271566852963
17250,4319.101621858085
16394,4338.174211978128
15538,0.0
14682,8465.274221074498
13826,7047.759601636195
12970,6897.552213690841
12114,6748.42928494382
11258,6639.5455786267175
10402,4392.877131023356
9546,0.0
8690,4305.009506003991
7834,4305.009506003991
6978,4298.742042817913
6122,4298.742042817913
5266,4303.756731445378
4410,4296.259519445445
3554,0.0
2698,7841.884811744918
1842,6977.049823308546
986,6607.936989481442
130,6607.936989481442
40363,5191.5114551183715
39507,0.0
38651,11099.190321664073
37795,7491.757136344476
36939,7162.575049700978
36083,7162.575049700978
35227,7162.575049700978
34371,5191.5114551183715
33515,0.0
32659,5955.34359387005
31803,5955.34359387005
30947,5955.34359387005
30091,5955.34359387005
29235,5949.471572951271
28379,5191.5114551183715
27523,0.0
26667,11027.716129655904
25811,7491.757136344476
24955,7162.575049700978
24099,7162.575049700978
23243,7162.575049700978
22387,5191.5114551183715
21531,0.0
20675,5955.34359387005
19819,5955.34359387005
18963,5955.34359387005
18107,5955.34359387005
17251,5949.471572951271
16395,5191.5114551183715
15539,0.0
14683,11075.959900077463
13827,7582.174854398178
12971,8109.487477139499
12115,7427.276431713951
11259,7162.575049700978
10403,5191.5114551183715
9547,0.0
8691,5955.34359387005
7835,5955.34359387005
6979,5955.34359387005
6123,5955.34359387005
5267,5949.471572951271
4411,5191.5114551183715
3555,0.0
2699,11027.716129655904
1843,7491.757136344476
987,7162.575049700978
131,7162.575049700978
40364,6994.52079729645
39508,0.0
38652,9102.539559054816
37796,7732.6374428613535
36940,7337.08958127448
36084,7288.995033640705
35228,7251.939104190688
34372,6318.290443767809
33516,0.0
32660,6589.471718327763
31804,6426.348362864209
30948,6277.7789815786655
30092,6275.073472458156
29236,6336.138409572447
28380,0.0
27524,0.0
26668,8679.395042296675
25812,7320.419803075079
24956,7103.6823505229995
24100,7092.502931032449
23244,7155.848163398184
22388,6871.012948472935
21532,0.0
20676,6446.6287998178805
19820,6423.5198615847
18964,6442.434812803708
18108,6494.232106302522
17252,6566.871812200633
16396,6908.618424768188
15540,0.0
14684,8703.956632003265
13828,7914.832128820184
12972,7589.467384660018
12116,7558.4766060520515
11260,7262.580316700528
10404,6950.786675549335
9548,0.0
8692,6560.52828194293
7836,6534.456558161964
6980,6480.687082083716
6124,6363.145624824822
5268,6300.85452517284
4412,6920.003822013982
3556,0.0
2700,8740.392861605314
1844,7391.649446040762
988,7059.160256012157
132,7039.8374530763485
40365,5502.9352630468975
39509,0.0
38653,7963.663586782278
37797,6601.155512862705
36941,6548.613667706386
36085,6628.37884302207
35229,6628.37884302207
34373,5321.920969441326
33517,0.0
32661,5472.1507501145325
31805,5456.41697201786
30949,5454.1592222226645
30093,5449.255318834386
29237,5584.399100585457
28381,0.0
27525,0.0
26669,7982.889643889358
25813,6644.078252151595
24957,6614.1590013930345
24101,6593.406091340124
23245,6593.406091340124
22389,5735.988243715174
21533,0.0
20677,5409.739765398086
19821,5409.739765398086
18965,5422.4208108865505
18109,5435.319270922769
17253,5871.440949701296
16397,5750.769403135464
15541,0.0
14685,11379.127734307473
13829,6768.775371949492
12973,6765.236883393159
12117,6645.364007433052
11261,6584.978665185955
10405,5820.178606231242
9549,0.0
8693,5443.743707290734
7837,5443.743707290734
6981,5432.560104732493
6125,5412.634250898122
5269,5642.778234651449
4413,5723.4791960961265
3557,0.0
2701,8980.970222666474
1845,6653.050863567957
989,6623.131612809396
133,6605.884070074354
40366,6182.02445513016
39510,0.0
38654,7597.727342556259
37798,6863.364390801409
36942,6873.16375802178
36086,6856.0556778530035
35230,6856.0556778530035
34374,6014.099041313049
33518,0.0
32662,5481.861832506088
31806,5457.185244242501
30950,5442.245594135663
30094,5381.505027480099
29238,5488.040434570735
28382,5959.606642808777
27526,0.0
26670,7541.025186471601
25814,6846.256310632632
24958,6856.0556778530035
24102,6856.0556778530035
23246,6856.0556778530035
22390,5926.921919209939
21534,0.0
20678,5464.748708564725
19822,5450.148839877856
18966,5441.402659322301
18110,5404.076899603094
17254,5563.839187785347
16398,6131.542354203959
15542,0.0
14686,7687.504178112084
13830,7057.461080866412
12974,7967.859971368246
12118,7101.628703572104
11262,6873.16375802178
10406,6032.477612741621
9550,0.0
8694,5481.861832506088
7838,5467.261963819221
6982,5458.515783263664
6126,5393.726839984722
5270,5471.96371036901
4414,5973.766899219033
3558,0.0
2702,7541.025186471601
1846,6846.256310632632
990,6856.0556778530035
134,6856.0556778530035
40367,3562.0086351413897
39511,0.0
38655,7828.726829239229
37799,6555.329036116108
36943,5979.690020991587
36087,5979.690020991587
35231,5979.690020991587
34375,3562.0086351413897
33519,0.0
32663,5095.653243120071
31807,5095.653243120071
30951,5095.653243120071
30095,5095.653243120071
29239,5093.224120591753
28383,3562.0086351413897
27527,0.0
26671,7718.0136406758675
25815,6555.329036116108
24959,5979.690020991587
24103,5979.690020991587
23247,5979.690020991587
22391,3562.0086351413897
21535,0.0
20679,5095.653243120071
19823,5095.653243120071
18967,5095.653243120071
18111,5095.653243120071
17255,5105.30836837359
16399,3562.0086351413897
15543,0.0
14687,7773.737009744478
13831,6689.315998110294
12975,7362.408124593569
12119,6342.373759223148
11263,5979.690020991587
10407,3562.0086351413897
9551,0.0
8695,5095.653243120071
7839,5095.653243120071
6983,5095.653243120071
6127,5095.653243120071
5271,5093.224120591753
4415,3562.0086351413897
3559,0.0
2703,7713.301816423731
1847,6555.329036116108
991,5979.690020991587
135,5979.690020991587
40368,6750.3336982371675
39512,0.0
38656,11565.226479052426
37800,8954.413809103264
36944,8144.5627014310285
36088,8100.509180674346
35232,8100.509180674346
34376,6255.578686312214
33520,0.0
32664,6232.8494180432735
31808,6232.8494180432735
30952,6134.29019305972
30096,6134.29019305972
29240,6201.012713079572
28384,6227.0597629493
27528,0.0
26672,10670.639272616794
25816,8954.413809103264
24960,8128.250508448572
24104,8100.509180674346
23248,8100.509180674346
22392,6227.0597629493
21536,0.0
20680,6134.29019305972
19824,6134.29019305972
18968,6134.29019305972
18112,6154.693964935044
17256,6283.9637530984855
16400,6640.522191726321
15544,0.0
14688,11896.397875799816
13832,9339.439914043056
12976,9745.299012767482
12120,8160.937167299296
11264,8116.821373656802
10408,6429.995081176923
9552,0.0
8696,6322.709607030957
7840,6162.809116422633
6984,6142.76445459942
6128,6134.29019305972
5272,6201.012713079572
4416,6227.0597629493
3560,0.0
2704,10792.98397817433
1848,8935.754257821212
992,8128.250508448572
136,8100.509180674346
40369,6637.718951750349
39513,0.0
38657,10106.854800800533
37801,8608.004428962096
36945,8199.831312724846
36089,8199.831312724846
35233,8199.831312724846
34377,6637.718951750349
33521,0.0
32665,5758.369876793394
31809,5758.369876793394
30953,5758.369876793394
30097,5758.369876793394
29241,6268.839054929043
28385,6637.718951750349
27529,0.0
26673,10017.333805758086
25817,8608.004428962096
24961,8199.831312724846
24105,8199.831312724846
23249,8199.831312724846
22393,6637.718951750349
21537,0.0
20681,5758.369876793394
19825,5758.369876793394
18969,5758.369876793394
18113,5758.369876793394
17257,6268.839054929043
16401,6637.718951750349
15545,0.0
14689,10063.08268692348
13833,8650.848707519186
12977,8948.769057523641
12121,8277.78855403429
11265,8230.267039386654
10409,6617.291779760734
9553,0.0
8697,5737.942704803778
7841,5737.942704803778
6985,5737.942704803778
6129,5737.942704803778
5273,6248.411882939429
4417,6617.291779760734
3561,0.0
2705,10031.56304320355
1849,8608.004428962096
993,8230.267039386654
137,8230.267039386654
40370,3830.081493155418
39514,0.0
38658,9248.589696315725
37802,7927.705018109356
36946,6989.8265043855345
36090,6979.2671948213
35234,6966.797600226707
34378,3761.2379856601897
33522,0.0
32666,5053.7354111013265
31810,5035.452958994047
30954,5022.107913658996
30098,5022.107913658996
29242,5169.066041505719
28386,3717.168512510431
27530,0.0
26674,9890.237016568855
25818,8490.949210174413
24962,8218.64898292878
24106,8218.64898292878
23250,8218.64898292878
22394,3955.67903218538
21538,0.0
20682,5111.225645808406
19826,5111.225645808406
18970,5111.225645808406
18114,5111.225645808406
17258,5687.008227804297
16402,3955.67903218538
15546,0.0
14690,10726.80759499607
13834,8492.549470659964
12978,8208.440902029737
12122,8251.76756831377
11266,8218.64898292878
10410,3955.67903218538
9554,0.0
8698,5116.7712332618885
7842,5116.7712332618885
6986,5116.7712332618885
6130,5116.7712332618885
5274,5312.633550307007
4418,3955.67903218538
3562,0.0
2706,9954.603161824061
1850,8490.949210174413
994,8218.64898292878
138,8218.64898292878
40371,5388.977496834629
39515,0.0
38659,8371.037575780883
37803,6790.056034508158
36947,6770.00192449697
36091,6770.00192449697
35235,6747.09067449697
34379,5311.461840507526
33523,0.0
32667,4612.800782343727
31811,4606.925024767971
30955,4549.2362525423705
30099,4564.647599202783
29243,5003.629152158538
28387,5222.6660333285945
27531,0.0
26675,8268.424846458358
25819,6706.7887767695465
24963,6680.166214377406
24107,6680.166214377406
23251,6690.8231588218505
22395,5229.906707931767
21539,0.0
20683,4632.434289893089
19827,4626.558532317331
18971,4568.869760091732
18115,4566.560733269417
17259,5101.482804924765
16403,5291.472389741748
15547,0.0
14691,10785.416680224651
13835,8548.791089270402
12979,8317.004834685853
12123,6839.7991606727865
11267,6770.00192449697
10411,5388.977496834629
9555,0.0
8699,4639.0438553818
7843,4615.424721737668
6987,4557.735949512067
6131,4537.971408726592
5275,5003.629152158538
4419,5222.6660333285945
3563,0.0
2707,8258.283165129458
1851,6686.316055971825
995,6666.261945960638
139,6666.261945960638
40372,3467.5098875463477
39516,0.0
38660,7219.937368734977
37804,6948.4972697769745
36948,6265.431448044274
36092,6256.446284947877
35236,6256.446284947877
34380,3416.2870245726
33524,0.0
32668,5137.210341775315
31812,5137.210341775315
30956,5137.210341775315
30100,5137.210341775315
29244,5165.158946024328
28388,0.0
27532,0.0
26676,10091.236032438692
25820,8141.175911498285
24964,7980.5819028963215
24108,7980.5819028963215
23252,7980.5819028963215
22396,3834.0799259772016
21540,0.0
20684,6049.296623465594
19828,6049.296623465594
18972,6049.296623465594
18116,6049.296623465594
17260,6077.245227714607
16404,3834.0799259772016
15548,0.0
14692,10388.510816241633
13836,8183.9693646965225
12980,8546.759492308089
12124,8134.087507006097
11268,7980.5819028963215
10412,3843.6202290075043
9556,0.0
8700,6049.296623465594
7844,6049.296623465594
6988,6049.296623465594
6132,6049.296623465594
5276,6077.245227714607
4420,3834.0799259772016
3564,0.0
2708,10091.236032438692
1852,8141.175911498285
996,7980.5819028963215
140,7980.5819028963215
40373,7534.569668744618
39517,0.0
38661,10062.971022132357
37805,7801.124810323613
36949,7801.124810323613
36093,7801.124810323613
35237,7801.124810323613
34381,5814.329559085572
33525,0.0
32669,5709.868987462797
31813,5679.58286985393
30957,5679.58286985393
30101,5679.58286985393
29245,5769.923379788858
28389,5769.923379788858
27533,0.0
26677,9745.291177747791
25821,7801.124810323613
24965,7801.124810323613
24109,7801.124810323613
23253,7801.124810323613
22397,5769.923379788858
21541,0.0
20685,5679.58286985393
19829,5679.58286985393
18973,5679.58286985393
18117,5679.58286985393
17261,6029.180618246068
16405,6392.150998303308
15549,0.0
14693,10921.06799025996
13837,9456.345071759903
12981,9832.397756938175
12125,7801.124810323613
11269,7801.124810323613
10413,5978.152567578067
9557,0.0
8701,5752.940849427269
7845,5752.940849427269
6989,5709.868987462797
6133,5709.868987462797
5277,5769.923379788858
4421,5769.923379788858
3565,0.0
2709,9848.196832975085
1853,7801.124810323613
997,7801.124810323613
141,7801.124810323613
40374,1518.4183956599275
39518,0.0
38662,7708.890493154907
37806,5177.371659180234
36950,4544.9866759621655
36094,4508.094663163871
35238,4481.998728547432
34382,1432.129569150789
33526,0.0
32670,2970.4534765365324
31814,3074.456393232775
30958,2804.240384352059
30102,2847.219242469518
29246,2842.4905379560905
28390,0.0
27534,0.0
26678,6128.11866925564
25822,4908.346478070967
24966,4197.569233537765
24110,4198.21167195418
23254,4231.457162195994
22398,1296.357205148008
21542,0.0
20686,2966.5420722314143
19830,3080.9401627434936
18974,2795.1361001117107
18118,2850.8353491380008
17262,3039.607710264561
16406,1416.5978963397718
15550,0.0
14694,7915.463753275312
13838,5027.876538723347
12982,4618.762213948911
12126,4452.123663636193
11270,4482.357555049199
10414,1434.9499744168193
9558,0.0
8702,2928.4325698718644
7846,3038.4705985530254
6990,2730.5724340496768
6134,2752.0468714938547
5278,2815.355282884222
4422,1380.077789204371
3566,0.0
2710,6117.278258810731
1854,5281.209246329604
998,4508.468667752934
142,4486.224858285732
40375,6931.293816168528
39519,0.0
38663,9134.122779210502
37807,7726.706570068722
36951,7726.706570068722
36095,7726.706570068722
35239,7726.706570068722
34383,5781.169460238444
33527,0.0
32671,5777.005208027466
31815,5758.637842795122
30959,5758.637842795122
30103,5758.637842795122
29247,5758.637842795122
28391,5758.637842795122
27535,0.0
26679,8719.231400344403
25823,7726.706570068722
24967,7726.706570068722
24111,7726.706570068722
23255,7726.706570068722
22399,5758.637842795122
21543,0.0
20687,5758.637842795122
19831,5758.637842795122
18975,5758.637842795122
18119,5758.637842795122
17263,5928.972986316517
16407,5692.6945531508645
15551,0.0
14695,9772.310698458927
13839,9236.25478919974
12983,9689.029276178042
12127,7726.706570068722
11271,7726.706570068722
10415,5914.728044927507
9559,0.0
8703,5810.1212605150695
7847,5810.1212605150695
6991,5777.005208027466
6135,5777.005208027466
5279,5758.637842795122
4423,5758.637842795122
3567,0.0
2711,8767.187816600437
1855,7726.706570068722
999,7726.706570068722
143,7726.706570068722
40376,4581.06371196908
39520,0.0
38664,7620.05315546023
37808,6131.099381394595
36952,5941.222513215602
36096,5933.619795000311
35240,5933.619795000311
34384,4542.337100490955
33528,0.0
32672,4009.348798972808
31816,4009.348798972808
30960,4009.348798972808
30104,4009.348798972808
29248,4370.263551905515
28392,4542.337100490955
27536,0.0
26680,7439.637177438655
25824,6100.509999242639
24968,5933.619795000311
24112,5933.619795000311
23256,5933.619795000311
22400,4542.337100490955
21544,0.0
20688,4009.348798972808
19832,4009.348798972808
18976,4009.348798972808
18120,4009.348798972808
17264,4456.399601736443
16408,4684.787784604921
15552,0.0
14696,7795.19449680838
13840,6206.106929974133
12984,6776.627699962154
12128,6369.141712534996
11272,5941.222513215602
10416,4542.337100490955
9560,0.0
8704,4009.348798972808
7848,4009.348798972808
6992,4009.348798972808
6136,4009.348798972808
5280,4370.263551905515
4424,4542.337100490955
3568,0.0
2712,7468.491371871768
1856,6110.452976310616
1000,5933.619795000311
144,5933.619795000311
40377,6745.540502220302
39521,0.0
38665,11271.6083853158
37809,8653.768451312528
36953,8435.961858660701
36097,8435.961858660701
35241,8435.961858660701
34385,6729.671983972127
33529,0.0
32673,6318.521206094827
31817,6286.932444749045
30961,6286.932444749045
30105,6286.932444749045
29249,6983.329483495004
28393,6729.671983972127
27537,0.0
26681,11183.742545160612
25825,8653.768451312528
24969,8435.961858660701
24113,8435.961858660701
23257,8435.961858660701
22401,6729.671983972127
21545,0.0
20689,6307.320115148738
19833,6298.637447933998
18977,6298.637447933998
18121,6298.637447933998
17265,7183.547338369156
16409,6746.3121771067645
15553,0.0
14697,11216.94571879274
13841,8623.222476458312
12985,8992.41881644817
12129,8351.183323104215
11273,8435.961858660701
10417,6729.671983972127
9561,0.0
8705,6345.656118394937
7849,6332.313233540809
6993,6318.521206094827
6137,6318.521206094827
5281,6983.329483495004
4425,6729.671983972127
3569,0.0
2713,11251.226875775958
1857,8653.768451312528
1001,8435.961858660701
145,8435.961858660701
40378,3298.246512133974
39522,0.0
38666,8925.212303830549
37810,7151.786540477385
36954,7081.761272693803
36098,6955.289542552646
35242,6955.289542552646
34386,3281.8930800043654
33530,0.0
32674,3840.4235317665734
31818,3834.6202778243323
30962,3834.6202778243323
30106,3834.6202778243323
29250,3841.1429030923946
28394,0.0
27538,0.0
26682,8944.006001096299
25826,6974.034774101474
24970,6948.502743514664
24114,6948.502743514664
23258,6948.502743514664
22402,3322.8440664899626
21546,0.0
20690,3889.286320464482
19834,3889.286320464482
18978,3889.286320464482
18122,3889.286320464482
17266,3900.5765366898027
16410,3325.866245977142
15554,0.0
14698,10269.95525186757
13842,7606.028660194727
12986,7566.858096522011
12130,7323.964917265176
11274,7076.021415114872
10418,3330.755868702274
9562,0.0
8706,3896.838814469278
7850,3896.838814469278
6994,3896.838814469278
6138,3889.286320464482
5282,3890.0056917903025
4426,3327.4100353689405
3570,0.0
2714,9313.939806664315
1858,6974.034774101474
1002,6948.502743514664
146,6948.502743514664
40379,3073.0713360586387
39523,0.0
38667,7968.186311847104
37811,6905.629078419007
36955,6763.263219752949
36099,6550.602878386796
35243,6550.602878386796
34387,3033.7147470934196
33531,0.0
32675,3582.393154602784
31819,3560.223241984339
30963,3556.7311794566504
30107,3556.7311794566504
29251,3556.7311794566504
28395,0.0
27539,0.0
26683,7749.532824205403
25827,6759.0416205540905
24971,6732.952226991498
24115,6732.952226991498
23259,6732.952226991498
22403,3003.69872141742
21547,0.0
20691,3553.301473332176
19835,3553.301473332176
18979,3553.301473332176
18123,3553.301473332176
17267,3565.1365185745194
16411,3042.960485334962
15555,0.0
14699,10143.734003810714
13843,7107.781097904067
12987,7203.457280008395
12131,6915.18134779581
11275,6643.189547172948
10419,3033.7147470934196
9563,0.0
8707,3589.94564860758
7851,3589.94564860758
6995,3589.94564860758
6139,3582.393154602784
5283,3560.223241984339
4427,3017.555046198024
3571,0.0
2715,7063.568901107394
1859,6745.041824635724
1003,6718.952431073131
147,6718.952431073131
40380,10073.97344523484
39524,0.0
38668,10716.86615104118
37812,8130.390970559548
36956,8146.527456653191
36100,8065.328602102941
35244,8102.709562838113
34388,9458.479500477531
33532,0.0
32676,5464.105374272885
31820,5394.646339492427
30964,5412.465518697854
30108,5409.6651483274845
29252,8738.15353000982
28396,0.0
27540,0.0
26684,10497.12792275893
25828,8065.279639967372
24972,8090.51297773805
24116,8090.51297773805
23260,8153.683093178165
22404,10233.169434750998
21548,0.0
20692,5792.439382168329
19836,5792.439382168329
18980,5792.439382168329
18124,5792.439382168329
17268,8945.931325863692
16412,10281.359537074724
15556,0.0
14700,14711.55162377811
13844,9057.530159381948
12988,9276.16436715381
12132,8996.02837546549
11276,8213.006114104714
10420,10618.31243216551
9564,0.0
8708,5792.439382168329
7852,5792.439382168329
6996,5792.439382168329
6140,5792.439382168329
5284,8845.973955493091
4428,10173.715533097096
3572,0.0
2716,11330.165104966029
1860,8065.279639967372
1004,8090.51297773805
148,8090.51297773805
40381,4441.251251020511
39525,0.0
38669,8644.137378589321
37813,7742.386681629509
36957,7166.9233396638965
36101,7129.714797901799
35245,7129.714797901799
34389,4420.33834258529
33533,0.0
32677,4605.14683551117
31821,4600.744356172328
30965,4606.21206450566
30109,4601.596027417749
29253,4596.380253608225
28397,4411.207444443028
27541,0.0
26685,8635.595095263485
25829,7742.386681629509
24973,7166.9233396638965
24117,7129.714797901799
23261,7129.714797901799
22405,4415.609923781871
21549,0.0
20693,4595.01808551117
19837,4595.01808551117
18981,4610.614543844504
18125,4605.998506756591
17269,4600.782732947068
16413,4423.266668053859
15557,0.0
14701,8782.360716846333
13845,7713.240290184611
12989,8080.340810909466
12133,7397.024066949113
11277,7129.714797901799
10421,4420.33834258529
9565,0.0
8709,4594.4869454012805
7853,4594.4869454012805
6997,4594.4869454012805
6141,4594.4869454012805
5285,4590.084466062437
4429,4395.1330854686685
3573,0.0
2717,8635.595095263485
1861,7742.386681629509
1005,7166.9233396638965
149,7129.714797901799
40382,5714.246038187217
39526,0.0
38670,6946.32995672099
37814,5785.735541857362
36958,5784.452420660403
36102,5773.586344547289
35246,5859.65626634254
34390,4987.047846607128
33534,0.0
32678,4973.45337287759
31822,4973.45337287759
30966,4973.45337287759
30110,4973.45337287759
29254,4858.242262001253
28398,4934.257462656589
27542,0.0
26686,6555.615895428812
25830,5710.052279704972
24974,5722.772855748274
24118,5707.128843350732
23262,5826.779668207518
22406,4872.845959344415
21550,0.0
20694,4955.910349290657
19838,4955.910349290657
18982,4955.910349290657
18126,4955.910349290657
17270,5052.958240766501
16414,4929.641300879071
15558,0.0
14702,8300.231371882472
13846,5924.167139108577
12990,6018.7750582586705
12134,5877.701516012533
11278,5895.061703003751
10422,5109.216667131867
9566,0.0
8710,4973.45337287759
7854,4973.45337287759
6998,4973.45337287759
6142,4973.45337287759
5286,4872.407069159535
4430,4960.127572783191
3574,0.0
2718,6803.594628467752
1862,5614.733705672531
1006,5630.747734096786
150,5636.375937758114
40383,11576.097457913263
39527,0.0
38671,15187.937978605938
37815,12856.819429631618
36959,12607.46633224806
36103,11897.963480683113
35247,11800.95019835879
34391,11302.311363026394
33535,0.0
32679,9470.090655015252
31823,9337.698308643236
30967,9130.99418185267
30111,9142.294473883621
29255,9642.891816092048
28399,10878.815468526014
27543,0.0
26687,14371.250317891949
25831,12185.98845577202
24975,11881.877948151609
24119,11555.663721294428
23263,11662.342306151602
22407,10921.738248950925
21551,0.0
20695,9122.789342909635
19839,9066.707022258195
18983,9155.034821565623
18127,9131.932054433519
17271,10502.898392810894
16415,11244.128933794173
15559,0.0
14703,15053.911251758862
13847,13435.784778386082
12991,13399.245026702583
12135,12446.65370120543
11279,12237.815596122868
10423,11406.152922485453
9567,0.0
8711,9585.338051344082
7855,9106.933666955321
6999,9004.758290614946
6143,8955.754664239745
5287,9554.040225090455
4431,11019.358262306308
3575,0.0
2719,14431.484538309913
1863,12190.044567326482
1007,11813.850559893666
151,11622.399505356856
40384,6070.437249794425
39528,0.0
38672,9426.38860472189
37816,8289.894674079414
36960,7888.692771343412
36104,7880.280422023808
35248,7880.280422023808
34392,5953.7661944671445
33536,0.0
32680,5504.37511705235
31824,5497.009511210302
30968,5497.009511210302
30112,5497.009511210302
29256,6058.0481859125175
28400,5953.7661944671445
27544,0.0
26688,8730.28105622717
25832,8212.934278232453
24976,7860.798875871037
24120,7860.798875871037
23264,7860.798875871037
22408,5953.7661944671445
21552,0.0
20696,5497.009511210302
19840,5497.009511210302
18984,5497.009511210302
18128,5497.009511210302
17272,6221.643349587739
16416,6137.169544288425
15560,0.0
14704,9138.93007425071
13848,8267.042149120703
12992,8648.71490535508
12136,7985.0141286452845
11280,7899.760829061621
10424,5953.7661944671445
9568,0.0
8712,5546.281004473045
7856,5546.281004473045
7000,5504.37511705235
6144,5504.37511705235
5288,6058.0481859125175
4432,5953.7661944671445
3576,0.0
2720,9190.083867092251
1864,8233.66648746766
1008,7867.7298152649755
152,7867.7298152649755
40385,7140.183201594264
39529,0.0
38673,9808.034582443437
37817,7707.5906113898955
36961,7660.210762468439
36105,7440.563449725143
35249,7440.563449725143
34393,6750.528583935084
33537,0.0
32681,5734.76806613574
31825,5746.550291619907
30969,5739.121547658554
30113,5739.121547658554
29257,6542.906716147375
28401,6634.133893803199
27545,0.0
26689,9227.222082503578
25833,7413.89006652051
24977,7440.563449725143
24121,7440.563449725143
23265,7440.563449725143
22409,6347.796878074607
21553,0.0
20697,5856.92023828332
19841,5856.92023828332
18985,5856.92023828332
18129,5856.92023828332
17273,6273.3159556449555
16417,6531.992391810781
15561,0.0
14705,11192.969741129356
13849,8076.153430477794
12993,8319.411590936961
12137,8297.02550820803
11281,7668.732227296923
10425,6180.5404034834355
9569,0.0
8713,5855.543325466822
7857,5855.543325466822
7001,5830.623276114962
6145,5845.339321663617
5289,6119.688266512497
4433,6167.402579615741
3577,0.0
2721,9714.241334709219
1865,7348.358299222906
1009,7375.031682427539
153,7375.031682427539
40386,5061.703341026543
39530,0.0
38674,8572.970124416237
37818,7545.608166130185
36962,7035.991232970612
36106,7035.991232970612
35250,7035.991232970612
34394,5061.703341026543
33538,0.0
32682,6264.574568656974
31826,6212.1141658489005
30970,6211.135109624001
30114,6211.135109624001
29258,6313.727317309328
28402,5061.703341026543
27546,0.0
26690,8572.970124416237
25834,7514.003536500555
24978,7035.991232970612
24122,7035.991232970612
23266,7035.991232970612
22410,5061.703341026543
21554,0.0
20698,6231.522780023693
19842,6222.840112808953
18986,6222.840112808953
18130,6222.840112808953
17274,6493.900557985948
16418,5061.703341026543
15562,0.0
14706,8604.223385798436
13850,7627.993162152565
12994,8265.929993916217
12138,7306.428535246119
11282,7035.991232970612
10426,5061.703341026543
9570,0.0
8714,6291.709480957084
7858,6278.3665961029565
7002,6264.574568656974
6146,6264.574568656974
5290,6314.706373534228
4434,5061.703341026543
3578,0.0
2722,8572.970124416237
1866,7514.003536500555
1010,7035.991232970612
154,7035.991232970612
40387,6120.574605134806
39531,0.0
38675,6905.93475217804
37819,6060.574148414974
36963,5978.75945503613
36107,6158.214817632581
35251,6141.825493526034
34395,5910.537047123403
33539,0.0
32683,4475.255346732751
31827,4465.520372185879
30971,4485.8926932844815
30115,4501.7057274725175
29259,5438.637919608693
28403,5864.696338751208
27547,0.0
26691,6306.063954139671
25835,5805.151139684842
24979,5785.296295663232
24123,6056.557420490577
23267,6064.305626542415
22411,5862.59145118507
21555,0.0
20699,4516.980147630019
19843,4574.497836090935
18987,4642.907946129045
18131,4658.720980317081
17275,5640.275152957838
16419,5977.602430437136
15563,0.0
14707,13065.013033110683
13851,6196.47137432812
12995,6320.108657646726
12139,6230.767030688123
11283,6216.069428144613
10427,6054.418074556748
9571,0.0
8715,4553.2369711289475
7859,4534.182754468492
7003,4521.77135998558
6147,4510.620142548048
5291,5438.637919608693
4435,5888.644916793535
3579,0.0
2723,6697.341347546485
1867,5881.97976158759
1011,5796.187194885435
155,6056.557420490577
40388,7384.156125555234
39532,0.0
38676,9909.697080014577
37820,7801.124810323613
36964,7801.124810323613
36108,7801.124810323613
35252,7801.124810323613
34396,5789.014421881834
33540,0.0
32684,5684.55385025906
31828,5667.299483857566
30972,5667.299483857566
30116,5667.299483857566
29260,5757.6399937924925
28404,5757.6399937924925
27548,0.0
26692,9500.825678532115
25836,7801.124810323613
24980,7801.124810323613
24124,7801.124810323613
23268,7801.124810323613
22412,5757.6399937924925
21556,0.0
20700,5667.299483857566
19844,5667.299483857566
18988,5667.299483857566
18132,5667.299483857566
17276,5927.015237849188
16420,6245.289182625554
15564,0.0
14708,9889.908110861219
13852,8669.499955115722
12996,9393.31934597364
12140,7801.124810323613
11284,7801.124810323613
10428,5954.330795758943
9572,0.0
8716,5727.625712223531
7860,5727.625712223531
7004,5684.55385025906
6148,5684.55385025906
5292,5757.6399937924925
4436,5757.6399937924925
3580,0.0
2724,9700.619427592312
1868,7801.124810323613
1012,7801.124810323613
156,7801.124810323613
40389,4228.0238098149475
39533,0.0
38677,7885.666807418188
37821,6606.884846401094
36965,6577.929432950229
36109,6481.556622807981
35253,6481.556622807981
34397,4147.3097703713665
33541,0.0
32685,3727.956299571356
31829,3717.7088485909635
30973,3712.9111821285455
30117,3712.9111821285455
29261,4064.285772931631
28405,0.0
27549,0.0
26693,7567.83525638824
25837,6559.38636418248
24981,6548.931733420381
24125,6548.931733420381
23269,6548.931733420381
22413,5298.444525944534
21557,0.0
20701,3736.4092488930546
19845,3736.4092488930546
18989,3731.6115824306366
18133,3731.6115824306366
17277,4297.911377475818
16421,5308.8516784411595
15565,0.0
14709,9558.052257093652
13853,7126.903050274787
12997,7210.488939511166
12141,6851.120314519233
11285,6612.80905572869
10429,5370.220144992152
9573,0.0
8717,3762.811058237544
7861,3762.811058237544
7005,3751.4759729439565
6149,3751.4759729439565
5293,4074.921606055716
4437,5352.679782354789
3581,0.0
2725,7662.084075222203
1869,6564.589457848413
1013,6554.134827086314
157,6554.134827086314
40390,5903.367334967435
39534,0.0
38678,10064.648171930417
37822,8591.2029358898
36966,8515.511405371684
36110,8281.235112620314
35254,8187.7248419187945
34398,5622.553447763645
33542,0.0
32686,6849.608770037857
31830,6823.591012868463
30974,6681.088687400721
30118,6719.414893833176
29262,6306.7740992708295
28406,5593.4430313497705
27550,0.0
26694,9511.939023033683
25838,8276.135270444538
24982,8152.027293879586
24126,8091.205985467966
23270,8030.502033910263
22414,5481.76863336402
21558,0.0
20702,6442.556662554817
19846,6466.18173971531
18990,6504.242304733625
18134,6609.763052870989
17278,6939.318307275627
16422,6409.311521109862
15566,0.0
14710,11929.714974300841
13854,8812.463448051196
12998,8798.593449286953
12142,8752.72791211153
11286,8451.029571531251
10430,6081.312541847344
9574,0.0
8718,6760.530262954654
7862,6716.611250844579
7006,6650.6152009197585
6150,6533.841373431701
5294,6571.765138398027
4438,5756.88236185226
3582,0.0
2726,9808.474232384895
1870,8280.663949374539
1014,8117.288474569811
158,8094.320078156323
40391,8475.772004881836
39535,0.0
38679,17981.52460251269
37823,11542.987988040719
36967,10858.199519591755
36111,10387.533599026023
35255,10387.533599026023
34399,7799.957128931593
33543,0.0
32687,8029.4114978471
31831,7895.027544829124
30975,7838.320208875076
30119,7838.320208875076
29263,7807.298234668727
28407,7759.888378931592
27551,0.0
26695,17161.57533183275
25839,11378.29509298273
24983,10836.798916173855
24127,10387.533599026023
23271,10387.533599026023
22415,7759.888378931592
21559,0.0
20703,7872.622383478251
19847,7859.855208875076
18991,7859.855208875076
18135,7880.2867839666515
17279,7849.264809760302
16423,8028.824464866629
15567,0.0
14711,17114.227050935133
13855,11676.788900966541
12999,11217.883666304962
12143,10557.687593977806
11287,10414.560429244091
10431,7869.489643309324
9575,0.0
8719,8013.599256989109
7863,7958.03744107997
7007,7900.958890726323
6151,7901.499460526892
5295,7801.900693667899
4439,7759.888378931592
3583,0.0
2727,17148.37459942377
1871,11437.704722921979
1015,10858.199519591755
159,10387.533599026023
40392,3262.978875089901
39536,2536.3626059667977
38680,8322.262195763096
37824,6349.555101243336
36968,6286.6706000240265
36112,6277.698204679944
35256,6301.280378020366
34400,3252.447307172879
33544,2536.3626059667977
32688,5450.360734808674
31832,5416.6390476397555
30976,5406.963414631533
30120,5413.742366929235
29264,5811.42486258326
28408,3252.447307172879
27552,2467.8417125837414
26696,7712.673074023822
25840,6289.616436963354
24984,6266.484793288624
24128,6230.29935974069
23272,6230.706113793901
22416,3252.447307172879
21560,2407.617958546384
20704,5401.415115832117
19848,5379.643042669265
18992,5379.643042669265
18136,5386.421994966967
17280,6273.61635373654
16424,3252.447307172879
15568,2400.5492085463843
14712,10378.984440096941
13856,6641.559456603304
13000,6751.723017831654
12144,6521.49556920682
11288,6246.648281721364
10432,3252.447307172879
9576,2392.5436572650083
8720,5424.870105795048
7864,5410.1676892094965
7008,5377.617021566777
6152,5384.395973864479
5296,5869.98929028152
4440,3252.447307172879
3584,2353.1809149795167
2728,7957.0868176538825
1872,6213.764696876231
1016,6173.095686065176
160,6173.095686065176
40393,2999.909817338196
39537,0.0
38681,6657.943957096641
37825,5216.910644673586
36969,5200.081873797436
36113,5099.3488657724765
35257,5100.696803887602
34401,2871.359254960253
33545,0.0
32689,2779.745322886815
31833,2779.745322886815
30977,2779.745322886815
30121,2784.129297245789
29265,2795.9391412672708
28409,2865.684254960253
27553,0.0
26697,6330.734955830868
25841,5042.389255076243
24985,5062.060582097087
24129,5056.573402609908
23273,5069.018562947256
22417,2865.684254960253
21561,0.0
20705,2773.1578986443906
19849,2773.1578986443906
18993,2773.1578986443906
18137,2781.5749285589204
17281,2803.1201814123106
16425,2884.376665033671
15569,0.0
14713,8433.750051274978
13857,5799.315088048711
13001,5765.586689245018
12145,5364.228238785666
11289,5242.864138288462
10433,2879.473129419128
9577,0.0
8721,2749.74210774288
7865,2749.74210774288
7009,2744.951454148109
6153,2744.951454148109
5297,2751.0983352066273
4441,2865.684254960253
3585,0.0
2729,6546.294038013681
1873,5083.154533053626
1017,5102.82586007447
161,5068.469996756501
40394,6713.0884095329075
39538,0.0
38682,8645.642913227379
37826,7801.124810323613
36970,7801.124810323613
36114,7801.124810323613
35258,7801.124810323613
34402,5781.169460238444
33546,0.0
32690,5777.005208027466
31834,5758.637842795122
30978,5758.637842795122
30122,5758.637842795122
29266,5758.637842795122
28410,5758.637842795122
27554,0.0
26698,8475.199798766647
25842,7801.124810323613
24986,7801.124810323613
24130,7801.124810323613
23274,7801.124810323613
22418,5758.637842795122
21562,0.0
20706,5758.637842795122
19850,5758.637842795122
18994,5758.637842795122
18138,5758.637842795122
17282,5879.072759888656
16426,5773.252484599204
15570,0.0
14714,9062.737461498515
13858,9109.969945831004
13002,10011.185944198924
12146,7801.124810323613
11290,7801.124810323613
10434,5969.221563446025
9578,0.0
8722,5810.1212605150695
7866,5810.1212605150695
7010,5777.005208027466
6154,5777.005208027466
5298,5758.637842795122
4442,5758.637842795122
3586,0.0
2730,8477.964373062576
1874,7801.124810323613
1018,7801.124810323613
162,7801.124810323613
40395,8411.553486499883
39539,0.0
38683,10661.243738386831
37827,8742.257940271924
36971,8679.570679776478
36115,8685.694430619726
35259,8723.929451139562
34403,7816.188550376691
33547,0.0
32691,6758.585612755406
31835,6717.045691292534
30979,6676.234169450179
30123,6645.16683738497
29267,7572.02457305632
28411,7815.851323600734
27555,0.0
26699,9880.435360971955
25843,8755.644954048057
24987,8685.694430619726
24131,8685.694430619726
23275,8714.578823088972
22419,7815.851323600734
21563,0.0
20707,6655.382800932904
19851,6631.975202702354
18995,6617.334924924577
18139,6632.753774130925
17283,7774.617609430247
16427,8017.722848066435
15571,0.0
14715,13947.207703029544
13859,8992.381204526573
13003,9256.842944838007
12147,8948.037475722434
11291,8724.233931476812
10435,8383.204996283957
9579,0.0
8723,6705.903475365854
7867,6705.903475365854
7011,6658.78383535842
6155,6658.78383535842
5299,7572.02457305632
4443,7815.851323600734
3587,0.0
2731,10701.69269421718
1875,8744.077995516369
1019,8674.127472088037
163,8674.127472088037
40396,10394.238555372593
39540,0.0
38684,12050.225639142283
37828,9313.076525549961
36972,9184.093728404898
36116,9051.974556261635
35260,9325.054825030013
34404,10394.238555372593
33548,0.0
32692,7904.015153581192
31836,7907.927735832274
30980,7919.163293191581
30124,7865.282333906445
29268,9404.280142865953
28412,10140.693359296738
27556,0.0
26700,11654.104121277716
25844,9062.414060704063
24988,8988.866380283987
24132,8924.5974595736
23276,9198.375124175313
22420,10134.70176297639
21564,0.0
20708,7837.996323388303
19852,7812.384429448909
18996,7832.707155334136
18140,7795.634838024309
17284,9385.039216968178
16428,10079.083104551482
15572,0.0
14716,10995.20967676557
13860,9283.528013838866
13004,9445.590212774376
12148,9171.438615155219
11292,9290.25183402005
10436,10270.278984222496
9580,0.0
8724,7904.015153581192
7868,7878.403259641798
7012,7884.366751705291
6156,7830.485792420153
5300,9352.944003773564
4444,9999.186929681031
3588,0.0
2732,11847.803541872467
1876,8950.125528949173
1020,8861.477731978983
164,8820.767024409624
40397,7859.405600982745
39541,0.0
38685,9216.047913565753
37829,7703.296959447212
36973,7437.586179301171
36117,7411.158785144707
35261,7507.824754653008
34405,0.0
33549,0.0
32693,7209.138307538547
31837,7155.991679255555
30981,7079.832185115435
30125,7101.090562216276
29269,7199.439703454932
28413,0.0
27557,0.0
26701,11107.28195537943
25845,7647.080300293581
24989,7483.138322449165
24133,7481.2499306274885
23277,7578.514874209833
22421,6100.663572705954
21565,0.0
20709,4909.365255167907
19853,4909.365255167907
18997,4932.604144056795
18141,4919.407477390128
17285,5532.105896043189
16429,6429.203423034425
15573,0.0
14717,11654.374359806296
13861,8060.866603686842
13005,7777.019970194395
12149,7697.7776695679195
11293,7616.548812307791
10437,6119.581714208439
9581,0.0
8725,4912.930067809763
7869,4912.930067809763
7013,4883.123289479274
6157,4883.123289479274
5301,5495.827175342016
4445,6075.347358661772
3589,0.0
2733,11500.14945719096
1877,7581.585961745632
1021,7140.096188082091
165,7127.7480751071025
40398,6762.666695840456
39542,0.0
38686,10625.354886345518
37830,8677.440325113399
36974,7905.717335094084
36118,7811.889705222521
35262,7770.594108961077
34406,6187.717022363408
33550,0.0
32694,5480.992908374277
31838,5432.645567271795
30982,5381.374937941417
30126,5381.374937941417
29270,5703.614033796167
28414,6145.998754532132
27558,0.0
26702,10288.277295569882
25846,8199.671947754656
24990,7570.292600058348
24134,7578.633909582158
23278,7655.268460693687
22422,6155.785427812128
21566,0.0
20710,5440.26071248509
19854,5383.31439257083
18998,5379.367422873861
18142,5387.189463244837
17286,5868.037822965049
16430,6506.261494386989
15574,0.0
14718,10568.457052225263
13862,8783.857966973173
13006,8322.993250699423
12150,8111.58964071859
11294,8009.623486551702
10438,6135.206537260276
9582,0.0
8726,5533.456283883865
7870,5454.142915777763
7014,5414.020411051843
6158,5414.020411051843
5302,5694.068417974079
4446,6115.898856064584
3590,0.0
2734,10331.971786717622
1878,8344.631087047104
1022,7559.612309053057
166,7559.612309053057
40399,5080.63713140882
39543,0.0
38687,7066.520066708787
37831,6555.329036116108
36975,5979.690020991587
36119,5979.690020991587
35263,5979.690020991587
34407,5029.167656100179
33551,0.0
32695,5124.434955327739
31839,5093.774749908158
30983,5076.949453333387
30127,5084.828917619103
29271,4936.1492580217155
28415,4945.016160261549
27559,0.0
26703,6999.272229286949
25847,6555.329036116108
24991,5979.690020991587
24135,5979.690020991587
23279,5979.690020991587
22423,4989.313742031631
21567,0.0
20711,5137.872470114366
19855,5153.417470114365
18999,5164.331717565879
18143,5179.846933003463
17287,5130.533301728409
16431,5162.478216574545
15575,0.0
14719,7086.408604984283
13863,6646.339956443627
13007,7605.246498643343
12151,6304.952216533987
11295,5979.690020991587
10439,5051.383489433512
9583,0.0
8727,5158.8253271956655
7871,5169.319724954769
7015,5110.277574375357
6159,5110.277574375357
5303,4937.572066463274
4447,4941.843875248804
3591,0.0
2735,7006.688895953616
1879,6555.329036116108
1023,5979.690020991587
167,5979.690020991587
40400,3574.436911830655
39544,0.0
38688,8439.564766838126
37832,7589.722322008525
36976,7224.164142664488
36120,7167.80307184326
35264,7153.8839376441265
34408,3388.2304048101505
33552,0.0
32696,4655.010839711389
31840,4631.4062509668
30984,4629.369071479621
30128,4629.369071479621
29272,4597.966342078031
28416,0.0
27560,0.0
26704,8453.609218456966
25848,7597.006745685747
24992,7253.993828438483
24136,7210.3068485263475
23280,7196.387714327213
22424,3451.6331903248474
21568,0.0
20712,4700.399706086059
19856,4700.399706086059
19000,4698.362526598879
18144,4736.822800805353
17288,4766.831151405073
16432,3833.093606310855
15576,0.0
14720,10583.91372928951
13864,8652.137928542781
13008,8434.600566877521
12152,7222.980939435439
11296,7209.061805236303
10440,3570.096967576024
9584,0.0
8728,4775.975794823936
7872,4700.399706086059
7016,4698.362526598879
6160,4698.362526598879
5304,4666.95979719729
4448,3445.6262458804026
3592,0.0
2736,8702.894321343798
1880,7597.006745685747
1024,7253.993828438483
168,7210.3068485263475
40401,4917.055828476242
39545,0.0
38689,6894.683630522837
37833,6594.007461272057
36977,6758.755450494732
36121,6756.13937906616
35265,6756.13937906616
34409,4917.055828476242
33553,0.0
32697,4360.580695629065
31841,4356.529242910389
30985,4356.529242910389
30129,4356.529242910389
29273,4388.370650804583
28417,4917.055828476242
27561,0.0
26705,6894.683630522837
25849,6572.00131487382
24993,6758.755450494732
24137,6756.13937906616
23281,6756.13937906616
22425,4917.055828476242
21569,0.0
20713,4365.256761846798
19857,4365.256761846798
19001,4365.256761846798
18145,4365.256761846798
17289,4397.098169740992
16433,4917.055828476242
15577,0.0
14721,6865.305065953211
13865,6608.190905933121
13009,7301.909347740001
12153,6936.667108674396
11297,6756.13937906616
10441,4917.055828476242
9585,0.0
8729,4365.256761846798
7873,4365.256761846798
7017,4365.256761846798
6161,4365.256761846798
5305,4393.0467170223155
4449,4917.055828476242
3593,0.0
2737,6894.683630522837
1881,6572.00131487382
1025,6758.755450494732
169,6756.13937906616
40402,3825.319554478296
39546,0.0
38690,7532.02478169623
37834,6327.9565710718725
36978,6088.309810102542
36122,6073.2301509391
35266,6073.2301509391
34410,3810.4010968024595
33554,0.0
32698,4386.417458847276
31842,4370.183557860552
30986,4307.559024945028
30130,4312.463665217484
29274,4332.123420952527
28418,3781.848552124915
27562,0.0
26706,7490.196614133505
25850,6323.30238753611
24994,6080.262335355068
24138,6073.2301509391
23282,6073.2301509391
22426,3774.894280939983
21570,0.0
20714,4371.961158669752
19858,4366.378258236851
19002,4348.4517906977935
18146,4353.35643097025
17290,4389.878219949545
16434,3805.910826378344
15578,0.0
14722,7551.180664556316
13866,6327.808683264527
13010,6942.527514147141
12154,6414.517869071607
11298,6081.277625686575
10442,3952.2911116162777
9586,0.0
8730,4473.51992758832
7874,4399.763272934972
7018,4337.376708573731
6162,4342.281348846188
5306,4345.689165972408
4450,3871.3580667221036
3594,0.0
2738,7539.2420766597115
1882,6327.9565710718725
1026,6080.262335355068
170,6073.2301509391
40403,7337.38516704906
39547,0.0
38691,9535.23602882727
37835,7357.346137427912
36979,7357.346137427912
36123,7357.346137427912
35267,7357.346137427912
34411,5781.169460238444
33555,0.0
32699,5777.005208027466
31843,5758.637842795122
30987,5758.637842795122
30131,5758.637842795122
29275,5758.637842795122
28419,5758.637842795122
27563,0.0
26707,9224.186080654557
25851,7357.346137427912
24995,7357.346137427912
24139,7357.346137427912
23283,7357.346137427912
22427,5758.637842795122
21571,0.0
20715,5758.637842795122
19859,5758.637842795122
19003,5758.637842795122
18147,5758.637842795122
17291,5889.647535704524
16435,5974.726983862394
15579,0.0
14723,9345.894703255273
13867,8410.843053415045
13011,9276.398228067379
12155,7357.346137427912
11299,7357.346137427912
10443,5938.906464879717
9587,0.0
8731,5780.98949953946
7875,5780.98949953946
7019,5777.005208027466
6163,5777.005208027466
5307,5758.637842795122
4451,5758.637842795122
3595,0.0
2739,9493.492100039846
1883,7357.346137427912
1027,7357.346137427912
171,7357.346137427912
40404,8259.296784996135
39548,0.0
38692,9795.86288544681
37836,7930.104671153004
36980,7928.6285029909395
36124,7838.937553450164
35268,7838.937553450164
34412,7299.208507321621
33556,0.0
32700,5501.557754678079
31844,5501.557754678079
30988,5501.557754678079
30132,5501.557754678079
29276,7202.143539799777
28420,7229.006282269158
27564,0.0
26708,9443.785541989075
25852,7843.637346111985
24996,7838.937553450164
24140,7838.937553450164
23284,7838.937553450164
22428,7229.006282269158
21572,0.0
20716,5493.724004678078
19860,5493.724004678078
19004,5493.724004678078
18148,5493.724004678078
17292,7481.084392290195
16436,7560.31002490958
15580,0.0
14724,14441.673985980124
13868,8223.276987590203
13012,8409.36045241721
12156,8241.949762798724
11300,7927.761609260414
10444,8117.043086733391
9588,0.0
8732,5501.557754678079
7876,5501.557754678079
7020,5501.557754678079
6164,5501.557754678079
5308,7202.143539799777
4452,7229.006282269158
3596,0.0
2740,9847.69459096852
1884,7843.637346111985
1028,7838.937553450164
172,7838.937553450164
40405,5497.59724361687
39549,0.0
38693,9176.73857330683
37837,8049.340661067966
36981,7383.964801090637
36125,7361.961013211849
35269,7361.961013211849
34413,5497.59724361687
33557,0.0
32701,5538.803318232222
31845,5531.791295298049
30989,5531.791295298049
30133,5531.791295298049
29277,5531.791295298049
28421,5497.59724361687
27565,0.0
26709,9165.990359021116
25853,8038.693683045986
24997,7383.964801090637
24141,7361.961013211849
23285,7361.961013211849
22429,5497.59724361687
21573,0.0
20717,5538.803318232222
19861,5531.791295298049
19005,5531.791295298049
18149,5531.791295298049
17293,5531.791295298049
16437,5497.59724361687
15581,0.0
14725,9296.48438719737
13869,8164.042794015341
13013,8385.658847565648
12157,7773.118806651434
11301,7361.961013211849
10445,5497.59724361687
9589,0.0
8733,5538.803318232222
7877,5531.791295298049
7021,5531.791295298049
6165,5531.791295298049
5309,5531.791295298049
4453,5497.59724361687
3597,0.0
2741,9200.942277010534
1885,8038.693683045986
1029,7383.964801090637
173,7373.257466203301
40406,5175.893853732328
39550,0.0
38694,9598.04897645034
37838,7491.757136344476
36982,7162.575049700978
36126,7162.575049700978
35270,7162.575049700978
34414,5175.893853732328
33558,0.0
32702,5646.507462945168
31846,5646.507462945168
30990,5646.507462945168
30134,5646.507462945168
29278,5651.554185316085
28422,5175.893853732328
27566,0.0
26710,9598.04897645034
25854,7491.757136344476
24998,7162.575049700978
24142,7162.575049700978
23286,7162.575049700978
22430,5175.893853732328
21574,0.0
20718,5646.507462945168
19862,5646.507462945168
19006,5646.507462945168
18150,5646.507462945168
17294,5651.554185316085
16438,5175.893853732328
15582,0.0
14726,9646.292746871897
13870,7539.198812731511
13014,8087.225660800645
12158,7430.747413856808
11302,7162.575049700978
10446,5175.893853732328
9590,0.0
8734,5646.507462945168
7878,5646.507462945168
7022,5646.507462945168
6166,5646.507462945168
5310,5651.554185316085
4454,5175.893853732328
3598,0.0
2742,9598.04897645034
1886,7491.757136344476
1030,7162.575049700978
174,7162.575049700978
40407,8784.8482707967
39551,0.0
38695,10344.857636366145
37839,8625.613167889709
36983,8625.613167889709
36127,8625.613167889709
35271,8625.613167889709
34415,7769.021007620366
33559,0.0
32703,7363.03276233508
31847,7298.549081604729
30991,7298.549081604729
30135,7298.549081604729
29279,7496.077186233759
28423,7689.573087015024
27567,0.0
26711,10035.173378008743
25855,8625.613167889709
24999,8625.613167889709
24143,8625.613167889709
23287,8625.613167889709
22431,7689.573087015024
21575,0.0
20719,7298.549081604729
19863,7298.549081604729
19007,7298.549081604729
18151,7298.549081604729
17295,7704.7439147824725
16439,8261.25762801353
15583,0.0
14727,10754.710534563901
13871,9411.034870365604
13015,9631.66096983068
12159,8625.613167889709
11303,8625.613167889709
10447,7769.021007620366
9591,0.0
8735,7377.9970022100715
7879,7377.9970022100715
7023,7363.03276233508
6167,7363.03276233508
5311,7496.077186233759
4455,7689.573087015024
3599,0.0
2743,10266.033983461304
1887,8625.613167889709
1031,8625.613167889709
175,8625.613167889709
40408,7957.47071076529
39552,0.0
38696,12151.051073742183
37840,11791.865312017857
36984,11239.134875110838
36128,11239.134875110838
35272,11261.84440529222
34416,7076.854818686368
33560,0.0
32704,7061.890578811378
31848,6997.406898081026
30992,6997.406898081026
30136,6997.406898081026
29280,6997.406898081026
28424,6997.406898081026
27568,0.0
26712,11819.882960439578
25856,11660.615363983617
25000,11239.134875110838
24144,11239.134875110838
23288,11261.84440529222
22432,6997.406898081026
21576,0.0
20720,6997.406898081026
19864,6997.406898081026
19008,6997.406898081026
18152,6997.406898081026
17296,7205.141707365967
16440,7239.0757740171875
15584,0.0
14728,16367.703416749087
13872,9614.918637328143
13016,10104.15055249194
12160,11239.134875110838
11304,11261.84440529222
10448,7076.854818686368
9592,0.0
8736,7076.854818686368
7880,7076.854818686368
7024,7061.890578811378
6168,7061.890578811378
5312,6997.406898081026
4456,6997.406898081026
3600,0.0
2744,11546.015916955213
1888,11673.166150574509
1032,11239.134875110838
176,11239.134875110838
40409,7468.005199287514
39553,0.0
38697,9770.432773698363
37841,7610.85263827753
36985,7610.85263827753
36129,7610.85263827753
35273,7610.85263827753
34417,5789.014421881834
33561,0.0
32705,5684.55385025906
31849,5667.299483857566
30993,5667.299483857566
30137,5667.299483857566
29281,5757.6399937924925
28425,5757.6399937924925
27569,0.0
26713,9497.07100531558
25857,7610.85263827753
25001,7610.85263827753
24145,7610.85263827753
23289,7610.85263827753
22433,5757.6399937924925
21577,0.0
20721,5667.299483857566
19865,5667.299483857566
19009,5667.299483857566
18153,5667.299483857566
17297,5929.194294925589
16441,6245.289182625554
15585,0.0
14729,9996.067291837147
13873,9003.405843468632
13017,9755.283943560904
12161,7610.85263827753
11305,7610.85263827753
10449,5958.158156870054
9593,0.0
8737,5698.493951247921
7881,5698.493951247921
7025,5684.55385025906
6169,5684.55385025906
5313,5757.6399937924925
4457,5757.6399937924925
3601,0.0
2745,9737.48527609254
1889,7610.85263827753
1033,7610.85263827753
177,7610.85263827753
40410,6449.084924479107
39554,0.0
38698,9000.42789697545
37842,7389.568656458887
36986,7389.568656458887
36130,7389.568656458887
35274,7389.568656458887
34418,5977.559654102864
33562,0.0
32706,5811.528426377734
31850,5839.352001324266
30994,5839.352001324266
30138,5839.352001324266
29282,5980.463179697536
28426,0.0
27570,0.0
26714,8717.391248992853
25858,7389.568656458887
25002,7389.568656458887
24146,7389.568656458887
23290,7389.568656458887
22434,5980.463179697536
21578,0.0
20722,5839.352001324266
19866,5839.352001324266
19010,5839.352001324266
18154,5839.352001324266
17298,6145.3794210569085
16442,6334.301561193084
15586,0.0
14730,10915.116939849835
13874,8919.132641702345
13018,9025.540670028848
12162,7389.568656458887
11306,7389.568656458887
10450,5977.559654102864
9594,0.0
8738,5836.448475729593
7882,5836.448475729593
7026,5811.528426377734
6170,5811.528426377734
5314,5980.463179697536
4458,5980.463179697536
3602,0.0
2746,8988.155449536647
1890,7389.568656458887
1034,7389.568656458887
178,7389.568656458887
40411,5288.813351922113
39555,0.0
38699,9873.779953953102
37843,7689.622005677055
36987,7176.870172759897
36131,7176.870172759897
35275,7176.870172759897
34419,5288.813351922113
33563,0.0
32707,6894.542914467039
31851,6894.542914467039
30995,6894.542914467039
30139,6894.542914467039
29283,6867.4909026878895
28427,5288.813351922113
27571,0.0
26715,9873.779953953102
25859,7689.622005677055
25003,7176.870172759897
24147,7176.870172759897
23291,7176.870172759897
22435,5288.813351922113
21579,0.0
20723,6894.542914467039
19867,6894.542914467039
19011,6894.542914467039
18155,6908.116671598254
17299,6937.883776835749
16443,5288.813351922113
15587,0.0
14731,9971.674337119759
13875,7798.416190975922
13019,8195.209290712499
12163,7502.26387896999
11307,7176.870172759897
10451,5288.813351922113
9595,0.0
8739,6894.542914467039
7883,6894.542914467039
7027,6894.542914467039
6171,6894.542914467039
5315,6867.4909026878895
4459,5288.813351922113
3603,0.0
2747,9873.779953953102
1891,7689.622005677055
1035,7176.870172759897
179,7176.870172759897
40412,9019.853769398922
39556,0.0
38700,19446.377730325232
37844,12333.360485554851
36988,11636.600875174232
36132,11065.721791787651
35276,11065.211770602122
34420,8945.534488717141
33564,0.0
32708,6610.112642259827
31852,6610.112642259827
30996,6610.112642259827
30140,6610.112642259827
29284,8129.365094634046
28428,8945.534488717141
27572,0.0
26716,17874.22726246774
25860,11912.128511877792
25004,11409.33801298143
24148,11003.797968871942
23292,11027.782142572754
22436,8945.534488717141
21580,0.0
20724,6610.112642259827
19868,6610.112642259827
19012,6610.112642259827
18156,6610.112642259827
17300,8149.961703103173
16444,9360.777013020625
15588,0.0
14732,17913.114443329
13876,12372.390687685513
13020,11758.729555511805
12164,10741.2292357857
11308,11141.534683400103
10452,8945.534488717141
9596,0.0
8740,6610.112642259827
7884,6610.112642259827
7028,6610.112642259827
6172,6610.112642259827
5316,8129.365094634046
4460,8945.534488717141
3604,0.0
2748,17712.175658839886
1892,12015.50795089901
1036,11426.168851983697
180,11026.164225708744
40413,3469.13304752521
39557,0.0
38701,9046.583270357705
37845,7152.906687948982
36989,6715.856822512893
36133,6715.856822512893
35277,6715.856822512893
34421,3469.13304752521
33565,0.0
32709,5340.9131768533125
31853,5340.9131768533125
30997,5340.9131768533125
30141,5340.9131768533125
29285,5375.112345029219
28429,3469.13304752521
27573,0.0
26717,9046.583270357705
25861,7152.906687948982
25005,6715.856822512893
24149,6715.856822512893
23293,6715.856822512893
22437,3469.13304752521
21581,0.0
20725,5340.9131768533125
19869,5340.9131768533125
19013,5340.9131768533125
18157,5340.9131768533125
17301,5375.112345029219
16445,3469.13304752521
15589,0.0
14733,9370.183713396755
13877,7191.1482124406475
13021,7247.747027411611
12165,7005.45225864304
11309,6715.856822512893
10453,3469.13304752521
9597,0.0
8741,5340.9131768533125
7885,5340.9131768533125
7029,5340.9131768533125
6173,5340.9131768533125
5317,5375.112345029219
4461,3469.13304752521
3605,0.0
2749,9046.583270357705
1893,7152.906687948982
1037,6715.856822512893
181,6715.856822512893
40414,3730.628052552545
39558,0.0
38702,10302.71387900029
37846,8895.31614275668
36990,8214.705733102153
36134,8129.175185133424
35278,8129.175185133424
34422,3491.75823506164
33566,0.0
32710,3798.515482639253
31854,3710.9706922908836
30998,3680.499029131701
30142,3693.5069656396377
29286,3874.1761721981866
28430,3453.5660860457706
27574,0.0
26718,9976.042643058712
25862,8753.090580609163
25006,8116.4006223007955
24150,8116.4006223007955
23294,8116.4006223007955
22438,3486.78448107058
21582,0.0
20726,3780.8985141659655
19870,3698.041759875629
19014,3697.361487882607
18158,3709.2104131116
17302,4033.42239534038
16446,3631.1510591422098
15590,0.0
14734,10413.724757412652
13878,8921.890544181306
13022,8310.71069114029
12166,8339.279572617086
11310,8214.705733102153
10454,3514.475994720607
9598,0.0
8742,3928.137041573453
7886,3834.642421126824
7030,3697.712189363274
6174,3692.04650560259
5318,3891.930038539825
4462,3463.0387249346595
3606,0.0
2750,9991.357186709505
1894,8754.923066064885
1038,8116.4006223007955
182,8116.4006223007955
40415,5300.546240341409
39559,0.0
38703,7973.460388088672
37847,6330.100584505159
36991,6330.100584505159
36135,6330.100584505159
35279,6330.100584505159
34423,5138.982522863339
33567,0.0
32711,4128.055661752284
31855,4102.382968320306
30999,4102.382968320306
30143,4124.563619389666
29287,4637.8825574577795
28431,5031.116157852946
27575,0.0
26719,7691.846723194108
25863,6330.100584505159
25007,6330.100584505159
24151,6330.100584505159
23295,6330.100584505159
22439,5038.356832456121
21583,0.0
20727,4136.5463321764455
19871,4122.016475869667
19015,4122.016475869667
18159,4117.520936462837
17303,4885.841860544768
16447,5280.58608091067
15591,0.0
14735,9011.244014281787
13879,8778.465419955226
13023,8933.146384274383
12167,6330.100584505159
11311,6330.100584505159
10455,5183.4610750518905
9599,0.0
8743,4140.581299125211
7887,4121.453526151766
7031,4108.92788877884
6175,4104.432349372009
5319,4637.8825574577795
4463,5031.116157852946
3607,0.0
2751,7728.563140852201
1895,6330.100584505159
1039,6330.100584505159
183,6330.100584505159
40416,6536.318641761567
39560,0.0
38704,9264.12704826764
37848,6555.349236757609
36992,6555.349236757609
36136,6555.349236757609
35280,6555.349236757609
34424,6455.607664006965
33568,0.0
32712,5657.507479825987
31856,5649.378331196838
31000,5673.380368233875
30144,5673.380368233875
29288,6234.537005433554
28432,6431.4720385213395
27576,0.0
26720,8809.61154874281
25864,6555.349236757609
25008,6555.349236757609
24152,6555.349236757609
23296,6555.349236757609
22440,6401.220996739048
21584,0.0
20728,5664.8394136611305
19872,5664.8394136611305
19016,5664.8394136611305
18160,5656.981837903555
17304,6641.754635604082
16448,7167.177850524789
15592,0.0
14736,9925.655138099863
13880,8948.096376502217
13024,9141.002297531331
12168,6578.686107315035
11312,6555.349236757609
10456,6504.986829093104
9600,0.0
8744,5691.59291684195
7888,5657.507479825987
7032,5657.507479825987
6176,5657.507479825987
5320,6234.537005433554
4464,6431.4720385213395
3608,0.0
2752,8929.994821884817
1896,6555.349236757609
1040,6555.349236757609
184,6555.349236757609
40417,3429.827417771434
39561,0.0
38705,8066.881567005474
37849,7069.600420505546
36993,6696.394248298662
36137,6696.394248298662
35281,6696.394248298662
34425,3424.089969451021
33569,0.0
32713,3114.325043199171
31857,3078.427003221543
31001,3078.427003221543
30145,3094.5492282651835
29289,3801.6629733348454
28433,3416.9574091648774
27577,0.0
26721,8071.769041752949
25865,7069.600420505546
25009,6696.394248298662
24153,6696.394248298662
23297,6696.394248298662
22441,3404.969093228599
21585,0.0
20729,3052.9082448151025
19873,3017.010204837474
19017,3017.010204837474
18161,3027.57641538836
17305,3682.3745043030012
16449,3472.353551258313
15593,0.0
14737,8242.693598052743
13881,7071.37467651003
13025,7153.907795801203
12169,6951.512872654933
11313,6696.394248298662
10457,3600.716478902728
9601,0.0
8745,3244.8361657756514
7889,3201.6381257980224
7033,3188.056454638993
6177,3204.178679682633
5321,3888.4995894863
4465,3593.5839186165845
3609,0.0
2753,8122.3387512227655
1897,7069.600420505546
1041,6696.394248298662
185,6696.394248298662
40418,6437.132803011138
39562,0.0
38706,10647.74666701796
37850,9044.474142384019
36994,8474.76847130415
36138,8358.301422689656
35282,8298.81851048695
34426,5716.605190226115
33570,0.0
32714,6013.102301717278
31858,5961.960061812813
31002,5900.914420131452
30146,5898.076625518658
29290,5860.310214373987
28434,5560.410530208
27578,0.0
26722,10690.894358535656
25866,9219.945519391074
25010,8363.802931004571
24154,8365.895416532294
23298,8324.143706621837
22442,5484.9109409386165
21586,0.0
20730,5950.484389350516
19874,5939.810439017694
19018,5949.614909917165
18162,5937.21526345252
17306,6023.147571404425
16450,5862.542711686996
15594,0.0
14738,8643.587058248433
13882,9376.330118162545
13026,8709.550133490791
12170,8602.464173122162
11314,8521.025099432341
10458,5822.18412589989
9602,0.0
8746,6121.508746234777
7890,5948.305372079988
7034,5941.394181603797
6178,5907.289252590316
5322,5856.084637124481
4466,5434.5108392968505
3610,0.0
2754,10773.827758498517
1898,9427.294477476526
1042,8285.369423115038
186,8106.318528128128
40419,4492.5757688410185
39563,0.0
38707,8783.517821960784
37851,6930.069477747545
36995,6814.292323463828
36139,6660.136585323685
35283,6668.09023585023
34427,4475.679836301336
33571,0.0
32715,4047.55248096421
31859,4047.55248096421
31003,4047.55248096421
30147,4047.55248096421
29291,4319.587033052045
28435,4475.679836301336
27579,0.0
26723,8816.136816904595
25867,6740.196957677264
25011,6644.517106460226
24155,6639.055874576168
23299,6647.009525102713
22443,4475.679836301336
21587,0.0
20731,4047.55248096421
19875,4047.55248096421
19019,4047.55248096421
18163,4047.55248096421
17307,4356.85071677539
16451,4586.3004943750575
15595,0.0
14739,9860.347050313896
13883,7072.356583288425
13027,7018.351633065328
12171,6911.639820216277
11315,6848.819647012435
10459,4475.679836301336
9603,0.0
8747,4047.55248096421
7891,4047.55248096421
7035,4047.55248096421
6179,4047.55248096421
5323,4319.587033052045
4467,4475.679836301336
3611,0.0
2755,8787.682310252045
1899,6755.097317154388
1043,6644.517106460226
187,6639.055874576168
40420,8796.435119871916
39564,0.0
38708,11440.712386850606
37852,9225.34779469121
36996,8975.987935183943
36140,8886.177121635801
35284,8886.177121635801
34428,8796.435119871916
33572,0.0
32716,8648.672768356026
31860,8577.176922614502
31004,8553.27897533819
30148,8565.62897533819
29292,8638.31912116198
28436,8769.744725708702
27580,0.0
26724,11105.845986333768
25868,9204.48397306086
25012,8975.987935183943
24156,8886.177121635801
23300,8871.982893401873
22444,8769.744725708702
21588,0.0
20732,8637.124821079713
19876,8565.62897533819
19020,8565.62897533819
18164,8565.62897533819
17308,8638.31912116198
16452,8769.744725708702
15596,0.0
14740,12265.953654999832
13884,9889.28159561629
13028,10117.158474845262
12172,8951.156736908646
11316,8907.04094326615
10460,8813.116028962824
9604,0.0
8748,8680.496124333835
7892,8609.00027859231
7036,8603.136221353254
6180,8577.176922614502
5324,8649.867068438294
4468,8757.394725708702
3612,0.0
2756,11175.276352134078
1900,9204.48397306086
1044,8975.987935183943
188,8886.177121635801
40421,6465.859736532943
39565,0.0
38709,9068.489856791908
37853,7211.6338948571565
36997,6777.141891178092
36141,6777.141891178092
35285,6777.141891178092
34429,6363.476584452745
33573,0.0
32717,6145.2092786327585
31861,6019.590358588916
31005,6019.590358588916
30149,6019.590358588916
29293,6372.743671199836
28437,6363.476584452745
27581,0.0
26725,9068.489856791908
25869,7211.6338948571565
25013,6777.141891178092
24157,6777.141891178092
23301,6777.141891178092
22445,6363.476584452745
21589,0.0
20733,6136.0115195291155
19877,6010.392599485275
19021,6010.392599485275
18165,6010.392599485275
17309,6530.20842715329
16453,6771.292882203861
15597,0.0
14741,9227.162544332006
13885,7296.939388439163
13029,8135.519860754923
12173,7117.566950458516
11317,6777.141891178092
10461,6370.429848341634
9605,0.0
8749,6277.976224647498
7893,6084.906738477932
7037,6045.2044345714285
6181,6019.590358588916
5325,6372.743671199836
4469,6363.476584452745
3613,0.0
2757,9068.489856791908
1901,7211.6338948571565
1045,6777.141891178092
189,6777.141891178092
40422,8442.51857006242
39566,0.0
38710,12852.810942075252
37854,10188.158916459315
36998,9844.96833169038
36142,9613.765273927107
35286,9435.47434068152
34430,8039.4601919490215
33574,0.0
32718,7093.866282128741
31862,7072.528236013144
31006,7056.958004181827
30150,7056.958004181827
29294,7648.429078246825
28438,7982.481699885529
27582,0.0
26726,12578.89501464238
25870,9617.310253432799
25014,9147.179687140226
24158,9134.84528585036
23302,9203.855615089053
22446,7982.481699885529
21590,0.0
20734,7088.745543505365
19878,7056.958004181827
19022,7056.958004181827
18166,7056.958004181827
17310,8174.77171487059
16454,8381.545239851379
15598,0.0
14742,14583.386570297092
13886,10908.116789152478
13030,11063.232768225278
12174,10379.146607672426
11318,9791.315451869274
10462,8136.526839298527
9606,0.0
8750,7151.091604830938
7894,7068.849035187225
7038,7068.849035187225
6182,7060.739574510096
5326,7697.267490945238
4470,7998.827731631562
3614,0.0
2758,12292.572781306195
1902,9584.866313664103
1046,9163.26376889018
190,9151.747272465404
40423,7251.556951439176
39567,0.0
38711,10123.425618024416
37855,8486.472594719175
36999,8149.5351426749285
36143,8185.772064121966
35287,8108.845146277959
34431,7170.616109486787
33575,0.0
32719,6660.430528701592
31863,6622.210243333521
31007,6622.210243333521
30151,6622.210243333521
29295,7051.600515660632
28439,7105.924905786152
27583,0.0
26727,9687.947545331106
25871,8388.219481278054
25015,8068.5790090683495
24159,8126.68372685895
23303,8028.7151945621445
22447,7105.924905786152
21591,0.0
20735,6622.210243333521
19879,6622.210243333521
19023,6622.210243333521
18167,6622.210243333521
17311,7149.231777736954
16455,7457.173732649632
15599,0.0
14743,12715.893576820787
13887,8681.999689701084
13031,8873.896494333201
12175,8441.12388193858
11319,8137.379762979472
10463,7202.309319892257
9607,0.0
8751,6886.353374719097
7895,6843.341466798165
7039,6589.613966004496
6183,6589.613966004496
5327,7025.032600311434
4471,7105.924905786152
3615,0.0
2759,10087.594272036347
1903,8344.24939171276
1047,8041.477075489482
191,8086.475896270115
40424,7409.400865148925
39568,0.0
38712,7679.395152496063
37856,7357.346137427912
37000,7357.346137427912
36144,7357.346137427912
35288,7357.346137427912
34432,5836.2400103785585
33576,0.0
32720,5754.399824557622
31864,5758.637842795122
31008,5758.637842795122
30152,5758.637842795122
29296,5758.637842795122
28440,5758.637842795122
27584,0.0
26728,7250.977526155572
25872,7357.346137427912
25016,7357.346137427912
24160,7357.346137427912
23304,7357.346137427912
22448,5758.637842795122
21592,0.0
20736,5758.637842795122
19880,5758.637842795122
19024,5758.637842795122
18168,5758.637842795122
17312,5859.199142315143
16456,6001.493321060054
15600,0.0
14744,8098.223311217119
13888,8826.186631966488
13032,9525.476664879092
12176,7357.346137427912
11320,7357.346137427912
10464,5938.906464879717
9608,0.0
8752,5780.98949953946
7896,5780.98949953946
7040,5777.005208027466
6184,5777.005208027466
5328,5758.637842795122
4472,5758.637842795122
3616,0.0
2760,7607.4888076623365
1904,7357.346137427912
1048,7357.346137427912
192,7357.346137427912
40425,7654.245003884667
39569,0.0
38713,9658.483380412583
37857,8420.909237200112
37001,8442.699441229011
36145,8180.9591527056755
35289,8180.9591527056755
34433,7506.956249093286
33577,0.0
32721,6286.701996853608
31865,6286.701996853608
31009,6295.14719887381
30153,6295.14719887381
29297,6789.2343196980055
28441,7506.956249093286
27585,0.0
26729,9789.978373557578
25873,8185.658945367496
25017,8180.9591527056755
24161,8180.9591527056755
23305,8180.9591527056755
22449,7491.222876077412
21593,0.0
20737,6280.613339224688
19881,6280.613339224688
19025,6280.613339224688
18169,6280.613339224688
17313,6762.881277827549
16457,7506.511355912079
15601,0.0
14745,9625.01257093671
13889,8454.741633245329
13033,8754.102076893581
12177,8876.41162368064
11321,8476.150377496542
10465,7526.4935006908945
9609,0.0
8753,6302.374906083626
7897,6302.374906083626
7041,6248.9772847939885
6185,6248.9772847939885
5329,6776.695039049576
4473,7491.222876077412
3617,0.0
2761,9685.68100624183
1905,8185.658945367496
1049,8180.9591527056755
193,8180.9591527056755
40426,19936.5018431146
39570,0.0
38714,25807.39337375587
37858,22219.216011165256
37002,21696.50065835307
36146,21285.08503251119
35290,20834.76846494743
34434,17009.13130355928
33578,0.0
32722,18337.00721478412
31866,18387.335322828036
31010,18351.681879930355
30154,18576.49834147806
29298,18392.851905427633
28442,16834.058260062062
27586,0.0
26730,24866.258107928283
25874,20457.070967380303
25018,20294.14950557559
24162,20297.848064344784
23306,20313.04032922043
22450,16713.723008184228
21594,0.0
20738,18516.552903792115
19882,18548.6525863318
19026,18488.065466738426
18170,18484.674095887058
17314,18431.40818449715
16458,18970.56153144181
15602,0.0
14746,24634.347387428737
13890,22233.02593077452
13034,22203.35451341701
12178,21862.701086876856
11322,21511.937285466276
10466,17413.688146579683
9610,0.0
8754,18095.59632329336
7898,18050.260288903624
7042,18096.3655842333
6186,18052.818939211655
5330,17966.482925239143
4474,16923.500163158966
3618,0.0
2762,24826.034096985524
1906,20850.067550338466
1050,20446.31698921064
194,20419.792521840776
40427,8923.032889503233
39571,0.0
38715,15776.545397346907
37859,12594.532313554326
37003,11438.797505061206
36147,11438.797505061206
35291,11438.797505061206
34435,7182.458648217229
33579,0.0
32723,7167.494408342239
31867,7071.67385021725
31011,7071.67385021725
30155,7071.67385021725
29299,7071.67385021725
28443,7071.67385021725
27587,0.0
26731,14972.746059501815
25875,12463.282365520088
25019,11438.797505061206
24163,11438.797505061206
23307,11438.797505061206
22451,7071.67385021725
21595,0.0
20739,7071.67385021725
19883,7071.67385021725
19027,7071.67385021725
18171,7071.67385021725
17315,7403.455323584115
16459,7878.100817872246
15603,0.0
14747,17292.190885457843
13891,11412.659637355999
13035,11649.561136707513
12179,11438.797505061206
11323,11438.797505061206
10467,7182.458648217229
9611,0.0
8755,7182.458648217229
7899,7182.458648217229
7043,7167.494408342239
6187,7167.494408342239
5331,7071.67385021725
4475,7071.67385021725
3619,0.0
2763,15127.297000956614
1907,12475.83315211098
1051,11458.787645435537
195,11458.787645435537
40428,4616.891640246281
39572,0.0
38716,10179.647452222114
37860,7563.301565431257
37004,7032.315528901856
36148,6533.361004653227
35292,6430.130231886101
34436,4581.2860794607395
33580,0.0
32724,4640.9542334658045
31868,4640.9542334658045
31012,4640.9542334658045
30156,4640.9542334658045
29300,4640.9542334658045
28444,4581.2860794607395
27588,0.0
26732,9315.864766282672
25876,7040.778690885938
25020,6648.7774617539335
24164,6394.275178987625
23308,6410.212344977839
22452,4581.2860794607395
21596,0.0
20740,4640.9542334658045
19884,4640.9542334658045
19028,4640.9542334658045
18172,4640.9542334658045
17316,4735.036354100767
16460,4669.698151734686
15604,0.0
14748,9095.339914172615
13892,8634.201826851056
13036,8482.7464540925
12180,7380.9323865256265
11324,6986.339152055626
10468,4595.636246127407
9612,0.0
8756,4640.9542334658045
7900,4640.9542334658045
7044,4640.9542334658045
6188,4640.9542334658045
5332,4640.9542334658045
4476,4581.2860794607395
3620,0.0
2764,9135.101601600132
1908,7026.277117141607
1052,6717.111653679655
196,6418.375021272365
40429,3864.4253255468416
39573,0.0
38717,5852.888576196147
37861,4588.127620580805
37005,4298.302095196805
36149,4063.9986213135253
35293,4105.18894549351
34437,3714.0037912693833
33581,0.0
32725,2424.8677757130968
31869,2413.5536110430576
31013,2409.5983080127544
30157,2413.27654018635
29301,2771.084336968412
28445,3492.9441773202275
27589,0.0
26733,5500.238379206681
25877,4217.557940805397
25021,4035.996989183049
24165,4037.739218019028
23309,4061.7316075445074
22453,3517.4515709913717
21597,0.0
20741,2406.9699305005
19885,2405.998660435855
19029,2405.998660435855
18173,2423.0153839030195
17317,3024.573106123673
16461,3541.705876622332
15605,0.0
14749,8934.808240225182
13893,5186.71568287221
13037,5085.443998533731
12181,4693.244859756351
11325,4434.072827082221
10469,3853.955521625273
9613,0.0
8757,2453.2535815100046
7901,2452.4034009114494
7045,2428.7719890539356
6189,2423.740524257834
5333,2812.909762663088
4477,3522.036341035456
3621,0.0
2765,5887.619923979108
1909,4243.801443659756
1053,4022.5536382661785
197,4011.3356975811325
40430,6486.649375283
39574,0.0
38718,9223.205885389047
37862,7182.232961186569
37006,7184.0481476753
36150,7126.592193471316
35294,7133.974434722246
34438,5993.60100356523
33582,0.0
32726,5827.569775840099
31870,5839.352001324266
31014,5839.352001324266
30158,5839.352001324266
29302,5980.463179697536
28446,5980.463179697536
27590,0.0
26734,8911.248435373274
25878,7136.377117306441
25022,7136.377117306441
24166,7136.377117306441
23310,7143.759358557372
22454,5980.463179697536
21598,0.0
20742,5839.352001324266
19886,5839.352001324266
19030,5839.352001324266
18174,5839.352001324266
17318,6246.239120576411
16462,6429.913989612108
15606,0.0
14750,9897.851674451022
13894,8430.817082152915
13038,8642.09860446768
12182,7906.14384435287
11326,7906.14384435287
10470,5993.60100356523
9614,0.0
8758,5852.489825191959
7902,5852.489825191959
7046,5827.569775840099
6190,5827.569775840099
5334,5980.463179697536
4478,5980.463179697536
3622,0.0
2766,9348.05131017736
1910,7906.14384435287
1054,7906.14384435287
198,7906.14384435287
40431,8596.858818453005
39575,0.0
38719,13458.165133878481
37863,10902.879420018364
37007,10064.516951287356
36151,9776.50377638188
35295,9384.198360104578
34439,8276.916054345274
33583,0.0
32727,7300.943929965839
31871,7300.943929965839
31015,7300.943929965839
30159,7300.943929965839
29303,7777.94405375547
28447,8234.870091837114
27591,0.0
26735,12489.296466565593
25879,10284.220603051433
25023,8925.551101603067
24167,8877.626431828394
23311,8865.501182405284
22455,8234.870091837114
21599,0.0
20743,7300.943929965839
19887,7300.943929965839
19031,7300.943929965839
18175,7348.561078936023
17319,8356.928488869573
16463,8502.183693487043
15607,0.0
14751,14588.97932387706
13895,11008.296629727354
13039,11471.840367995143
12183,10174.578534805869
11327,10031.739821703977
10471,8338.504114393192
9615,0.0
8759,7415.097147273965
7903,7300.943929965839
7047,7300.943929965839
6191,7300.943929965839
5335,7798.27889581545
4479,8234.870091837114
3623,0.0
2767,12371.477732484856
1911,10256.450450768552
1055,8931.308470024118
199,8922.795691087656
40432,4348.371809505854
39576,0.0
38720,8238.719224425682
37864,7088.084204386439
37008,6698.208918978867
36152,6698.208918978867
35296,6698.208918978867
34440,4330.36400527305
33584,0.0
32728,5189.306091343202
31872,5140.194575789613
31016,5245.037413740037
30160,5239.1567279096635
29304,5420.8014646325055
28448,0.0
27592,0.0
26736,8477.36955356042
25880,6974.738800883733
25024,6688.573283346958
24168,6688.573283346958
23312,6688.573283346958
22456,4327.850402331873
21600,0.0
20744,5024.543565329808
19888,5032.044736175515
19032,5173.190239700034
18176,5122.895432220545
17320,5820.183500039046
16464,4336.164402098446
15608,0.0
14752,9038.598729417074
13896,7012.357874166198
13040,7199.2507938397175
12184,6941.42714555685
11328,6688.573283346958
10472,4347.851273791568
9616,0.0
8760,5760.781788119569
7904,5706.584123141117
7048,5292.845140191086
6192,5231.470129133968
5336,5439.106361981889
4480,4327.850402331873
3624,0.0
2768,8610.116694185997
1912,6974.738800883733
1056,6688.573283346958
200,6688.573283346958
40433,9663.3179515528
39577,17388.150641252814
38721,14222.86807357947
37865,13230.819043098785
37009,13138.259189110182
36153,13101.632738006392
35297,13187.52161893662
34441,9659.506912591762
33585,17360.141508163684
32729,12146.349129510194
31873,12174.566632053948
31017,12104.840451734268
30161,12202.912529956973
29305,12417.279204689647
28449,9732.318259624362
27593,17702.180967114316
26737,13951.213923679808
25881,13115.619663589407
25025,13019.208358314554
24169,13041.154604070434
23313,13144.49755758131
22457,9417.037905071507
21601,17505.802632502302
20745,11945.266697880008
19889,11799.669382141168
19033,11821.267626719688
18177,11974.71157994239
17321,12267.886636258623
16465,9521.079082320188
15609,17481.176124565794
14753,14098.77219826742
13897,13256.91209865434
13041,13191.127373934614
12185,13201.870200887077
11329,13228.757690365192
10473,9686.0243488592
9617,17464.809711765633
8761,12115.830870130685
7905,11997.229858780924
7049,11945.098956905022
6193,12037.167435741001
5337,12435.898598143414
4481,9927.258855833707
3625,17604.16183656894
2769,13932.915225679464
1913,13239.666383166128
1057,13128.368073923022
201,13177.105510155092
40434,17764.925867484915
39578,26772.38646941022
38722,14477.24805258541
37866,19646.559390738046
37010,19176.800713862933
36154,18653.256345184225
35298,20699.814221345245
34442,17164.794835572386
33586,26229.43615707821
32730,17002.010279075443
31874,16667.307477776794
31018,16599.2945809514
30162,16959.917581955022
29306,17670.15479746697
28450,17160.90054752247
27594,26110.83333392914
26738,13926.012429218768
25882,18623.481929085316
25026,18272.435685861354
24170,18214.12197133514
23314,20473.19733868714
22458,17123.616438764882
21602,26238.583206972762
20746,17072.692755252647
19890,16754.541542693358
19034,16729.40864179796
18178,17326.11054251298
17322,18304.103838571562
16466,17878.455965368506
15610,26208.82513458219
14754,14012.815044628342
13898,20322.205314070463
13042,20240.504139309232
12186,19752.968655437406
11330,21178.285596440594
10474,17264.32785408165
9618,26324.325879300435
8762,17204.816151001633
7906,16994.882875547515
7050,16674.40043049257
6194,16928.303920914183
5338,17596.357081479255
4482,17046.491358262654
3626,25889.756433306615
2770,13718.410160905632
1914,18568.45381279121
1058,18268.31523657902
202,18088.80530583561
40435,4431.471332214188
39579,0.0
38723,7631.671190330064
37867,5981.59053824646
37011,5858.415494987534
36155,5490.097634774129
35299,5471.107912199206
34443,4431.471332214188
33587,0.0
32731,3750.030565034712
31875,3691.9259390077177
31019,3679.6755344014305
30163,3697.0233849305314
29307,4824.379747760401
28451,0.0
27595,0.0
26739,7144.611604820766
25883,5247.585431897789
25027,5237.676401401885
24171,5237.676401401885
23315,5252.671936763469
22459,5151.022933186988
21603,0.0
20747,3709.9593537529054
19891,3676.795305023857
19035,3659.6178976164497
18179,3679.9455698135334
17323,5171.3566928259615
16467,5223.702402909528
15611,0.0
14755,12325.315366176996
13899,5904.226474724757
13043,6190.795849411832
12187,5863.790674392745
11331,5322.503198243727
10475,5144.107377631432
9619,0.0
8763,3690.2031243910374
7907,3637.684992377452
7051,3616.6302578106834
6195,3657.4015264989953
5339,5124.430324491335
4483,5144.107377631432
3627,0.0
2771,6796.771073257788
1915,5197.9183273314375
1059,5188.009296835534
203,5188.009296835534
40436,3029.1581758138464
39580,0.0
38724,8247.22010805662
37868,6304.302625780661
37012,6081.458476260975
36156,5904.728083991546
35300,5904.728083991546
34444,2902.4492973106967
33588,0.0
32732,4356.3577379261515
31876,4330.583251410409
31020,4282.658550250626
30164,4293.829580150958
29308,4463.691087319282
28452,2895.3725826928526
27596,0.0
26740,8040.63434166764
25884,6109.351326274919
25028,5916.653699956083
24172,5891.309907073699
23316,5891.309907073699
22460,2895.3725826928526
21604,0.0
20748,4274.635371966234
19892,4277.442090920483
19036,4277.442090920483
18180,4288.613120820814
17324,4578.929477082767
16468,2923.6791482330473
15612,0.0
14756,9610.96129102927
13900,6705.022648926767
13044,6556.6736819756525
12188,6448.168672848336
11332,6069.38045936712
10476,2972.17282994293
9620,0.0
8764,4365.805359158889
7908,4368.612078113137
7052,4359.1644568804
6196,4370.335486780733
5340,4563.727261796788
4484,2916.3558763436463
3628,0.0
2772,8223.359832392796
1916,6158.151723924761
1060,5933.937429364026
204,5895.753839822238
40437,8827.627355468523
39581,0.0
38725,9664.823942764702
37869,7491.757136344476
37013,7162.575049700978
36157,7162.575049700978
35301,7162.575049700978
34445,8827.627355468523
33589,0.0
32733,6219.27470419105
31877,6219.27470419105
31021,6219.27470419105
30165,6258.300395266749
29309,7622.42564654743
28453,8789.09554186144
27597,0.0
26741,9664.823942764702
25885,7491.757136344476
25029,7162.575049700978
24173,7162.575049700978
23317,7162.575049700978
22461,8789.09554186144
21605,0.0
20749,6219.27470419105
19893,6219.27470419105
19037,6219.27470419105
18181,6258.300395266749
17325,7779.911844157815
16469,8995.08590231439
15613,0.0
14757,9698.432287919664
13901,7599.872649105086
13045,8410.702413095698
12189,7415.094408668603
11333,7162.575049700978
10477,8778.728760886182
9621,0.0
8765,6192.685092740444
7909,6192.685092740444
7053,6184.27850059247
6197,6233.345694520331
5341,7545.5153201553485
4485,8740.196947279097
3629,0.0
2773,9664.823942764702
1917,7491.757136344476
1061,7162.575049700978
205,7162.575049700978
40438,3469.13304752521
39582,0.0
38726,7532.715323521896
37870,7152.906687948982
37014,6715.856822512893
36158,6715.856822512893
35302,6715.856822512893
34446,3469.13304752521
33590,0.0
32734,4812.756585411436
31878,4812.756585411436
31022,4812.756585411436
30166,4812.756585411436
29310,4846.955753587343
28454,3469.13304752521
27598,0.0
26742,7321.368998752203
25886,7152.906687948982
25030,6715.856822512893
24174,6715.856822512893
23318,6715.856822512893
22462,3469.13304752521
21606,0.0
20750,4812.756585411436
19894,4812.756585411436
19038,4812.756585411436
18182,4812.756585411436
17326,4846.955753587343
16470,3469.13304752521
15614,0.0
14758,7441.163095413157
13902,7164.821928119682
13046,7773.084986826448
12190,7056.281881793317
11334,6715.856822512893
10478,3469.13304752521
9622,0.0
8766,4812.756585411436
7910,4812.756585411436
7054,4812.756585411436
6198,4812.756585411436
5342,4846.955753587343
4486,3469.13304752521
3630,0.0
2774,7403.893602257472
1918,7152.906687948982
1062,6715.856822512893
206,6715.856822512893
40439,8574.308693898693
39583,0.0
38727,15732.356277527786
37871,12266.476831625247
37015,10911.840185260147
36159,9929.537797652014
35303,9899.111566963586
34447,7406.934225184681
33591,0.0
32735,7742.398997165839
31879,7583.711174942811
31023,7575.983278117414
30167,7621.43663476077
29311,7684.987903880878
28455,7321.767808525384
27599,0.0
26743,14124.682495905505
25887,11516.869842957367
25031,10744.17241217657
24175,9876.659703493322
23319,9771.851046616746
22463,6978.041221960765
21607,0.0
20751,7458.075141330932
19895,7284.586195823942
19039,7173.085254971415
18183,7443.239527752704
17327,8033.32980999285
16471,7896.311540844632
15615,0.0
14759,14743.3511706466
13903,12422.254892380322
13047,11984.853830075392
12191,10566.32986211469
11335,10021.938841358904
10479,7563.4074550708965
9623,0.0
8767,7949.003123030451
7911,7699.822533112506
7055,7658.548102729592
6199,7669.1629102513925
5343,7723.632002011323
4487,7390.269354641306
3631,0.0
2775,14314.71883119059
1919,11437.94941794572
1063,10785.86977421649
207,9918.812625071658
40440,3740.5121717793722
39584,0.0
38728,9200.479824212756
37872,7154.367029843205
37016,6720.203104013664
36160,6720.203104013664
35304,6720.203104013664
34448,3740.5121717793722
33592,0.0
32736,5219.044538976168
31880,5210.912030528543
31024,5203.0575207493775
30168,5209.086638461148
29312,5284.926185616627
28456,3740.5121717793722
27600,0.0
26744,9200.479824212756
25888,7154.367029843205
25032,6720.203104013664
24176,6720.203104013664
23320,6720.203104013664
22464,3740.5121717793722
21608,0.0
20752,5196.01042563858
19896,5196.01042563858
19040,5196.01042563858
18184,5202.039543350352
17328,5390.126455021679
16472,3740.5121717793722
15616,0.0
14760,9435.915439593588
13904,7217.550349741859
13048,7246.821599118405
12192,6985.536962090137
11336,6720.203104013664
10480,3740.5121717793722
9624,0.0
8768,5246.007998798757
7912,5236.920550102875
7056,5226.9967597959785
6200,5233.02587750775
5344,5300.732916215603
4488,3740.5121717793722
3632,0.0
2776,9176.180972538115
1920,7154.367029843205
1064,6720.203104013664
208,6720.203104013664
40441,7189.036613465748
39585,0.0
38729,10611.520966806125
37873,7801.124810323613
37017,7801.124810323613
36161,7801.124810323613
35305,7801.124810323613
34449,5791.783261134383
33593,0.0
32737,5687.322689511609
31881,5670.068323110115
31025,5670.068323110115
30169,5670.068323110115
29313,5760.408833045042
28457,5760.408833045042
27601,0.0
26745,10293.110988228613
25889,7801.124810323613
25033,7801.124810323613
24177,7801.124810323613
23321,7801.124810323613
22465,5760.408833045042
21609,0.0
20753,5670.068323110115
19897,5670.068323110115
19041,5670.068323110115
18185,5670.068323110115
17329,6048.691071968047
16473,5936.7935732616515
15617,0.0
14761,11117.385497973826
13905,9785.154161979282
13049,10248.877998566177
12193,7801.124810323613
11337,7801.124810323613
10481,5904.179131725949
9625,0.0
8769,5730.394551476081
7913,5730.394551476081
7057,5687.322689511609
6201,5687.322689511609
5345,5760.408833045042
4489,5760.408833045042
3633,0.0
2777,10499.836347380906
1921,7801.124810323613
1065,7801.124810323613
209,7801.124810323613
40442,3943.943092479414
39586,7094.9866731484735
38730,7079.344610407765
37874,6121.842778834808
37018,6077.558209088696
36162,6166.418722108352
35306,6211.891636971267
34450,3943.943092479414
33594,7111.301548795703
32738,4026.193674057423
31882,4044.200058367557
31026,4053.3173112535596
30170,4027.602089438338
29314,4101.887317375606
28458,3929.626025981098
27602,7195.928032173435
26746,8060.902298625992
25890,6124.734340774898
25034,6102.024938685891
24178,6115.685334308788
23322,6171.570749171703
22466,3921.6331428429944
21610,7148.415606206156
20754,3986.1359971482752
19898,3986.1359971482752
19042,3976.063269875548
18186,4021.1472624339153
17330,4117.758078024271
16474,3980.8534641189412
15618,7105.630789807958
14762,14268.58109953514
13906,6491.498355257325
13050,6538.08964076101
12194,6453.565928168183
11338,6355.497595138005
10482,3957.128509146081
9626,7094.9866731484735
8770,0.0
7914,0.0
7058,0.0
6202,4051.0515913715903
5346,0.0
4490,0.0
3634,7147.044777788931
2778,7327.026602075154
1922,6276.094658979596
1066,6253.3852568905895
210,6264.416431380588
40443,1939.4440405011976
39587,0.0
38731,9833.836551115533
37875,8130.50043157422
37019,7985.45658496436
36163,7831.486003843189
35307,7917.044573468007
34451,1762.3274255108581
33595,0.0
32739,3227.5759679605735
31883,3328.4904199394027
31027,3063.488047422323
30171,3094.0523292595813
29315,3130.3296047683834
28459,0.0
27603,0.0
26747,9164.318873490607
25891,7660.9019225305365
25035,7618.79444373993
24179,7565.071772493533
23323,7666.113117820844
22467,1611.6321305567678
21611,0.0
20755,3221.653885151026
19899,3338.3954642657404
19043,3052.591401633958
18187,3096.5148300688024
17331,3324.5435786888543
16475,1731.5771643138612
15619,0.0
14763,10657.77979558024
13907,7099.911436129512
13051,7141.960806458452
12195,6997.361552825385
11339,6996.99739878185
10483,1718.7796321125181
9627,0.0
8771,3222.2407615009497
7915,3333.3162499370515
7059,3003.7785021003688
6203,3015.5734281994105
5347,3105.3321133019563
4491,1684.5397869235364
3635,0.0
2779,9155.23067778132
1923,6987.721275286124
1067,6496.39706486712
211,6298.215110188387
40444,6985.501693951835
39588,0.0
38732,9525.98956489832
37876,7468.824052092848
37020,7468.824052092848
36164,7468.824052092848
35308,7468.824052092848
34452,5976.363967225914
33596,0.0
32740,5810.332739500784
31884,5818.828095536942
31028,5818.828095536942
30172,5818.828095536942
29316,5959.939273910213
28460,0.0
27604,0.0
26748,9267.403045631252
25892,7508.398064438527
25036,7508.398064438527
24180,7508.398064438527
23324,7508.398064438527
22468,5959.939273910213
21612,0.0
20756,5818.828095536942
19900,5818.828095536942
19044,5818.828095536942
18188,5818.828095536942
17332,6144.640848474365
16476,6594.206255427781
15620,0.0
14764,10638.712025545914
13908,8986.803303792653
13052,9088.685360837146
12196,7508.398064438527
11340,7508.398064438527
10484,5976.363967225914
9628,0.0
8772,5835.252788852643
7916,5835.252788852643
7060,5810.332739500784
6204,5810.332739500784
5348,5959.939273910213
4492,5959.939273910213
3636,0.0
2780,9417.2557458617
1924,7508.398064438527
1068,7508.398064438527
212,7508.398064438527
40445,7109.883750477693
39589,0.0
38733,10572.544000454418
37877,7801.124810323613
37021,7801.124810323613
36165,7801.124810323613
35309,7801.124810323613
34453,5806.147832758667
33597,0.0
32741,5701.687261135893
31885,5683.319895903548
31029,5683.319895903548
30173,5683.319895903548
29317,5773.660405838475
28461,5773.660405838475
27605,0.0
26749,10210.336612870196
25893,7801.124810323613
25037,7801.124810323613
24181,7801.124810323613
23325,7801.124810323613
22469,5773.660405838475
21613,0.0
20757,5683.319895903548
19901,5683.319895903548
19045,5683.319895903548
18189,5683.319895903548
17333,5962.1677919151925
16477,6017.351504709991
15621,0.0
14765,10893.534595143446
13909,9349.128198163082
13053,10047.452745314253
12197,7801.124810323613
11341,7801.124810323613
10485,5938.577453350233
9629,0.0
8773,5744.759123100364
7917,5744.759123100364
7061,5701.687261135893
6205,5701.687261135893
5349,5773.660405838475
4493,5773.660405838475
3637,0.0
2781,10452.75439521491
1925,7801.124810323613
1069,7801.124810323613
213,7801.124810323613
40446,9211.099954376916
39590,0.0
38734,10156.711382621437
37878,8242.786512741133
37022,8281.620020298973
36166,7957.884922453739
35310,7957.884922453739
34454,8696.353985838887
33598,0.0
32742,5559.285481886301
31886,5483.698431807936
31030,5503.14254788205
30174,5500.342177511681
29318,8003.95822263915
28462,9772.686976506442
27606,0.0
26750,11214.939805035363
25894,8081.379268448088
25038,8068.118642452934
24182,8053.12419800849
23326,8053.12419800849
22470,9827.887316351784
21614,0.0
20758,5428.4043462715
19902,5428.4043462715
19046,5428.4043462715
18190,5428.4043462715
17334,8549.815126281163
16478,9876.757958487424
15622,0.0
14766,13811.80416322784
13910,8162.2438779898985
13054,8439.96406359264
12198,8516.772988800936
11342,8050.191849625542
10486,10059.947005354408
9630,0.0
8774,5428.4043462715
7918,5428.4043462715
7062,5428.4043462715
6206,5428.4043462715
5350,8503.403365819402
4494,9807.344959403175
3638,0.0
2782,11826.330903660011
1926,8046.0157758241085
1070,8041.315983162288
214,8045.501168347473
40447,6902.867776269629
39591,0.0
38735,8016.503579074411
37879,6776.784799445767
37023,6644.727878908522
36167,6645.7639764595815
35311,6893.177023474384
34455,6558.206567285114
33599,0.0
32743,5311.6727432326115
31887,5252.546174834034
31031,5236.753872038628
30175,5255.236676860575
29319,6532.267379477163
28463,6532.711943801883
27607,0.0
26751,7673.978407309416
25895,6636.6579004737805
25039,6585.788312041782
24183,6604.944226266584
23327,6860.755218148856
22471,6487.507502625288
21615,0.0
20759,5234.323429039226
19903,5210.212700815519
19047,5210.212700815519
18191,5228.695505637465
17335,6546.070463181253
16479,6611.569821319023
15623,0.0
14767,12960.214750491956
13911,7075.203110517328
13055,7172.5486033375155
12199,7016.564312479899
11343,7016.600643944958
10487,6647.202572879998
9631,0.0
8775,5338.310343175557
7919,5316.297512269893
7063,5273.700719425885
6207,5287.089531847411
5351,6553.1199682695
4495,6547.876485926425
3639,0.0
2783,8044.961796753893
1927,6689.069398647242
1071,6672.83639724062
215,6671.71395556311
40448,7265.412199648265
39592,0.0
38736,9394.591293462227
37880,7780.270875092994
37024,7780.270875092994
36168,7780.270875092994
35312,7780.270875092994
34456,5784.286608884687
33600,0.0
32744,5679.826037261912
31888,5662.571670860418
31032,5662.571670860418
30176,5662.571670860418
29320,5752.912180795345
28464,5752.912180795345
27608,0.0
26752,9118.742097016431
25896,7780.270875092994
25040,7780.270875092994
24184,7780.270875092994
23328,7780.270875092994
22472,5752.912180795345
21616,0.0
20760,5662.571670860418
19904,5662.571670860418
19048,5662.571670860418
18192,5662.571670860418
17336,5922.28742485204
16480,6245.289182625554
15624,0.0
14768,9718.576493438635
13912,8827.911581169516
13056,9514.461518380615
12200,7780.270875092994
11344,7780.270875092994
10488,5949.602982761795
9632,0.0
8776,5722.897899226384
7920,5722.897899226384
7064,5679.826037261912
6208,5679.826037261912
5352,5752.912180795345
4496,5752.912180795345
3640,0.0
2784,9378.971584049345
1928,7780.270875092994
1072,7780.270875092994
216,7780.270875092994
40449,5147.585533328578
39593,0.0
38737,9232.309389669623
37881,7374.500883641816
37025,7227.201614086088
36169,6970.233331803762
35313,6970.233331803762
34457,5135.472885107234
33601,0.0
32745,5147.394280005354
31889,5147.394280005354
31033,5147.394280005354
30177,5147.394280005354
29321,5213.586456815288
28465,0.0
27609,0.0
26753,9680.191820420318
25897,6928.587033356683
25041,6903.055002769874
24185,6903.055002769874
23329,6903.055002769874
22473,4685.681089331546
21617,0.0
20761,4984.727151345375
19905,4984.727151345375
19049,5007.837226501701
18193,5085.348441625296
17337,5263.572296333573
16481,4700.189571435191
15625,0.0
14769,10526.387228998392
13913,7779.966275901463
13057,7879.940043600648
12201,7507.807388807026
11345,7237.748713163487
10489,4758.280189968354
9633,0.0
8777,5039.527134737281
7921,5025.924965787509
7065,5010.816037690512
6209,5088.327252814108
5353,5192.698045946029
4497,4654.040255998213
3641,0.0
2785,10314.593284925462
1929,6928.587033356683
1073,6903.055002769874
217,6903.055002769874
40450,4544.49039656118
39594,0.0
38738,8793.853663771972
37882,7155.582277623389
37026,7048.580348808264
36170,6771.244746904417
35314,6771.244746904417
34458,4521.3067991821945
33602,0.0
32746,4481.805625680057
31890,4476.4703295602485
31034,4476.4703295602485
30178,4491.927949313765
29322,4625.026657375664
28466,0.0
27610,0.0
26754,9094.607096453916
25898,6771.635972275713
25042,6762.327935863385
24186,6762.327935863385
23330,6762.327935863385
22474,4570.169587880103
21618,0.0
20762,4530.668414377966
19906,4530.668414377966
19050,4530.668414377966
18194,4546.126034131482
17338,4694.497325526715
16482,4632.23913652908
15626,0.0
14770,11237.002734643076
13914,7514.434878347176
13058,7584.5847687314445
12202,7426.767251659578
11346,7188.986947187421
10490,4570.169587880103
9634,0.0
8778,4545.395338854801
7922,4545.395338854801
7066,4530.668414377966
6210,4546.126034131482
5354,4673.889446073573
4498,4570.169587880103
3642,0.0
2786,9735.077933054554
1930,6771.635972275713
1074,6762.327935863385
218,6762.327935863385
40451,5175.893853732328
39595,0.0
38739,9598.04897645034
37883,7491.757136344476
37027,7162.575049700978
36171,7162.575049700978
35315,7162.575049700978
34459,5175.893853732328
33603,0.0
32747,5381.24422319852
31891,5381.24422319852
31035,5381.24422319852
30179,5381.24422319852
29323,5386.290945569436
28467,5175.893853732328
27611,0.0
26755,9598.04897645034
25899,7491.757136344476
25043,7162.575049700978
24187,7162.575049700978
23331,7162.575049700978
22475,5175.893853732328
21619,0.0
20763,5381.24422319852
19907,5381.24422319852
19051,5381.24422319852
18195,5381.24422319852
17339,5386.290945569436
16483,5175.893853732328
15627,0.0
14771,9646.292746871897
13915,7596.420154785775
13059,8128.826017007423
12203,7455.173026473843
11347,7162.575049700978
10491,5175.893853732328
9635,0.0
8779,5381.24422319852
7923,5381.24422319852
7067,5381.24422319852
6211,5381.24422319852
5355,5386.290945569436
4499,5175.893853732328
3643,0.0
2787,9598.04897645034
1931,7491.757136344476
1075,7162.575049700978
219,7162.575049700978
40452,5287.115171827038
39596,0.0
38740,9344.433769037152
37884,6990.650293134488
37028,6984.617686345171
36172,6973.95403287119
35316,6996.0099778258245
34460,5105.8781018178515
33604,0.0
32748,5339.603669786577
31892,5223.179206434758
31036,5212.140651479031
30180,5204.740076596955
29324,5682.081248643849
28468,0.0
27612,0.0
26756,9488.303114712595
25900,7021.064680438574
25044,7024.927563211243
24188,7024.927563211243
23332,7046.9835081658775
22476,4813.363602711592
21620,0.0
20764,4982.609429012372
19908,4942.426546949213
19052,4942.426546949213
18196,4935.025972067137
17340,5774.3556276124955
16484,4913.548557987135
15628,0.0
14772,11110.272242040368
13916,7578.845511817734
13060,7832.7376165912665
12204,7509.791951877156
11348,7082.067339140358
10492,4893.135981596681
9636,0.0
8780,5038.870719243277
7924,5032.174666646949
7068,4978.967917702725
6212,4971.567342820649
5356,5393.081099679696
4500,4812.652737962914
3644,0.0
2788,9707.376894997873
1932,7021.064680438574
1076,7024.927563211243
220,7024.927563211243
40453,4721.7340765300305
39597,0.0
38741,10650.79689928034
37885,7987.5264915554435
37029,7058.432561390542
36173,7050.361265094247
35317,7050.361265094247
34461,4699.903397591589
33605,0.0
32749,4405.717197510489
31893,4405.717197510489
31037,4405.717197510489
30181,4421.174817264007
29325,4690.891959308472
28469,0.0
27613,0.0
26757,11479.125805626412
25901,8133.000012038308
25045,7390.870902438202
24189,7382.799606141907
23333,7413.38346857577
22477,4699.903397591589
21621,0.0
20765,4405.717197510489
19909,4405.717197510489
19053,4405.717197510489
18197,4421.174817264007
17341,4758.6868280293675
16485,4839.09365145136
15629,0.0
14773,12691.23251059826
13917,8019.503699107419
13061,7828.733315399883
12205,7957.397256743558
11349,7408.280567495369
10493,4699.903397591589
9637,0.0
8781,4405.717197510489
7925,4405.717197510489
7069,4405.717197510489
6213,4421.174817264007
5357,4690.891959308472
4501,4699.903397591589
3645,0.0
2789,11511.434716317359
1933,8108.597509926823
1077,7384.6297337837805
221,7385.730937487485
40454,6149.198515986906
39598,0.0
38742,9319.21733733608
37886,7181.51341507515
37030,6750.122824830479
36174,6750.122824830479
35318,6750.122824830479
34462,6149.198515986906
33606,0.0
32750,5465.084845485065
31894,5465.084845485065
31038,5465.084845485065
30182,5465.084845485065
29326,5699.902878221376
28470,6149.198515986906
27614,0.0
26758,9294.312043685288
25902,7181.51341507515
25046,6750.122824830479
24190,6750.122824830479
23334,6750.122824830479
22478,6149.198515986906
21622,0.0
20766,5465.084845485065
19910,5465.084845485065
19054,5465.084845485065
18198,5465.084845485065
17342,5699.902878221376
16486,6149.198515986906
15630,0.0
14774,9396.171628769942
13918,7266.818908657156
13062,7990.525447294781
12206,7176.31077299979
11350,6750.122824830479
10494,6116.558412177798
9638,0.0
8782,5465.084845485065
7926,5465.084845485065
7070,5465.084845485065
6214,5465.084845485065
5358,5699.902878221376
4502,6116.558412177798
3646,0.0
2790,9310.422661649991
1934,7181.51341507515
1078,6750.122824830479
222,6750.122824830479
40455,3824.7287455501446
39599,0.0
38743,11669.456846495888
37887,8404.077571720354
37031,7634.024824357854
36175,7606.635138761576
35319,7606.635138761576
34463,3824.7287455501446
33607,0.0
32751,5268.9423065078945
31895,5268.9423065078945
31039,5268.9423065078945
30183,5268.9423065078945
29327,5276.346789160524
28471,3824.7287455501446
27615,0.0
26759,10937.325270450196
25903,8308.090198600663
25047,7594.084532002744
24191,7594.084532002744
23335,7594.084532002744
22479,3824.7287455501446
21623,0.0
20767,5268.9423065078945
19911,5268.9423065078945
19055,5268.9423065078945
18199,5268.9423065078945
17343,5276.346789160524
16487,3824.7287455501446
15631,0.0
14775,11195.730178455527
13919,8504.172909354116
13063,8514.086581802674
12207,7876.881375250453
11351,7645.092882076064
10495,3824.7287455501446
9639,0.0
8783,5268.9423065078945
7927,5268.9423065078945
7071,5268.9423065078945
6215,5268.9423065078945
5359,5276.346789160524
4503,3824.7287455501446
3647,0.0
2791,10953.25145657771
1935,8321.891468441932
1079,7594.084532002744
223,7594.084532002744
40456,3451.78169826734
39600,0.0
38744,7526.728281416692
37888,6555.329036116108
37032,5979.690020991587
36176,5979.690020991587
35320,5979.690020991587
34464,3451.78169826734
33608,0.0
32752,5111.063855216648
31896,5111.063855216648
31040,5111.063855216648
30184,5111.063855216648
29328,5110.094653825397
28472,3451.78169826734
27616,0.0
26760,7471.570472543365
25904,6555.329036116108
25048,5979.690020991587
24192,5979.690020991587
23336,5979.690020991587
22480,3451.78169826734
21624,0.0
20768,5111.063855216648
19912,5111.063855216648
19056,5111.063855216648
18200,5111.063855216648
17344,5110.094653825397
16488,3451.78169826734
15632,0.0
14776,7548.748312887162
13920,6703.561298497891
13064,7391.033112649647
12208,6343.582155603072
11352,5979.690020991587
10496,3451.78169826734
9640,0.0
8784,5111.063855216648
7928,5111.063855216648
7072,5111.063855216648
6216,5111.063855216648
5360,5110.094653825397
4504,3451.78169826734
3648,0.0
2792,7365.575522629436
1936,6555.329036116108
1080,5979.690020991587
224,5979.690020991587
40457,5734.4249177335205
39601,0.0
38745,7606.478198913209
37889,7021.909563242658
37033,6602.668262835754
36177,6283.119015939618
35321,6261.584111034009
34465,5646.489775729012
33609,0.0
32753,5280.445395254587
31897,5234.957180737622
31041,5220.622674965618
30185,5224.894298342242
29329,5211.546855160424
28473,5556.716059660928
27617,0.0
26761,7469.216164015119
25905,7010.512560180754
25049,6536.1695507877075
24193,6284.514853944206
23337,6267.768080351728
22481,5543.109645240137
21625,0.0
20769,5248.061264662958
19913,5248.061264662958
19057,5248.893368597037
18201,5254.927257485925
17345,5235.127730970774
16489,5650.322825578317
15633,0.0
14777,7665.580789338116
13921,7025.978291598689
13065,6612.860872398824
12209,6321.773112685031
11353,6288.336091377306
10497,5671.969636840123
9641,0.0
8785,5322.569967252214
7929,5322.569967252214
7073,5295.242492947767
6217,5271.806127577819
5361,5199.337136545703
4505,5575.065525472894
3649,0.0
2793,7290.8815225416065
1937,6941.465493336923
1081,6451.910400505121
225,6178.075411042443
40458,5094.239956503117
39602,0.0
38746,9499.35433057244
37890,7567.065727740743
37034,7509.933205291292
36178,7417.549287576564
35322,7417.549287576564
34466,5049.534863910523
33610,0.0
32754,4489.935960221853
31898,4489.935960221853
31042,4483.618680810088
30186,4483.618680810088
29330,4570.945559045915
28474,4973.768941832602
27618,0.0
26762,8772.358851243112
25906,6735.211020518695
25050,6724.756389756595
24194,6724.756389756595
23338,6732.138631007527
22482,5072.882433896094
21626,0.0
20770,4463.208262753606
19914,4463.208262753606
19058,4463.208262753606
18202,4463.208262753606
17346,4599.5561538678985
16490,5094.627804266464
15634,0.0
14778,6832.959994459731
13922,7322.3535199670205
13066,7622.917797009379
12210,7302.019037700827
11354,6880.473275026181
10498,5213.2163201394815
9642,0.0
8786,4484.288176573973
7930,4464.457621018417
7074,4464.457621018417
6218,4464.457621018417
5362,4561.387729529953
4506,5102.61785056276
3650,0.0
2794,9425.120934847753
1938,6735.211020518695
1082,6724.756389756595
226,6724.756389756595
40459,5163.625870577241
39603,0.0
38747,9739.071867636861
37891,7506.0522594033955
37035,7176.870172759897
36179,7176.870172759897
35323,7176.870172759897
34467,5163.625870577241
33611,0.0
32755,5406.564948835837
31899,5406.564948835837
31043,5406.564948835837
30187,5406.564948835837
29331,5419.393847719527
28475,5163.625870577241
27619,0.0
26763,9739.071867636861
25907,7506.0522594033955
25051,7176.870172759897
24195,7176.870172759897
23339,7176.870172759897
22483,5163.625870577241
21627,0.0
20771,5406.564948835837
19915,5406.564948835837
19059,5406.564948835837
18203,5406.564948835837
17347,5419.393847719527
16491,5163.625870577241
15635,0.0
14779,9743.328010062776
13923,7614.167772164004
13067,8071.202698376857
12211,7468.698292009276
11355,7176.870172759897
10499,5163.625870577241
9643,0.0
8787,5406.564948835837
7931,5406.564948835837
7075,5406.564948835837
6219,5406.564948835837
5363,5419.393847719527
4507,5163.625870577241
3651,0.0
2795,9739.071867636861
1939,7506.0522594033955
1083,7176.870172759897
227,7176.870172759897
40460,6323.403495071855
39604,0.0
38748,10521.906922254979
37892,7610.693786424804
37036,7267.695458926132
36180,7267.695458926132
35324,7289.785722282936
34468,6313.993434594771
33612,0.0
32756,5607.224863334898
31900,5607.224863334898
31044,5607.224863334898
30188,5633.944678149714
29332,5774.525544677197
28476,0.0
27620,0.0
26764,9499.180474718753
25908,7435.341709364892
25052,7157.056067173591
24196,7157.056067173591
23340,7179.146330530396
22484,7372.465592148115
21628,0.0
20772,5582.871291200011
19916,5582.871291200011
19060,5582.871291200011
18204,5597.347752238972
17348,6590.8020828433955
16492,7379.481243231091
15636,0.0
14780,9973.91921128065
13924,7547.281778252848
13068,8191.915299020606
12212,7381.614850138997
11356,7179.146330530396
10500,7372.465592148115
9644,0.0
8788,5556.151476385197
7932,5556.151476385197
7076,5556.151476385197
6220,5556.151476385197
5364,6564.082268028581
4508,7380.389958090144
3652,0.0
2796,9584.2224934707
1940,7435.341709364892
1084,7157.056067173591
228,7157.056067173591
40461,7176.568317628027
39605,4431.484216959511
38749,8837.81795740203
37893,6393.437972897663
37037,6393.437972897663
36181,6393.437972897663
35325,6393.437972897663
34469,5781.169460238444
33613,4401.460869381164
32757,5777.005208027466
31901,5758.637842795122
31045,5758.637842795122
30189,5758.637842795122
29333,5758.637842795122
28477,5758.637842795122
27621,4441.794415256585
26765,8550.403902665801
25909,6393.437972897663
25053,6393.437972897663
24197,6393.437972897663
23341,6393.437972897663
22485,5758.637842795122
21629,4278.682457885252
20773,5758.637842795122
19917,5758.637842795122
19061,5758.637842795122
18205,5758.637842795122
17349,5938.2856374131825
16493,6105.8135020022255
15637,4294.876902329696
14781,8716.974501911865
13925,8075.075470006707
13069,9099.37009659928
12213,6521.764504117516
11357,6521.764504117516
10501,6012.069219208721
9645,4113.553291855203
8789,5780.98949953946
7933,5780.98949953946
7077,5777.005208027466
6221,5777.005208027466
5365,5758.637842795122
4509,5758.637842795122
3653,3716.621745938029
2797,8812.96005927642
1941,6521.764504117516
1085,6521.764504117516
229,6521.764504117516
40462,6691.347190703635
39606,0.0
38750,11102.35820916177
37894,9324.962220365418
37038,8335.258419090975
36182,8386.317984511044
35326,8313.325166042961
34470,6444.704551905998
33614,0.0
32758,6903.277550678286
31902,6875.802473699775
31046,6863.557061748942
30190,6989.295256794637
29334,6844.470301472181
28478,6442.6142651372775
27622,0.0
26766,10656.108352878455
25910,9201.251883147905
25054,8225.36551687086
24198,8276.425082290925
23342,8203.432263822846
22486,6383.989622280134
21630,0.0
20774,6893.964586775824
19918,6885.242364553602
19062,6894.7771546229715
18206,7068.92761834663
17350,7182.4093272184855
16494,6880.551603639773
15638,0.0
14782,11628.918934604562
13926,9380.423324641039
13070,8980.125693858543
12214,8534.98917803601
11358,8313.325166042961
10502,6598.573493346502
9646,0.0
8790,6920.474865774537
7934,6911.752643552315
7078,6899.507231601482
6222,7025.245426647177
5366,6861.667616568432
4510,6446.416134471645
3654,0.0
2798,10552.813469338082
1942,9303.525934958303
1086,8325.145582390638
230,8364.812418872976
40463,6189.32873311679
39607,0.0
38751,9862.499811712682
37895,7610.85263827753
37039,7610.85263827753
36183,7610.85263827753
35327,7610.85263827753
34471,5656.179625176305
33615,0.0
32759,5639.969801942129
31903,5667.299483857566
31047,5667.299483857566
30191,5667.299483857566
29335,5757.6399937924925
28479,5757.6399937924925
27623,0.0
26767,9554.43758431883
25911,7610.85263827753
25055,7610.85263827753
24199,7610.85263827753
23343,7610.85263827753
22487,5757.6399937924925
21631,0.0
20775,5667.299483857566
19919,5667.299483857566
19063,5667.299483857566
18207,5667.299483857566
17351,5911.654104567763
16495,6017.351504709991
15639,0.0
14783,10231.012574439232
13927,9356.933656424038
13071,10474.437800740276
12215,7610.85263827753
11359,7610.85263827753
10503,5810.739312487202
9647,0.0
8791,5686.206494948946
7935,5686.206494948946
7079,5672.266393960084
6223,5672.266393960084
5367,5757.6399937924925
4511,5757.6399937924925
3655,0.0
2799,9793.050594796436
1943,7610.85263827753
1087,7610.85263827753
231,7610.85263827753
40464,4519.399247635703
39608,0.0
38752,6447.990409857972
37896,5683.437767050122
37040,5029.320744742531
36184,5029.320744742531
35328,5201.018324960237
34472,4120.518623067775
33616,0.0
32760,3449.4620678719657
31904,3433.6816842740823
31048,3433.6816842740823
30192,3444.453392957556
29336,3725.5470878154074
28480,3997.376794385224
27624,0.0
26768,6220.919473639831
25912,5590.395097772537
25056,5029.320744742531
24200,5025.693808715595
23344,5195.221845282507
22488,3967.734674421854
21632,0.0
20776,3406.3821963038217
19920,3406.3821963038217
19064,3406.3821963038217
18208,3489.2424156635884
17352,4078.4400270737183
16496,4407.341983967277
15640,0.0
14784,11340.68286012239
13928,8477.894011574992
13072,8427.098745145806
12216,5139.686848865086
11360,5311.384429082793
10504,4186.586785314893
9648,0.0
8792,3511.805427678316
7936,3456.645122892304
7080,3449.4620678719657
6224,3460.2337765554394
5368,3725.5470878154074
4512,4057.3245457079747
3656,0.0
2800,6379.036709290943
1944,5827.821108721828
1088,5176.195197525349
232,5176.195197525349
40465,4092.6360033890774
39609,0.0
38753,9367.240731503207
37897,7619.325289809201
37041,7243.437341305701
36185,7243.437341305701
35329,7243.437341305701
34473,4092.6360033890774
33617,0.0
32761,5139.210199098271
31905,5131.077690650646
31049,5123.22318087148
30193,5123.22318087148
29337,5254.906624057844
28481,4092.6360033890774
27625,0.0
26769,9316.180999449067
25913,7593.496130145336
25057,7217.6081816418355
24201,7217.6081816418355
23345,7217.6081816418355
22489,4092.6360033890774
21633,0.0
20777,5109.8733323144515
19921,5109.8733323144515
19065,5109.8733323144515
18209,5109.8733323144515
17353,5340.6023430344985
16497,4092.6360033890774
15641,0.0
14785,9523.992937706073
13929,7656.67945004399
13073,7768.121708283424
12217,7493.38330011495
11361,7217.6081816418355
10505,4083.398825094504
9649,0.0
8793,5166.859385425572
7937,5149.133989405166
7081,5139.210199098271
6225,5139.210199098271
5369,5262.76113383701
4513,4083.398825094504
3657,0.0
2801,9310.072619581102
1945,7593.496130145336
1089,7217.6081816418355
233,7217.6081816418355
40466,5163.625870577241
39610,0.0
38754,9739.071867636861
37898,7506.0522594033955
37042,7176.870172759897
36186,7176.870172759897
35330,7176.870172759897
34474,5163.625870577241
33618,0.0
32762,5432.431441618699
31906,5432.431441618699
31050,5432.431441618699
30194,5432.431441618699
29338,5445.260340502388
28482,5163.625870577241
27626,0.0
26770,9739.071867636861
25914,7506.0522594033955
25058,7176.870172759897
24202,7176.870172759897
23346,7176.870172759897
22490,5163.625870577241
21634,0.0
20778,5432.431441618699
19922,5432.431441618699
19066,5432.431441618699
18210,5432.431441618699
17354,5445.260340502388
16498,5163.625870577241
15642,0.0
14786,9813.826393347377
13930,7611.932898214424
13074,8168.108778865136
12218,7503.3498147963055
11362,7176.870172759897
10506,5163.625870577241
9650,0.0
8794,5432.431441618699
7938,5432.431441618699
7082,5432.431441618699
6226,5432.431441618699
5370,5445.260340502388
4514,5163.625870577241
3658,0.0
2802,9739.071867636861
1946,7506.0522594033955
1090,7176.870172759897
234,7176.870172759897
40467,4774.105426310607
39611,0.0
38755,8208.282927313134
37899,6626.779360611085
37043,6599.302551473533
36187,6479.167258094112
35331,6479.167258094112
34475,4774.105426310607
33619,0.0
32763,4391.747902524999
31907,4385.417808058062
31051,4380.603787238462
30195,4380.603787238462
29339,4774.105426310607
28483,4774.105426310607
27627,0.0
26771,7863.621926627308
25915,6485.074684823271
25059,6479.167258094112
24203,6479.167258094112
23347,6479.167258094112
22491,4774.105426310607
21635,0.0
20779,4381.541387989963
19923,4381.541387989963
19067,4381.541387989963
18211,4381.541387989963
17355,4774.105426310607
16499,4838.523414677247
15643,0.0
14787,9404.329117296316
13931,6831.318379195115
13075,6936.306390979726
12219,6911.652758306645
11363,6626.630204298304
10507,4774.105426310607
9651,0.0
8795,4391.747902524999
7939,4391.747902524999
7083,4391.747902524999
6227,4391.747902524999
5371,4774.105426310607
4515,4774.105426310607
3659,0.0
2803,8211.597180146317
1947,6500.595806532825
1091,6494.688379803666
235,6494.688379803666
40468,4579.055594592746
39612,0.0
38756,7931.128520989081
37900,7192.031623801527
37044,7163.076210350661
36188,7081.359096927806
35332,7081.359096927806
34476,4441.538974087587
33620,0.0
32764,3745.9716150699296
31908,3740.6070015433597
31052,3740.6070015433597
30196,3740.6070015433597
29340,4050.2572875560927
28484,0.0
27628,0.0
26772,7831.772449707079
25916,7207.56520270138
25060,7197.110571939281
24204,7197.110571939281
23348,7197.110571939281
22492,5824.219706658141
21636,0.0
20780,3752.3600625100676
19924,3746.995448983498
19068,3746.995448983498
18212,3746.995448983498
17356,4175.131465762553
16500,5833.520546129116
15644,0.0
14788,10028.03863711796
13932,7570.269486389074
13076,7822.204041292029
12220,7486.430110127553
11364,7241.129103862262
10508,5915.523250111104
9652,0.0
8796,3758.897481341236
7940,3753.5328678146666
7084,3746.995448983498
6228,3746.995448983498
5372,4050.2572875560927
4516,5885.774407512841
3660,0.0
2804,7675.933914939719
1948,7207.56520270138
1092,7197.110571939281
236,7197.110571939281
40469,7401.6035996740275
39613,0.0
38757,9168.01180525595
37901,7270.000460482263
37045,7084.112741750081
36189,7084.112741750081
35333,7084.112741750081
34477,7148.3199329163535
33621,0.0
32765,7142.273832665067
31909,7121.594524275044
31053,7121.594524275044
30197,7121.594524275044
29341,7137.686472627904
28485,7128.886325501467
27629,0.0
26773,9142.081754750898
25917,7270.000460482263
25061,7084.112741750081
24205,7084.112741750081
23349,7084.112741750081
22493,7110.9810652443
21637,0.0
20781,7094.889116891441
19925,7094.889116891441
19069,7094.889116891441
18213,7094.889116891441
17357,7128.228084003727
16501,7354.036868840435
15645,0.0
14789,9255.532832566865
13933,7318.137840140827
13077,7222.615001610479
12221,7182.263961040208
11365,7084.112741750081
10509,7209.353669054004
9653,0.0
8797,7188.840133750898
7941,7159.497791600281
7085,7159.497791600281
6229,7142.273832665067
5373,7137.686472627904
4517,7137.686472627904
3661,0.0
2805,9107.323580529712
1949,7270.000460482263
1093,7084.112741750081
237,7084.112741750081
40470,7473.584585556845
39614,0.0
38758,10715.422188252782
37902,7916.5586726133915
37046,7461.588153429446
36190,7461.588153429446
35334,7461.588153429446
34478,7473.584585556845
33622,0.0
32766,6148.5788990336105
31910,6148.5788990336105
31054,6148.5788990336105
30198,6148.5788990336105
29342,6925.344602169985
28486,7473.584585556845
27630,0.0
26774,10662.705352239136
25918,7916.5586726133915
25062,7461.588153429446
24206,7461.588153429446
23350,7461.588153429446
22494,7473.584585556845
21638,0.0
20782,6148.5788990336105
19926,6148.5788990336105
19070,6148.5788990336105
18214,6148.5788990336105
17358,6925.344602169985
16502,7473.584585556845
15646,0.0
14790,11014.241717226458
13934,7954.800197105057
13078,7792.039359850541
12222,7665.713487262314
11366,7461.588153429446
10510,7473.584585556845
9654,0.0
8798,6148.5788990336105
7942,6148.5788990336105
7086,6148.5788990336105
6230,6148.5788990336105
5374,6925.344602169985
4518,7473.584585556845
3662,0.0
2806,10662.705352239136
1950,7916.5586726133915
1094,7461.588153429446
238,7461.588153429446
40471,4726.266634784942
39615,2655.221560180499
38759,9544.34253087266
37903,7168.605886977716
37047,7157.412654754221
36191,6806.045572615534
35335,6806.045572615534
34479,4726.266634784942
33623,2667.896560180499
32767,5995.484468212939
31911,5995.484468212939
31055,5995.484468212939
30199,5995.484468212939
29343,4726.266634784942
28487,4726.266634784942
27631,2659.7254399118783
26775,8583.20720642129
25919,6852.739227852203
25063,6827.207197265394
24207,6827.207197265394
23351,6806.045572615534
22495,4726.266634784942
21639,2647.6978476487757
20783,5995.484468212939
19927,5995.484468212939
19071,5995.484468212939
18215,5995.484468212939
17359,4726.266634784942
16503,4790.684623151582
15647,2640.6862469605207
14791,12956.849612131718
13935,7580.8307171863025
13079,7818.304157071902
12223,7568.23752273916
11367,7118.917253620781
10511,4726.266634784942
9655,2585.4072402074703
8799,5995.484468212939
7943,5995.484468212939
7087,5995.484468212939
6231,5995.484468212939
5375,4726.266634784942
4519,4726.266634784942
3663,2565.9443633158435
2807,9498.72091670844
1951,6852.739227852203
1095,6827.207197265394
239,6827.207197265394
40472,6428.225498714069
39616,0.0
38760,9701.582703051234
37904,7747.057059247531
37048,7362.762984845514
36192,7269.488800894001
35336,7269.488800894001
34480,5681.164894385459
33624,0.0
32768,5978.971653630646
31912,5944.823649893548
31056,5912.533096992957
30200,5969.151977176783
29344,5973.469047620003
28488,5657.009236404043
27632,0.0
26776,9328.04115172796
25920,7662.3608623368145
25064,7278.6638133040815
24208,7262.960494015692
23352,7262.960494015692
22496,5649.637014181821
21640,0.0
20784,5977.506784843334
19928,5955.6571350157
19072,5955.6571350157
18216,6022.973095825863
17360,6246.122401247396
16504,6099.365612799432
15648,0.0
14792,10403.88343055051
13936,9985.492400408073
13080,10160.403074875703
12224,7159.368181123118
11368,7143.069588212025
10512,5811.504691534223
9656,0.0
8800,5977.40061657684
7944,5955.550966749206
7088,5949.025688971428
6232,5923.998473234287
5376,5922.139809706903
4520,5638.395031147472
3664,0.0
2808,9569.930359526903
1952,7541.518091766635
1096,7135.087771743792
240,7091.274568976864
40473,5949.7431064655275
39617,0.0
38761,9235.199345963809
37905,7850.180778302267
37049,7438.856920279196
36193,7438.856920279196
35337,7438.856920279196
34481,5949.7431064655275
33625,0.0
32769,5353.4372487986375
31913,5353.4372487986375
31057,5353.4372487986375
30201,5353.4372487986375
29345,5737.1740652203525
28489,5949.7431064655275
27633,0.0
26777,9235.199345963809
25921,7850.180778302267
25065,7438.856920279196
24209,7438.856920279196
23353,7438.856920279196
22497,5949.7431064655275
21641,0.0
20785,5353.4372487986375
19929,5353.4372487986375
19073,5353.4372487986375
18217,5353.4372487986375
17361,5737.1740652203525
16505,5949.7431064655275
15649,0.0
14793,9379.072792270244
13937,7935.486271884274
13081,8302.721878004237
12225,7674.300410216421
11369,7438.856920279196
10513,5949.7431064655275
9657,0.0
8801,5353.4372487986375
7945,5353.4372487986375
7089,5353.4372487986375
6233,5353.4372487986375
5377,5737.1740652203525
4521,5949.7431064655275
3665,0.0
2809,9235.199345963809
1953,7850.180778302267
1097,7438.856920279196
241,7438.856920279196
40474,3709.687438836402
39618,0.0
38762,8210.084571258516
37906,6553.822426133863
37050,6549.038026357514
36194,6444.70609867269
35338,6444.70609867269
34482,3621.797292507583
33626,0.0
32770,4450.030639250895
31914,4450.030639250895
31058,4450.030639250895
30202,4450.030639250895
29346,4529.3542097466725
28490,3621.797292507583
27634,0.0
26778,7753.77266796561
25922,6455.16072943479
25066,6444.70609867269
24210,6444.70609867269
23354,6444.70609867269
22498,3621.797292507583
21642,0.0
20786,4450.030639250895
19930,4450.030639250895
19074,4450.030639250895
18218,4450.030639250895
17362,4653.5805217884035
16506,3621.797292507583
15650,0.0
14794,8796.922887069786
13938,6613.072068165788
13082,6860.7432751058805
12226,6783.867390251922
11370,6508.980157959073
10514,3641.9482762253583
9658,0.0
8802,4463.688556168414
7946,4463.688556168414
7090,4450.030639250895
6234,4450.030639250895
5378,4529.3542097466725
4522,3621.797292507583
3666,0.0
2810,8177.881871260185
1954,6455.16072943479
1098,6444.70609867269
242,6444.70609867269
40475,5478.949552578956
39619,0.0
38763,7338.315105305531
37907,6393.437972897663
37051,6393.437972897663
36195,6393.437972897663
35339,6393.437972897663
34483,3167.707300905333
33627,0.0
32771,4200.024197353586
31915,4108.690911246276
31059,4108.690911246276
30203,4108.690911246276
29347,4108.690911246276
28491,3011.6826945317794
27635,0.0
26779,6788.019521909336
25923,6393.437972897663
25067,6393.437972897663
24211,6393.437972897663
23355,6393.437972897663
22499,3011.6826945317794
21643,0.0
20787,4108.690911246276
19931,4108.690911246276
19075,4108.690911246276
18219,4108.690911246276
17363,4557.79591131503
16507,4168.886291259944
15651,0.0
14795,7733.129874218524
13939,8471.378374638345
13083,9413.916636025804
12227,6393.437972897663
11371,6393.437972897663
10515,3309.7421121456214
9659,0.0
8803,4444.239736503811
7947,4391.718566507708
7091,4191.086149810851
6235,4191.086149810851
5379,4099.75286370354
4523,3011.6826945317794
3667,0.0
2811,7087.972655578535
1955,6393.437972897663
1099,6393.437972897663
243,6393.437972897663
40476,7564.34768693286
39620,0.0
38764,12947.376016100845
37908,8098.061306025264
37052,7593.052358692219
36196,7593.052358692219
35340,7593.052358692219
34484,7564.34768693286
33628,0.0
32772,6148.5788990336105
31916,6148.5788990336105
31060,6148.5788990336105
30204,6148.5788990336105
29348,6925.344602169985
28492,7564.34768693286
27636,0.0
26780,12675.47849334561
25924,8064.529163168121
25068,7559.520215835075
24212,7559.520215835075
23356,7593.052358692219
22500,7564.34768693286
21644,0.0
20788,6148.5788990336105
19932,6148.5788990336105
19076,6148.5788990336105
18220,6148.5788990336105
17364,6925.344602169985
16508,7564.34768693286
15652,0.0
14796,12938.820840543454
13940,8144.825918328208
13084,8704.410248338236
12228,7887.207980725896
11372,7593.052358692219
10516,7564.34768693286
9660,0.0
8804,6148.5788990336105
7948,6148.5788990336105
7092,6148.5788990336105
6236,6148.5788990336105
5380,6925.344602169985
4524,7564.34768693286
3668,0.0
2812,12838.538166985722
1956,8064.529163168121
1100,7559.520215835075
244,7559.520215835075
40477,6057.381953879043
39621,0.0
38765,8797.670181796588
37909,6884.149370035372
37053,6334.141309811199
36197,6334.141309811199
35341,6334.141309811199
34485,6028.820094026329
33629,0.0
32773,4945.045481026435
31917,4943.8445273460775
31061,4925.199921580518
30205,4936.732871441674
29349,5504.244701588589
28493,0.0
27637,0.0
26781,9297.934940303576
25925,6700.806054624861
25069,6187.822991061642
24213,6187.822991061642
23357,6187.822991061642
22501,4850.110705613193
21645,0.0
20789,4008.2717830384104
19933,3995.4295442564403
19077,3983.475840552737
18221,4000.258154022496
17365,4602.85125739188
16509,4854.178548773571
15653,0.0
14797,10462.733997399504
13941,6730.025477872239
13085,6904.433479601916
12229,6469.439728984089
11373,6187.822991061642
10517,4863.044094502081
9661,0.0
8805,3973.719175732862
7949,3971.8617517657067
7093,3949.607410807101
6237,3968.6377175145594
5381,4565.34283634497
4525,4842.482006589993
3669,0.0
2813,9330.07713782382
1957,6700.806054624861
1101,6187.822991061642
245,6187.822991061642
40478,6514.987748901069
39622,0.0
38766,9159.113065152924
37910,7894.581810291293
37054,7871.1961051802045
36198,7862.8193782155995
35342,8034.520123422414
34486,6454.084638913036
33630,0.0
32774,7001.272688076916
31918,6669.33513719659
31062,6649.456737839238
30206,6644.35555460337
29350,7058.6423719838795
28494,6454.084638913036
27638,0.0
26782,8941.512364660564
25926,7901.014030856721
25070,7872.599463685684
24214,7862.8193782155995
23358,8034.520123422414
22502,6454.084638913036
21646,0.0
20790,6956.818425568327
19934,6695.4724667691335
19078,6856.235440788991
18222,6955.969784114033
17366,7261.891942781422
16510,6740.71090825195
15654,0.0
14798,11691.694095785224
13942,8250.351323414818
13086,8380.92204792174
12230,7985.259005736716
11374,8002.279689384889
10518,6454.084638913036
9662,0.0
8806,6976.62197577524
7950,6679.15977964888
7094,6683.313320164119
6238,6673.059938285159
5382,7066.10707177684
4526,6454.084638913036
3670,0.0
2814,9101.890637848059
1958,7917.868327469146
1102,7857.564368998641
246,7847.784283528555
40479,14582.437749116352
39623,0.0
38767,20107.560242375483
37911,16696.36790796541
37055,15751.100846637926
36199,15290.185840346347
35343,14721.841455304102
34487,12195.519797192634
33631,0.0
32775,13249.411417399566
31919,12976.57356359461
31063,12984.358623755037
30207,13517.512189132249
29351,13659.862701952761
28495,12018.737793586006
27639,0.0
26783,18814.93041514872
25927,15434.766104847637
25071,14717.827281491893
24215,14442.818393969908
23359,14297.897602313204
22503,11976.90706533715
21647,0.0
20791,13634.557470501759
19935,13483.484706841564
19079,13483.484706841564
18223,13513.73233056381
17367,13766.887521744464
16511,13447.64324052574
15655,0.0
14799,19679.930491142415
13943,17926.54901566797
13087,17566.122967184954
12231,16399.823228089102
11375,15162.341297254081
10519,12554.49891396524
9663,0.0
8807,14168.070994230615
7951,13364.356798193143
7095,13050.343952951185
6239,12996.514331869652
5383,12908.428147137429
4527,12064.763265901216
3671,0.0
2815,18802.437884591513
1959,15686.995602530387
1103,14926.415640179708
247,14809.099327100595
40480,7544.333334099762
39624,0.0
38768,8998.17739277266
37912,7589.124644722167
37056,7561.990398606207
36200,7516.654875186335
35344,7516.654875186335
34488,7173.451496110855
33632,0.0
32776,5816.018002566537
31920,5816.018002566537
31064,5816.018002566537
30208,5802.818667781825
29352,7114.879160974908
28496,7151.192904643404
27640,0.0
26784,8804.452332357869
25928,7545.302480602254
25072,7516.654875186335
24216,7516.654875186335
23360,7516.654875186335
22504,7145.073493217753
21648,0.0
20792,5793.786896948491
19936,5793.786896948491
19080,5793.786896948491
18224,5805.35970409186
17368,7185.301550931177
16512,7248.343507336753
15656,0.0
14800,8944.610195754683
13944,7895.379163081146
13088,8035.809589765051
12232,7785.452430317034
11376,7540.468125804138
10520,7361.31283424384
9664,0.0
8808,5816.018002566537
7952,5816.018002566537
7096,5816.018002566537
6240,5816.018002566537
5384,7115.151706671484
4528,7163.439097063626
3672,0.0
2816,8896.821328036342
1960,7545.302480602254
1104,7516.654875186335
248,7516.654875186335
40481,5089.626904260317
39625,0.0
38769,11924.203929128646
37913,8609.128880954619
37057,8174.996316194201
36201,8255.406149365466
35345,7960.772453376904
34489,4889.523262940917
33633,0.0
32777,5760.9870207779395
31921,5757.147496968416
31065,5789.030553726473
30209,6410.504079510451
29353,5839.554914141915
28497,4921.983748103903
27641,0.0
26785,11959.854183249525
25929,8383.547624190676
25073,8089.084670806662
24217,8223.726373066056
23361,7933.054614908183
22505,4938.64206823172
21649,0.0
20793,5813.207863608286
19937,5813.207863608286
19081,5866.288253218675
18225,6544.485258508041
17369,6027.621180789951
16513,5010.62571563346
15657,0.0
14801,11958.256941553314
13945,8762.975924509437
13089,8451.053146269162
12233,8391.121409238978
11377,8041.278534934781
10521,4853.517980700217
9665,0.0
8809,5748.622043108125
7953,5750.876260141091
7097,5779.815070867402
6241,6417.979080030722
5385,5820.100820171733
4529,4815.474339643587
3673,0.0
2817,11904.859340173212
1961,8340.809053929237
1105,8046.346100545224
249,8180.98780280462
40482,5719.170594453189
39626,0.0
38770,7194.697146750274
37914,5883.836857076789
37058,5887.792005537039
36202,5836.995840143694
35346,5970.273332949329
34490,5666.628716454098
33634,0.0
32778,4615.482811580388
31922,4604.059101262928
31066,4590.286992005833
30210,4643.435557017989
29354,5725.437735280665
28498,5681.276864602246
27642,0.0
26786,6874.376911591965
25930,5776.171550737422
25074,5742.835212415584
24218,5772.886216501078
23362,5906.163709306712
22506,5641.710477974727
21650,0.0
20794,4590.850637872151
19938,4583.839179538818
19082,4585.3400309880935
18226,4631.112802349455
17370,5780.042947299443
16514,5794.177332249081
15658,0.0
14802,7833.423553622447
13946,6044.2134180703915
13090,6328.67938383263
12234,6232.622161911428
11378,6121.253998466063
10522,5690.56076773615
9666,0.0
8810,4624.660907876686
7954,4624.22201237404
7098,4599.927851262929
6242,4643.70070198937
5386,5732.746927871094
4530,5681.276864602246
3674,0.0
2818,7107.579833735771
1962,5736.307336859512
1106,5730.034443425409
250,5772.663968752733
40483,3707.6265354099523
39627,0.0
38771,6951.406005990085
37915,6527.152614585619
37059,5967.149561353781
36203,5967.149561353781
35347,5967.149561353781
34491,3707.6265354099523
33635,0.0
32779,4744.310618693574
31923,4744.310618693574
31067,4744.310618693574
30211,4744.310618693574
29355,4735.559240789549
28499,3707.6265354099523
27643,0.0
26787,6889.829619663048
25931,6527.152614585619
25075,5967.149561353781
24219,5967.149561353781
23363,5967.149561353781
22507,3707.6265354099523
21651,0.0
20795,4744.310618693574
19939,4744.310618693574
19083,4744.310618693574
18227,4744.310618693574
17371,4735.559240789549
16515,3707.6265354099523
15659,0.0
14803,6981.060970473834
13947,6675.384876967401
13091,7248.429554925432
12235,6211.220445965268
11379,5967.149561353781
10523,3707.6265354099523
9667,0.0
8811,4744.310618693574
7955,4744.310618693574
7099,4744.310618693574
6243,4744.310618693574
5387,4735.559240789549
4531,3707.6265354099523
3675,0.0
2819,6889.829619663048
1963,6527.152614585619
1107,5967.149561353781
251,5967.149561353781
40484,4878.561674612442
39628,0.0
38772,9116.391493093633
37916,7586.458107174509
37060,7522.16069676401
36204,7443.816151357754
35348,7470.6533041355315
34492,4878.561674612442
33636,0.0
32780,5206.670520005527
31924,5206.670520005527
31068,5206.670520005527
30212,5206.670520005527
29356,5277.941528309245
28500,4878.561674612442
27644,0.0
26788,8741.241422666615
25932,7471.613463871259
25076,7443.816151357754
24220,7443.816151357754
23364,7470.6533041355315
22508,4878.561674612442
21652,0.0
20796,5206.670520005527
19940,5206.670520005527
19084,5206.670520005527
18228,5206.670520005527
17372,5316.290976295306
16516,4889.715323849917
15660,0.0
14804,10820.051959575447
13948,7899.707865921099
13092,8085.954607799347
12236,7796.064263569306
11380,7575.735096145607
10524,4878.561674612442
9668,0.0
8812,5206.670520005527
7956,5206.670520005527
7100,5206.670520005527
6244,5206.670520005527
5388,5277.941528309245
4532,4878.561674612442
3676,0.0
2820,8599.949268440356
1964,7471.613463871259
1108,7443.816151357754
252,7443.816151357754
40485,4485.369713181529
39629,0.0
38773,7037.266813160366
37917,5993.93170981589
37061,5894.700352728748
36205,5777.567115287993
35349,5759.155523809296
34493,4431.497838181528
33637,0.0
32781,3496.6028638130006
31925,3450.566278484324
31069,3388.46598388938
30213,3388.092852317911
29357,4083.449277436207
28501,4420.496265309955
27645,0.0
26789,6869.300107234254
25933,5808.203777383335
25077,5741.733616489501
24221,5741.733616489501
23365,5717.209256511578
22509,4422.345312929003
21653,0.0
20797,5645.101554188845
19941,5668.726631349337
19085,5700.155524770887
18229,5757.258482087959
17373,6232.891523392468
16517,5872.603617312671
15661,0.0
14805,11238.400891909918
13949,6292.603218252401
13093,6197.8124817705375
12237,6041.066725158308
11381,5887.228100795551
10525,5576.295714293392
9669,0.0
8813,5856.26836194179
7957,5814.3914331650485
7101,5770.024594003026
6245,5707.046172294375
5389,5876.270316862415
4533,5330.878650399619
3677,0.0
2821,7534.934756071748
1965,5790.371062026698
1109,5729.961556403521
253,5721.097032593997
40486,4117.257389095884
39630,0.0
38774,8066.60959403009
37918,6697.137280084965
37062,6628.52452800256
36206,6363.501832741635
35350,6363.501832741635
34494,3915.5246962765646
33638,0.0
32782,5485.301253056501
31926,5485.301253056501
31070,5485.301253056501
30214,5485.301253056501
29358,4904.915353740721
28502,3915.5246962765646
27646,0.0
26790,7640.821376219569
25934,6440.320558716869
25078,6394.21811949399
24222,6363.501832741635
23366,6363.501832741635
22510,3915.5246962765646
21654,0.0
20798,5485.301253056501
19942,5485.301253056501
19086,5485.301253056501
18230,5485.301253056501
17374,5413.064863092976
16518,4074.6086300564957
15662,0.0
14806,11819.248629646116
13950,7095.14065840296
13094,7023.112695032324
12238,7047.625657175197
11382,6611.994112462327
10526,3915.5246962765646
9670,0.0
8814,5485.301253056501
7958,5485.301253056501
7102,5485.301253056501
6246,5485.301253056501
5390,4920.065353740721
4534,3915.5246962765646
3678,0.0
2822,8037.119906146427
1966,6440.320558716869
1110,6394.21811949399
254,6363.501832741635
40487,8202.441199291683
39631,0.0
38775,10058.730512228583
37919,7801.124810323613
37063,7801.124810323613
36207,7801.124810323613
35351,7801.124810323613
34495,7178.039115621155
33639,0.0
32783,7078.33317679333
31927,7017.8045129472175
31071,7017.8045129472175
30215,7047.764108906814
29359,7047.764108906814
28503,7060.38843550614
27647,0.0
26791,9779.092419597328
25935,7801.124810323613
25079,7801.124810323613
24223,7801.124810323613
23367,7801.124810323613
22511,7014.287333231222
21655,0.0
20799,7039.280448925052
19943,7029.46225164614
19087,7029.46225164614
18231,7050.157323074712
17375,7259.433435142392
16519,7227.439574087318
15663,0.0
14807,10817.278215396318
13951,9675.247567177305
13095,10347.27534446492
12239,7801.124810323613
11383,7801.124810323613
10527,7382.0018891957525
9671,0.0
8815,7210.479552261417
7959,7210.479552261417
7103,7068.514979514419
6247,7068.514979514419
5391,7017.8045129472175
4535,7014.3158765835815
3679,0.0
2823,9924.920294404677
1967,7801.124810323613
1111,7801.124810323613
255,7801.124810323613
40488,6347.91202150419
39632,0.0
38776,8497.397182801922
37920,6754.4895523308205
37064,6730.183843993229
36208,6681.876609823804
35352,6681.876609823804
34496,6163.897297619968
33640,0.0
32784,4950.930346940673
31928,4950.930346940673
31072,4959.646095732944
30216,4959.646095732944
29360,6044.390105686034
28504,6163.897297619968
27648,0.0
26792,8252.206229028157
25936,6675.136080029512
25080,6670.668698734309
24224,6670.668698734309
23368,6670.668698734309
22512,6163.897297619968
21656,0.0
20800,4950.930346940673
19944,4950.930346940673
19088,4959.646095732944
18232,4959.646095732944
17376,6099.124596391624
16520,6322.172747469293
15664,0.0
14808,12021.083416596173
13952,7113.27074392279
13096,7342.3258300954385
12240,7232.669712403661
11384,6753.794097614527
10528,6303.214091596196
9672,0.0
8816,4950.930346940673
7960,4950.930346940673
7104,4959.646095732944
6248,4959.646095732944
5392,6072.732086732143
4536,6208.505227351917
3680,0.0
2824,8545.071724287069
1968,6620.039262073532
1112,6615.571880778328
256,6615.571880778328
40489,9671.199148586133
39633,9535.688434644058
38777,22398.152999579394
37921,18815.48431928094
37065,18125.662269209548
36209,16931.34276564802
35353,16907.63292602686
34497,8648.98415515473
33641,8477.604652610458
32785,12344.75531448086
31929,12166.972564360613
31073,12297.709751101756
30217,12342.833743321373
29361,12362.891686905565
28505,8465.792867489086
27649,8468.458468655526
26793,22080.61622020137
25937,18145.740401000145
25081,17502.45002931981
24225,17065.250726524293
23369,16944.064940782257
22513,8317.571549079501
21657,8347.328069795125
20801,12130.680518400488
19945,12108.845483102345
19089,12091.340233780587
18233,12335.851513935619
17377,13240.210541321476
16521,9443.60157718752
15665,8643.713163364413
14809,23571.41614134504
13953,18909.04977080654
13097,18344.520150388824
12241,17242.058366863253
11385,17037.99048132287
10529,8860.184865453688
9673,8479.565086435894
8817,12495.292769413403
7961,12434.173308064946
7105,12391.466244007
6249,12374.48574398275
5393,12406.219769355524
4537,8606.582219413456
3681,8464.733247210304
2825,21989.768038660688
1969,18563.086366261738
1113,17754.846086919617
257,17037.181212351104
40490,6525.695271839632
39634,0.0
38778,12426.372488524357
37922,11144.270710357348
37066,8711.082761541276
36210,8711.082761541276
35354,8711.082761541276
34498,6309.626501096485
33642,0.0
32786,6436.79720766615
31930,6342.604775034183
31074,6342.604775034183
30218,6342.604775034183
29362,6336.699596462755
28506,6274.172582445693
27650,0.0
26794,12199.285128797339
25938,11073.775648628953
25082,8711.082761541276
24226,8711.082761541276
23370,8711.082761541276
22514,6239.128138001248
21658,0.0
20802,6373.322780858391
19946,6305.5320148930905
19090,6305.5320148930905
18234,6333.638616624692
17378,6452.5455586743965
16522,6459.942830499795
15666,0.0
14810,12356.953460232991
13954,10662.336817446074
13098,8137.3337417596185
12242,8117.249852008066
11386,8069.509598596759
10530,6322.246501096485
9674,0.0
8818,6461.72020149331
7962,6361.079991083566
7106,6336.156997256406
6250,6336.156997256406
5394,6336.699596462755
4538,6285.895667763152
3682,0.0
2826,11738.130379499806
1970,10585.106892592747
1114,8054.59761331862
258,8054.59761331862
40491,5845.887481527535
39635,0.0
38779,6668.827333495807
37923,6003.834284415064
37067,5905.0338678684
36211,5698.762536088713
35355,5698.762536088713
34499,5700.578844093365
33643,0.0
32787,4694.463950476036
31931,4694.463950476036
31075,4694.463950476036
30219,4694.463950476036
29363,5547.736932727885
28507,5631.7911701006915
27651,0.0
26795,6116.078295458492
25939,5876.683432457981
25083,5887.7338578519975
24227,5887.7338578519975
23371,5887.7338578519975
22515,5631.7911701006915
21659,0.0
20803,4694.463950476036
19947,4694.463950476036
19091,4694.463950476036
18235,4694.463950476036
17379,5601.306930176472
16523,5693.355009050106
15667,0.0
14811,6393.144282315122
13955,6510.785604113467
13099,6646.318831742321
12243,6393.445623301223
11387,6149.994732479916
10531,5740.7090464915145
9675,0.0
8819,4694.463950476036
7963,4694.463950476036
7107,4694.463950476036
6251,4694.463950476036
5395,5551.252273636976
4539,5637.8635943431145
3683,0.0
2827,6582.957724114662
1971,5866.256120041803
1115,5877.306545435819
259,5877.306545435819
40492,5906.442015139178
39636,0.0
38780,9892.644445876294
37924,8364.091395820227
37068,7969.816204639874
36212,7935.325348158996
35356,7935.325348158996
34500,5906.442015139178
33644,0.0
32788,5741.473758163905
31932,5741.473758163905
31076,5741.473758163905
30220,5741.473758163905
29364,5906.442015139178
28508,5906.442015139178
27652,0.0
26796,9815.388220000268
25940,8339.086302246693
25084,7949.633117535829
24228,7926.173611938429
23372,7926.173611938429
22516,5906.442015139178
21660,0.0
20804,5741.473758163905
19948,5741.473758163905
19092,5741.473758163905
18236,5741.473758163905
17380,5982.968009275658
16524,6158.462571591565
15668,0.0
14812,12438.977671293931
13956,9619.023425297755
13100,9460.66659551158
12244,7946.356699042473
11388,7946.356699042473
10532,5906.442015139178
9676,0.0
8820,5741.473758163905
7964,5741.473758163905
7108,5741.473758163905
6252,5741.473758163905
5396,5906.442015139178
4540,5906.442015139178
3684,0.0
2828,9868.519704618075
1972,8304.8755161543
1116,7958.784853756397
260,7935.325348158996
40493,4726.266634784942
39637,0.0
38781,8283.135821868083
37925,6866.146689044067
37069,6845.407028217603
36213,6832.027484650889
35357,6832.027484650889
34501,4726.266634784942
33645,0.0
32789,4782.254378599415
31933,4750.650863769638
31077,4750.650863769638
30221,4750.650863769638
29365,4726.266634784942
28509,4726.266634784942
27653,0.0
26797,7789.053404157048
25941,6847.666328329706
25085,6832.027484650889
24229,6832.027484650889
23373,6832.027484650889
22517,4726.266634784942
21661,0.0
20805,4790.413347259619
19949,4758.809832429843
19093,4758.809832429843
18237,4758.809832429843
17381,4726.266634784942
16525,4790.684623151582
15669,0.0
14813,14577.455148416544
13957,7088.452401381416
13101,7113.895361667702
12245,6966.987028350041
11389,6847.423728937879
10533,4726.266634784942
9677,0.0
8821,4790.413347259619
7965,4758.809832429843
7109,4758.809832429843
6253,4758.809832429843
5397,4726.266634784942
4541,4726.266634784942
3685,0.0
2829,8477.5127746028
1973,6852.906653549739
1117,6837.267809870921
261,6837.267809870921
40494,7377.648905266184
39638,0.0
38782,10494.140443606946
37926,7801.124810323613
37070,7801.124810323613
36214,7801.124810323613
35358,7801.124810323613
34502,6197.247170538021
33646,0.0
32790,6193.766663038128
31934,6176.512296636634
31078,6176.512296636634
30222,6176.512296636634
29366,6176.512296636634
28510,6176.512296636634
27654,0.0
26798,10204.718214361113
25942,7801.124810323613
25086,7801.124810323613
24230,7801.124810323613
23374,7801.124810323613
22518,6176.512296636634
21662,0.0
20806,6176.512296636634
19950,6176.512296636634
19094,6176.512296636634
18238,6176.512296636634
17382,6354.568746563891
16526,6266.6020495159255
15670,0.0
14814,10909.502973920773
13958,9941.452149864414
13102,10393.514518712698
12246,7801.124810323613
11390,7801.124810323613
10534,6309.643041129588
9678,0.0
8822,6226.198970814647
7966,6226.198970814647
7110,6193.766663038128
6254,6193.766663038128
5398,6176.512296636634
4542,6176.512296636634
3686,0.0
2830,10382.455824181729
1974,7801.124810323613
1118,7801.124810323613
262,7801.124810323613
40495,5208.633707599072
39639,0.0
38783,8826.305661824872
37927,7683.348422520761
37071,7579.663529218442
36215,7545.57623779543
35359,7545.57623779543
34503,5190.36699514486
33647,0.0
32791,5159.859997467741
31935,5159.859997467741
31079,5159.859997467741
30223,5159.859997467741
29367,5159.859997467741
28511,5159.859997467741
27655,0.0
26799,8731.115760309529
25943,7649.261131097751
25087,7545.57623779543
24231,7545.57623779543
23375,7545.57623779543
22519,5167.6374333651775
21663,0.0
20807,5167.6374333651775
19951,5167.6374333651775
19095,5167.6374333651775
18239,5167.6374333651775
17383,5219.927695787849
16527,5259.136099106112
15671,0.0
14815,8832.004849049503
13959,7743.664183224652
13103,7629.510268365071
12247,7609.426378613518
11391,7579.663529218442
10535,5208.633707599072
9679,0.0
8823,5197.541399906766
7967,5190.36699514486
7111,5165.86378534653
6255,5159.859997467741
5399,5159.859997467741
4543,5159.859997467741
3687,0.0
2831,8755.298385622813
1975,7649.261131097751
1119,7545.57623779543
263,7545.57623779543
40496,8653.990712548868
39640,0.0
38784,13969.552845114713
37928,12583.336642858058
37072,12589.171382783123
36216,12721.03060948235
35360,12727.898784085524
34504,8438.883967950873
33648,0.0
32792,6722.065568484939
31936,6627.405921250805
31080,6615.260004427136
30224,6612.459634056766
29368,7704.831614385161
28512,0.0
27656,0.0
26800,13362.46230714181
25944,12295.453150062729
25088,12321.831496288902
24232,12445.752341124422
23376,12409.746514173594
22520,11108.962524619388
21664,0.0
20808,7089.393212096763
19952,7073.934929268479
19096,7059.58907068262
18240,7059.58907068262
17384,10128.352809940045
16528,10955.250222371555
15672,0.0
14816,11345.124843570879
13960,12639.88627299469
13104,12734.672981644972
12248,12889.689932321942
11392,12835.73519633885
10536,11260.041721262873
9680,0.0
8824,7114.330275297576
7968,7098.871992469293
7112,7084.526133883434
6256,7084.526133883434
5400,10214.927443628665
4544,11021.236383870162
3688,0.0
2832,13903.849068319636
1976,12263.732877787386
1120,12106.593074883403
264,12183.43995980404
40497,6604.247226169023
39641,0.0
38785,10752.121665693769
37929,9134.197302100229
37073,9045.172374822378
36217,8908.991445648175
35361,8854.809699031362
34505,6563.953594436854
33649,0.0
32793,5785.103631132189
31937,5756.105005503073
31081,5764.094311821756
30225,5829.0309073703365
29369,6584.152933061193
28513,6581.273171156431
27657,0.0
26801,10036.925648286453
25945,8800.78596467465
25089,8769.305629752975
24233,8789.866753532278
23377,8868.76831690001
22521,6565.568938352197
21665,0.0
20809,5667.4177715747965
19953,5632.24573324727
19097,5653.811407850446
18241,5704.3864096841
17385,6588.780843114104
16529,6601.004713687974
15673,0.0
14817,12570.782010634044
13961,9216.245989278865
13105,9275.41281467569
12249,9230.94034958825
11393,9227.380724944784
10537,6592.64526110352
9681,0.0
8825,5782.621618381731
7969,5755.97894513357
7113,5777.5446197367455
6257,5769.391198612185
5401,6573.669599727859
4545,6570.789837823098
3689,0.0
2833,10589.76204794959
1977,8749.092538905572
1121,8801.961124882846
265,8818.60602067717
40498,8309.086744094686
39642,0.0
38786,15172.833154151454
37930,11043.988440071205
37074,10556.393845599376
36218,9952.86152056082
35362,9915.883719015961
34506,7313.724676914545
33650,0.0
32794,7520.6777905156105
31938,7490.937681088002
31082,7465.94982980128
30226,7465.94982980128
29370,7528.969194241262
28514,7206.84583374612
27658,0.0
26802,14436.363148591103
25946,10711.856382003549
25090,10274.508278679463
24234,9732.417524695577
23378,9858.692086383886
22522,7185.7072094074965
21666,0.0
20810,7486.941836932158
19954,7509.987670265491
19098,7493.340380336123
18242,7541.029848901327
17386,7852.982970337877
16530,7818.270334913269
15674,0.0
14818,15144.787052554786
13962,11040.489083685487
13106,10649.452140168369
12250,10500.426713209945
11394,10185.223537109086
10538,7683.275846910964
9682,0.0
8826,7688.154790280607
7970,7566.203397274442
7114,7524.96470113365
6258,7486.967717006668
5402,7528.969194241262
4546,7206.84583374612
3690,0.0
2834,14455.458510402494
1978,10716.61443412753
1122,10325.183181452796
266,9802.770011051813
40499,6348.510845632036
39643,0.0
38787,8093.305406463362
37931,6489.161567953881
37075,5498.552020301677
36219,5487.335961149807
35363,5482.082436435933
34507,5471.500697948157
33651,0.0
32795,6819.387443829346
31939,6622.013279634267
31083,6511.179808865951
30227,6464.461931977143
29371,6554.805382105848
28515,0.0
27659,0.0
26803,8075.729679123854
25947,6168.129398235908
25091,5376.162629545658
24235,5376.240148326578
23379,5355.170875146054
22523,4036.6372146755284
21667,0.0
20811,4704.590852795631
19955,4541.779038766095
19099,4537.4646005873155
18243,4596.242752962633
17387,5104.5186318074975
16531,4442.2191487483515
15675,0.0
14819,11179.235172272174
13963,6437.184063058603
13107,5451.347429107563
12251,5434.83671612025
11395,5433.422353195593
10539,4118.097621876219
9683,0.0
8827,4727.594198551956
7971,4571.0242511467395
7115,4556.266638364786
6259,4542.714389150248
5403,4642.3263962554865
4547,4042.0602772368957
3691,0.0
2835,10657.18328924303
1979,6361.26738309992
1123,5208.981469486
267,5207.717939732121
40500,7377.648905266184
39644,0.0
38788,10494.140443606946
37932,7801.124810323613
37076,7801.124810323613
36220,7801.124810323613
35364,7801.124810323613
34508,6197.247170538021
33652,0.0
32796,6193.766663038128
31940,6176.512296636634
31084,6176.512296636634
30228,6176.512296636634
29372,6176.512296636634
28516,6176.512296636634
27660,0.0
26804,10204.718214361113
25948,7801.124810323613
25092,7801.124810323613
24236,7801.124810323613
23380,7801.124810323613
22524,6176.512296636634
21668,0.0
20812,6176.512296636634
19956,6176.512296636634
19100,6176.512296636634
18244,6176.512296636634
17388,6409.137614487693
16532,6266.6020495159255
15676,0.0
14820,10909.502973920773
13964,9941.452149864414
13108,10393.514518712698
12252,7801.124810323613
11396,7801.124810323613
10540,6309.643041129588
9684,0.0
8828,6226.198970814647
7972,6226.198970814647
7116,6193.766663038128
6260,6193.766663038128
5404,6176.512296636634
4548,6176.512296636634
3692,0.0
2836,10382.455824181729
1980,7801.124810323613
1124,7801.124810323613
268,7801.124810323613
40501,5962.134817600304
39645,0.0
38789,7489.762134366267
37933,6169.702357537107
37077,6110.183622833717
36221,6116.091052548681
35365,6283.4789865304665
34509,5707.492992105074
33653,0.0
32797,4548.216503906149
31941,4527.13361220108
31085,4527.13361220108
30229,4522.748671724889
29373,5667.899910941548
28517,5705.257311772335
27661,0.0
26805,6924.402655338009
25949,6044.428853826322
25093,6011.173599552717
24237,6096.212059962591
23381,6273.200739042417
22525,5705.257311772335
21669,0.0
20813,5960.178330387746
19957,5960.178330387746
19101,5960.178330387746
18245,5960.178330387746
17389,6312.814262287982
16533,6423.916626706781
15677,0.0
14821,12561.859072453097
13965,6571.744395482866
13109,6834.0888245911165
12253,6587.337218411618
11397,6391.962297273873
10541,6318.3008021402175
9685,0.0
8829,5965.055561363146
7973,5965.055561363146
7117,5965.055561363146
6261,5965.055561363146
5405,6221.874655640879
4549,6236.065322659508
3693,0.0
2837,8933.158518671195
1981,5955.308237594091
1125,5936.964198128799
269,5977.2951248686395
40502,6680.913340774734
39646,0.0
38790,10467.611288020624
37934,9556.169054754708
37078,9509.813217580859
36222,9486.132190795144
35366,9538.347368238496
34510,6476.071141529218
33654,0.0
32798,8056.209572653503
31942,7989.997530243346
31086,7895.334361869112
30230,8313.892768765463
29374,8589.072210134113
28518,0.0
27662,0.0
26806,10223.843380745948
25950,9331.805326174985
25094,9314.248461950405
24238,9293.495551897497
23382,9345.710729340848
22526,8132.226557629546
21670,0.0
20814,7896.605123875831
19958,7872.53408099084
19102,7814.583530251411
18246,7973.930604429991
17390,8714.97206300354
16534,8353.991149910902
15678,0.0
14822,11412.909567327006
13966,9615.426790209985
13110,9621.628919082405
12254,9567.356168359507
11398,9536.332214457734
10542,8229.806912050593
9686,0.0
8830,8067.678016720579
7974,8048.633058737385
7118,7985.53148456605
6262,7973.0081418090185
5406,8384.41607266292
4550,8173.03415188714
3694,0.0
2838,9932.88457271566
1982,9320.54040692365
1126,9302.98354269907
270,9213.043138411998
40503,6780.645076524981
39647,0.0
38791,10188.505504831353
37935,7926.215989697462
37079,7495.574165575288
36223,7495.574165575288
35367,7495.574165575288
34511,6769.043111459479
33655,0.0
32799,5306.6009217154
31943,5298.743643132469
31087,5298.743643132469
30231,5298.743643132469
29375,6748.53735734249
28519,6769.043111459479
27663,0.0
26807,10188.505504831353
25951,7926.215989697462
25095,7495.574165575288
24239,7495.574165575288
23383,7495.574165575288
22527,6769.043111459479
21671,0.0
20815,5301.629584413811
19959,5293.77230583088
19103,5293.77230583088
18247,5293.77230583088
17391,6772.1102695995305
16535,6807.719656195152
15679,0.0
14823,10576.282343688306
13967,7966.339757441416
13111,7867.314166268393
12255,7665.456581622206
11399,7495.574165575288
10543,6769.043111459479
9687,0.0
8831,5315.179351308651
7975,5307.32207272572
7119,5298.743643132469
6263,5298.743643132469
5407,6748.53735734249
4551,6769.043111459479
3695,0.0
2839,10203.097170507726
1983,7926.215989697462
1127,7495.574165575288
271,7495.574165575288
40504,5055.333106464935
39648,0.0
38792,8544.774349783704
37936,6901.881978035943
37080,6891.719191467431
36224,6777.680428024759
35368,6789.368107763321
34512,5024.478858105766
33656,0.0
32800,4970.025852315795
31944,4970.025852315795
31088,4964.597500847193
30232,4964.597500847193
29376,5274.011159279369
28520,5024.478858105766
27664,0.0
26808,8471.446528652152
25952,6744.571118781501
25096,6759.2860433241
24240,6759.2860433241
23384,6770.973723062662
22528,5024.478858105766
21672,0.0
20816,4964.597500847193
19960,4964.597500847193
19104,4964.597500847193
18248,4964.597500847193
17392,5646.977192877282
16536,5032.0446914391005
15680,0.0
14824,11754.400261268947
13968,7301.458062169326
13112,7391.295541410314
12256,7163.668104456646
11400,6909.890197616446
10544,5055.333106464935
9688,0.0
8832,4970.025852315795
7976,4970.025852315795
7120,4970.025852315795
6264,4970.025852315795
5408,5274.011159279369
4552,5024.478858105766
3696,0.0
2840,8546.050575687741
1984,6735.6397854481675
1128,6750.354709990767
272,6750.354709990767
40505,7260.844086523484
39649,0.0
38793,8565.897722788615
37937,7589.134130786168
37081,7587.657962624103
36225,7555.454890557926
35369,7555.454890557926
34513,6775.668369882562
33657,0.0
32801,5382.6944080647945
31945,5382.6944080647945
31089,5382.6944080647945
30233,5382.6944080647945
29377,6630.9430652211695
28521,6739.279026777617
27665,0.0
26809,8514.534541344225
25953,7543.325698198509
25097,7538.625905536687
24241,7538.625905536687
23385,7538.625905536687
22529,6739.279026777617
21673,0.0
20817,5382.6944080647945
19961,5382.6944080647945
19105,5382.6944080647945
18249,5382.6944080647945
17393,6720.436757808423
16537,6851.05760942349
15681,0.0
14825,12636.815457649134
13969,7627.831067477908
13113,7708.864731406179
12257,7706.891871371519
11401,7488.249583872339
10545,6985.537880157578
9689,0.0
8833,5382.6944080647945
7977,5382.6944080647945
7121,5382.6944080647945
6265,5382.6944080647945
5409,6630.9430652211695
4553,6739.279026777617
3697,0.0
2841,8492.988742450303
1985,7543.325698198509
1129,7538.625905536687
273,7538.625905536687
40506,5139.2067236830235
39650,8989.12918169793
38794,7725.707556412513
37938,7482.497027185876
37082,7358.338402700802
36226,7392.213890544424
35370,7626.239681188964
34514,5139.2067236830235
33658,8871.62340071965
32802,6296.323650309238
31946,6248.938491579078
31090,6275.027058706396
30234,6292.3199158492525
29378,6317.998234752571
28522,5123.391928246979
27666,8877.331285520037
26810,8032.233732266239
25954,7379.734224458685
25098,7360.216729296087
24242,7349.15107273043
23386,7608.632840915948
22530,5216.620903415328
21674,8864.238973110223
20818,6275.672844539046
19962,6246.04090911336
19106,6292.69461445486
18250,6339.18211445486
17394,6406.307994921745
16538,5281.2856535458
15682,8877.683973110225
14826,7253.134132117882
13970,7928.093746801925
13114,7935.6853304780825
12258,7762.807610683498
11402,7928.820966701607
10546,5146.441353312653
9690,8889.374426915676
8834,6306.869008324878
7978,6272.079980547101
7122,6265.358719961808
6266,6274.595862818951
5410,6295.733765055602
4554,5106.816691122992
3698,8824.826761941762
2842,7995.889661679953
1986,7418.8888276601765
1130,7390.212472607469
274,7373.57699967082
40507,9568.043342511573
39651,0.0
38795,12011.743764469562
37939,7877.475950916914
37083,7866.536247634087
36227,7858.422948937524
35371,7947.156478825428
34515,8481.578162511678
33659,0.0
32803,6781.05123144487
31947,6751.784204018162
31091,6717.637680851779
30235,6724.705180918673
29379,7814.504477779397
28523,8466.214800442713
27667,0.0
26811,11533.226647344383
25955,7727.790099995923
25099,7716.8503967130955
24243,7716.8503967130955
23387,7858.661632768706
22531,8466.214800442713
21675,0.0
20819,6757.545031529523
19963,6728.278004102816
19107,6717.787609365973
18251,6717.787609365973
17395,8144.344388647193
16539,8780.659369920064
15683,0.0
14827,11491.667171334675
13971,10164.09685162061
13115,10500.789474759657
12259,7866.536247634087
11403,7957.628936681151
10547,8707.416825550345
9691,0.0
8835,7023.691262139264
7979,7000.673191916345
7123,6816.485543500248
6267,6750.5647666797895
5411,7834.229912469813
4555,8466.214800442713
3699,0.0
2843,11727.754399789095
1987,7833.69269610352
1131,7822.752992820692
275,7781.753073758273
40508,7418.728688657242
39652,0.0
38796,10800.317470316728
37940,7610.85263827753
37084,7610.85263827753
36228,7610.85263827753
35372,7610.85263827753
34516,6432.75680082248
33660,0.0
32804,6429.276293322587
31948,6410.908928090241
31092,6410.908928090241
30236,6410.908928090241
29380,6410.908928090241
28524,6410.908928090241
27668,0.0
26812,10430.441582250187
25956,7610.85263827753
25100,7610.85263827753
24244,7610.85263827753
23388,7610.85263827753
22532,6410.908928090241
21676,0.0
20820,6410.908928090241
19964,6410.908928090241
19108,6410.908928090241
18252,6410.908928090241
17396,6542.466602989876
16540,6542.412652092386
15684,0.0
14828,11080.63866515042
13972,9756.302969245664
13116,10515.834461998229
12260,7610.85263827753
11404,7610.85263827753
10548,6513.658623794998
9692,0.0
8836,6432.5768401234955
7980,6432.5768401234955
7124,6429.276293322587
6268,6429.276293322587
5412,6410.908928090241
4556,6410.908928090241
3700,0.0
2844,10536.394130712473
1988,7610.85263827753
1132,7610.85263827753
276,7610.85263827753
40509,6497.4720868832
39653,0.0
38797,8105.445593016129
37941,6831.925390273342
37085,6798.475036483024
36229,6678.030991549083
35373,6678.030991549083
34517,6246.121037731087
33661,0.0
32805,5103.740091461281
31949,5103.740091461281
31093,5103.740091461281
30237,5103.740091461281
29381,6223.075748994554
28525,6246.121037731087
27669,0.0
26813,8344.497566111766
25957,6639.759661524408
25101,6656.596239173485
24245,6656.596239173485
23389,6656.596239173485
22533,6246.121037731087
21677,0.0
20821,6103.965772384152
19965,6103.965772384152
19109,6103.965772384152
18253,6103.965772384152
17397,6501.268291781117
16541,6569.469900204168
15685,0.0
14829,8701.726286046962
13973,7118.625993503406
13117,7236.737406431631
12261,7184.673481481439
11405,6857.572621701723
10549,6503.554596345044
9693,0.0
8837,6117.546707063256
7981,6117.546707063256
7125,6117.546707063256
6269,6117.546707063256
5413,6401.222100052429
4557,6411.140239598531
3701,0.0
2845,9201.266372850112
1989,6692.608982652932
1133,6709.44556030201
277,6709.44556030201
40510,8698.786331760917
39654,0.0
38798,14860.999259747956
37942,8323.442357243843
37086,8302.701179820331
36230,8302.701179820331
35374,8302.701179820331
34518,8279.043165463127
33662,0.0
32806,6412.967843667816
31950,6412.967843667816
31094,6412.967843667816
30238,6412.967843667816
29382,6487.605698707337
28526,8266.796707546182
27670,0.0
26814,14245.28840753661
25958,8323.442357243843
25102,8302.701179820331
24246,8302.701179820331
23390,8302.701179820331
22534,8266.796707546182
21678,0.0
20822,6412.967843667816
19966,6412.967843667816
19110,6412.967843667816
18254,6412.967843667816
17398,6509.7418181996745
16542,8407.074568155705
15686,0.0
14830,14499.481210345668
13974,8407.337852586114
13118,8559.633818089664
12262,8507.15218884179
11406,8302.701179820331
10550,8279.043165463127
9694,0.0
8838,6412.967843667816
7982,6412.967843667816
7126,6412.967843667816
6270,6412.967843667816
5414,6487.605698707337
4558,8266.796707546182
3702,0.0
2846,14222.568361271955
1990,8323.442357243843
1134,8302.701179820331
278,8302.701179820331
40511,7326.848909921374
39655,0.0
38799,10063.096232595948
37943,7801.124810323613
37087,7801.124810323613
36231,7801.124810323613
35375,7801.124810323613
34519,5972.765172227674
33663,0.0
32807,5895.133874745226
31951,5877.879508343733
31095,5877.879508343733
30239,5877.879508343733
29383,5952.030298326285
28527,5952.030298326285
27671,0.0
26815,9791.563125778983
25959,7801.124810323613
25103,7801.124810323613
24247,7801.124810323613
23391,7801.124810323613
22535,5952.030298326285
21679,0.0
20823,5877.879508343733
19967,5877.879508343733
19111,5877.879508343733
18255,5877.879508343733
17399,6076.832839035114
16543,6471.194723851182
15687,0.0
14831,10954.802707300854
13975,9417.068391782404
13119,9898.774871383712
12263,7801.124810323613
11407,7801.124810323613
10551,6136.588180720167
9695,0.0
8839,5927.566182521745
7983,5927.566182521745
7127,5895.133874745226
6271,5895.133874745226
5415,5952.030298326285
4559,5952.030298326285
3703,0.0
2847,9882.358262241087
1991,7801.124810323613
1135,7801.124810323613
279,7801.124810323613
40512,9742.899997479732
39656,0.0
38800,13683.515384565053
37944,11906.025131420933
37088,11571.796473580103
36232,10761.104072464992
35376,10274.771810050268
34520,8979.768197844181
33664,0.0
32808,8764.911025258854
31952,8128.562710460837
31096,8125.352847240075
30240,8191.478747967888
29384,8305.39975785261
28528,8618.649525058274
27672,0.0
26816,12952.328644152685
25960,11114.224447781036
25104,10329.044534179595
24248,10218.336466351453
23392,10017.939743140629
22536,8594.102473637473
21680,0.0
20824,8752.238675712977
19968,8115.740562261812
19112,8180.268260168194
18256,8275.999816929787
17400,8677.284061239687
16544,8894.749614621489
15688,0.0
14832,13031.834611033031
13976,12136.03441691593
13120,12031.592626670497
12264,11735.212260305352
11408,11381.501624496443
10552,9564.839851190836
9696,0.0
8840,8879.480083870809
7984,8426.104755314487
7128,7982.815291716892
6272,7906.947861053875
5416,8043.455391431994
4560,8673.25327288452
3704,0.0
2848,12877.258955518882
1992,11060.273149986191
1136,10356.577419682631
280,10280.042084236204
40513,3179.6850501567874
39657,0.0
38801,6815.293168412511
37945,6074.526683524615
37089,5960.696263100501
36233,5875.030220098744
35377,5887.521172479696
34521,3169.1534822397653
33665,0.0
32809,4324.669084931812
31953,4324.669084931812
31097,4324.669084931812
30241,4324.669084931812
29385,4409.297054948668
28529,3169.1534822397653
27673,0.0
26817,6386.671225783904
25961,5912.4556119067765
25105,5812.487180060859
24249,5819.940561798169
23393,5844.06385239646
22537,3169.1534822397653
21681,0.0
20825,4324.669084931812
19969,4324.669084931812
19113,4324.669084931812
18257,4324.669084931812
17401,4674.036848161015
16545,3175.8286424626845
15689,0.0
14833,10598.689597243128
13977,6451.015350790438
13121,6520.981618603991
12265,6256.747646735512
11409,6002.190981418808
10553,3169.1534822397653
9697,0.0
8841,4324.669084931812
7985,4324.669084931812
7129,4324.669084931812
6273,4324.669084931812
5417,4409.297054948668
4561,3169.1534822397653
3705,0.0
2849,6932.169249324193
1993,5930.123760815015
1137,5856.639093355117
281,5847.018121132895
40514,5504.7077913856165
39658,0.0
38802,10501.085322091925
37946,7435.762849929392
37090,6869.364482346793
36234,6869.364482346793
35378,6869.364482346793
34522,0.0
33666,0.0
32810,5691.7039496309835
31954,5675.279794797624
31098,5668.81702811679
30242,5668.81702811679
29386,5706.259109900875
28530,0.0
27674,0.0
26818,10609.731463728851
25962,7223.795237864872
25106,6797.212439010928
24250,6797.212439010928
23394,6797.212439010928
22538,6503.624412168272
21682,0.0
20826,5913.381591204959
19970,5850.810063427181
19114,5850.810063427181
18258,5784.894614648166
17402,6540.229816501656
16546,6576.181336829352
15690,0.0
14834,11079.283061262067
13978,7257.524579393878
13122,7052.807117122955
12266,6916.306162703398
11410,6797.212439010928
10554,6509.8735781814285
9698,0.0
8842,5933.936290063345
7986,5933.936290063345
7130,5880.097268599742
6274,5860.3751770622475
5418,6298.549261365901
4562,6510.1553069339225
3706,0.0
2850,10623.402490735887
1994,7210.1344024200525
1138,6783.551603566109
282,6783.551603566109
40515,7227.547808833242
39659,0.0
38803,9430.471982731611
37947,7558.318144199959
37091,7558.318144199959
36235,7558.318144199959
35379,7558.318144199959
34523,5172.5415908451605
33667,0.0
32811,4489.399750009622
31955,4394.667334120142
31099,4407.374609252419
30243,4403.426472638694
29387,4822.526275762448
28531,4966.060203161599
27675,0.0
26819,9223.840926689261
25963,7558.318144199959
25107,7558.318144199959
24251,7558.318144199959
23395,7558.318144199959
22539,4917.778153529945
21683,0.0
20827,4356.109872187544
19971,4356.109872187544
19115,4364.563205520878
18259,4380.804652240487
17403,5250.199836762829
16547,5795.334217649392
15691,0.0
14835,10152.16046374646
13979,8949.004962561918
13123,9690.23940417713
12267,7562.732683248242
11411,7562.732683248242
10555,5398.783890648195
9699,0.0
8843,4595.259512748893
7987,4582.124037668419
7131,4461.268045002546
6275,4455.615714410286
5419,4854.140534703078
4563,4965.735674018967
3707,0.0
2851,9373.760847733862
1995,7562.732683248242
1139,7562.732683248242
283,7562.732683248242
40516,9564.157703820103
39660,0.0
38804,13811.935887573682
37948,11074.098687988735
37092,11018.770941858344
36236,10698.933824362728
35380,10705.995399430996
34524,8419.429831397329
33668,0.0
32812,7083.3009960889785
31956,7061.277106893738
31100,7040.62575644594
30244,7034.0638914334695
29388,7811.930388343602
28532,8404.066469328362
27676,0.0
26820,13086.39350648655
25964,10892.972393015209
25108,10927.966215372368
24252,10649.914598959002
23396,10709.863456582858
22540,8404.066469328362
21684,0.0
20828,7076.739131076509
19972,7054.7152418812675
19116,7034.0638914334695
18260,7034.0638914334695
17404,8128.053358110727
16548,8815.597801160306
15692,0.0
14836,12727.396459729882
13980,9984.185446488415
13124,10089.218572453265
12268,10996.21958641388
11412,11009.1482059425
10556,8645.268494435995
9700,0.0
8844,7238.3250828528135
7988,7222.550150861361
7132,7039.478757186285
6276,6983.34909893609
5420,7811.930388343602
4564,8404.066469328362
3708,0.0
2852,13268.877980787054
1996,11104.477698404264
1140,11091.02054693686
284,10803.928950364765
40517,7387.804757382086
39661,0.0
38805,9899.60822258228
37949,7610.85263827753
37093,7610.85263827753
36237,7610.85263827753
35381,7610.85263827753
34525,6226.961581903239
33669,0.0
32813,6223.481074403346
31957,6206.226708001851
31101,6206.226708001851
30245,6206.226708001851
29389,6206.226708001851
28533,6206.226708001851
27677,0.0
26821,9614.347312823777
25965,7610.85263827753
25109,7610.85263827753
24253,7610.85263827753
23397,7610.85263827753
22541,6206.226708001851
21685,0.0
20829,6206.226708001851
19973,6206.226708001851
19117,6206.226708001851
18261,6206.226708001851
17405,6322.124088062998
16549,6638.461576136034
15693,0.0
14837,10244.55296392564
13981,8778.09182408897
13125,9402.470196382821
12269,7610.85263827753
11413,7610.85263827753
10557,6396.10531689146
9701,0.0
8845,6226.781621204254
7989,6226.781621204254
7133,6223.481074403346
6277,6223.481074403346
5421,6206.226708001851
4565,6206.226708001851
3709,0.0
2853,9806.95864164312
1997,7610.85263827753
1141,7610.85263827753
285,7610.85263827753
40518,7473.584585556845
39662,0.0
38806,9550.307967388771
37950,7381.358967118672
37094,7050.754780798847
36238,7050.754780798847
35382,7050.754780798847
34526,7473.584585556845
33670,0.0
32814,5804.328265085212
31958,5804.328265085212
31102,5804.328265085212
30246,5804.328265085212
29390,6581.093968221588
28534,7473.584585556845
27678,0.0
26822,9528.641598341153
25966,7381.358967118672
25110,7050.754780798847
24254,7050.754780798847
23398,7050.754780798847
22542,7473.584585556845
21686,0.0
20830,5804.328265085212
19974,5804.328265085212
19118,5804.328265085212
18262,5804.328265085212
17406,6581.093968221588
16550,7473.584585556845
15694,0.0
14838,9893.00215107398
13982,7406.817606122304
13126,7379.89539682341
12270,7231.425742373813
11414,7050.754780798847
10558,7473.584585556845
9702,0.0
8846,5804.328265085212
7990,5804.328265085212
7134,5804.328265085212
6278,5804.328265085212
5422,6581.093968221588
4566,7473.584585556845
3710,0.0
2854,9528.641598341153
1998,7381.358967118672
1142,7050.754780798847
286,7050.754780798847
40519,6144.521635923955
39663,0.0
38807,9534.857233813238
37951,7615.872350348801
37095,7531.664825894428
36239,7365.245086818626
35383,7365.245086818626
34527,6012.695331890196
33671,0.0
32815,5346.869306888391
31959,5346.869306888391
31103,5346.869306888391
30247,5346.869306888391
29391,5926.167752985703
28535,5985.984824643819
27679,0.0
26823,9238.6525077336
25967,7002.872142131444
25111,6996.964715402285
24255,6996.964715402285
23399,6996.964715402285
22543,5985.984824643819
21687,0.0
20831,5303.833546460944
19975,5303.833546460944
19119,5303.833546460944
18263,5303.833546460944
17407,5986.090326156233
16551,6013.044216223994
15695,0.0
14839,8978.461125545993
13983,8033.344543973432
13127,8063.119151638157
12271,7898.385719273084
11415,7339.827731646871
10559,5957.042905150268
9703,0.0
8847,5303.833546460944
7991,5303.833546460944
7135,5303.833546460944
6279,5303.833546460944
5423,5854.7805506047525
4567,5906.77598764748
3711,0.0
2855,9343.34876131804
1999,6972.244031658937
1143,6966.336604929778
287,6966.336604929778
40520,7828.309546537675
39664,0.0
38808,10895.612474029953
37952,7473.413328534476
37096,7425.0778097741295
36240,7158.285072489092
35384,7158.285072489092
34528,7615.283669169788
33672,0.0
32816,5460.265359931939
31960,5460.265359931939
31104,5460.265359931939
30248,5460.265359931939
29392,7469.0704219708805
28536,7615.283669169788
27680,0.0
26824,9365.398253439174
25968,7164.192499218251
25112,7158.285072489092
24256,7158.285072489092
23400,7158.285072489092
22544,7615.283669169788
21688,0.0
20832,5488.580514924089
19976,5488.580514924089
19120,5488.580514924089
18264,5488.580514924089
17408,7589.816816979108
16552,7825.241668060357
15696,0.0
14840,12402.067646350308
13984,8086.6851916350715
13128,8225.171071375818
12272,7881.4223435861095
11416,7326.532648581348
10560,7698.615435258287
9704,0.0
8848,5272.889709283199
7992,5272.889709283199
7136,5272.889709283199
6280,5272.889709283199
5424,7456.0417211658705
4568,7615.283669169788
3712,0.0
2856,10825.950421655363
2000,7009.651473099022
1144,7003.744046369863
288,7003.744046369863
40521,5654.262272102214
39665,0.0
38809,7651.532388180514
37953,6733.526450375895
37097,6787.500953496719
36241,6588.580668734166
35385,6588.580668734166
34529,5327.583568071404
33673,0.0
32817,4959.9953801246165
31961,4959.9953801246165
31105,4952.928157902394
30249,4952.928157902394
29393,5233.595159280946
28537,5277.116696453212
27681,0.0
26825,7514.052367001539
25969,6543.9436836182085
25113,6588.580668734166
24257,6588.580668734166
23401,6588.580668734166
22545,5277.116696453212
21689,0.0
20833,6132.6269159171625
19977,6132.6269159171625
19121,6132.6269159171625
18265,6132.6269159171625
17409,6391.28235018674
16553,6791.925327322926
15697,0.0
14841,12524.635049225295
13985,6734.466280471039
13129,6834.664996573076
12273,6858.397943231813
11417,6833.327716118632
10561,6440.7790625243515
9705,0.0
8849,6216.253076820209
7993,6216.253076820209
7137,6216.253076820209
6281,6216.253076820209
5425,6300.557066955828
4569,6310.47520650193
3713,0.0
2857,8987.473167104534
2001,6536.94997110113
1145,6581.586956217087
289,6581.586956217087
40522,8600.91903435008
39666,0.0
38810,10940.77238439169
37954,9824.223636048902
37098,8892.347525902911
36242,8732.636492500604
35386,8690.001520561975
34530,8112.51410784559
33674,0.0
32818,8520.434341006492
31962,8391.700831264932
31106,8363.201007669784
30250,8376.527014005067
29394,8223.235236873685
28538,7784.542442182788
27682,0.0
26826,10663.478202452854
25970,9610.802836941697
25114,8477.667199105008
24258,8447.055166557513
23402,8481.520135845427
22546,7782.809166870394
21690,0.0
20834,8346.631776274331
19978,8277.393498481588
19122,8286.709175536707
18266,8303.471177327034
17410,8283.839145421158
16554,8137.00187990369
15698,0.0
14842,11059.537452663288
13986,9875.173497879643
13130,9264.537915691415
12274,9015.866731463686
11418,8763.92593132234
10562,7284.873739844434
9706,0.0
8850,7964.684291175351
7994,7798.678993315174
7138,7675.721974368706
6282,7630.0451417374
5426,7509.974533598729
4570,7074.595007152856
3714,0.0
2858,10632.64143667178
2002,9708.32702049878
1146,8552.709472877588
290,8434.632015384668
40523,7351.955998566588
39667,0.0
38811,9470.32977204012
37955,7508.81391731032
37099,6600.254799323749
36243,6592.323196759646
35387,6592.323196759646
34531,6258.444068636134
33675,0.0
32819,5743.882614516353
31963,5701.2179190445195
31107,5675.5831111254
30251,5675.5831111254
29395,5796.713214109992
28539,5865.5164534093365
27683,0.0
26827,8826.300314142143
25971,7340.227416827169
25115,6593.28601004582
24259,6585.354407481717
23403,6585.354407481717
22547,5850.67404600193
21691,0.0
20835,5644.032557933562
19979,5644.032557933562
19123,5644.032557933562
18267,5644.032557933562
17411,6047.61889517895
16555,6303.41276142101
15699,0.0
14843,9943.145780805125
13987,9133.513056538815
13131,9684.848216386239
12275,6592.323196759646
11419,6592.323196759646
10563,6944.586401712907
9707,0.0
8851,6335.085655315835
7995,6087.840482647227
7139,5718.247806597235
6283,5718.247806597235
5427,5796.713214109992
4571,5865.5164534093365
3715,0.0
2859,8876.83195689238
2003,7478.237890357603
1147,6600.254799323749
291,6592.323196759646
40524,4977.151147325567
39668,0.0
38812,7460.833381219361
37956,7381.358967118672
37100,7033.353338043881
36244,7033.353338043881
35388,7033.353338043881
34532,4959.509052087471
33676,0.0
32820,5204.798052428027
31964,5204.798052428027
31108,5204.798052428027
30252,5204.798052428027
29396,5326.351011718647
28540,4945.449624478044
27684,0.0
26828,7460.833381219361
25972,7381.358967118672
25116,7033.353338043881
24260,7033.353338043881
23404,7033.353338043881
22548,4956.395478855148
21692,0.0
20836,5211.674209835433
19980,5211.674209835433
19124,5211.674209835433
18268,5211.674209835433
17412,5399.3928785543585
16556,4990.819452887626
15700,0.0
14844,7525.145957154135
13988,7453.8307498537915
13132,8334.887531560818
12276,7512.880456886239
11420,7033.353338043881
10564,4959.509052087471
9708,0.0
8852,5204.798052428027
7996,5204.798052428027
7140,5204.798052428027
6284,5204.798052428027
5428,5326.351011718647
4572,4955.4393551177745
3716,0.0
2860,7460.833381219361
2004,7381.358967118672
1148,7033.353338043881
292,7033.353338043881
40525,5982.2742611196645
39669,0.0
38813,16811.936911523524
37957,14042.643992882351
37101,14068.237955581244
36245,13321.875872845847
35389,13243.14698416178
34533,5982.2742611196645
33677,0.0
32821,5770.433792365676
31965,5770.433792365676
31109,5770.433792365676
30253,5770.433792365676
29397,5873.708355059011
28541,5859.316786944608
27685,0.0
26829,16412.569193318977
25973,13963.717706127274
25117,13946.568204587105
24261,13260.426812732132
23405,13298.722325419927
22549,5859.316786944608
21693,0.0
20837,5770.433792365676
19981,5770.433792365676
19125,5770.433792365676
18269,5770.433792365676
17413,5882.958222423277
16557,5879.858527577607
15701,0.0
14845,11139.26568016038
13989,12782.566648634522
13133,13257.725430318029
12277,13088.686550854087
11421,12983.736803557216
10565,5859.316786944608
9709,0.0
8853,5770.433792365676
7997,5770.433792365676
7141,5770.433792365676
6285,5770.433792365676
5429,5873.708355059011
4573,5859.316786944608
3717,0.0
2861,16522.120360492405
2005,13261.368293737112
1149,13329.189629145943
293,13044.889812794012
40526,18819.60314146859
39670,0.0
38814,20986.97443203583
37958,18775.62025466012
37102,18691.508813462264
36246,17636.90225382339
35390,17636.90225382339
34534,16630.170119344424
33678,0.0
32822,15640.998662335063
31966,14318.82218366573
31110,14264.204375656007
30254,14883.42535165531
29398,14943.326847386907
28542,16610.39649534111
27686,0.0
26830,20281.552343940104
25974,17346.18664143765
25118,16969.422576658526
24262,17158.109937271198
23406,17072.736174270864
22550,16197.707633566513
21694,0.0
20838,15557.125151554765
19982,14354.557388607356
19126,14310.45923871729
18270,15416.430608911009
17414,15893.036982070806
16558,17851.334531008542
15702,0.0
14846,20589.54426292389
13990,20030.950243552743
13134,20014.164096366596
12278,19758.507583855146
11422,18991.90333760977
10566,17305.572946651097
9710,0.0
8854,16538.452895244074
7998,15898.59477290782
7142,14619.663221008144
6286,15041.320898049675
5430,14920.431014053574
4574,17033.003676370856
3718,0.0
2862,20477.00962032112
2006,17869.280181439713
1150,17803.019628902497
294,17877.682113481336
40527,4423.331940687824
39671,0.0
38815,10022.109551672882
37959,7684.817047411848
37103,7187.190874195593
36247,7187.190874195593
35391,7187.190874195593
34535,4407.463422439648
33679,0.0
32823,5205.3390804845585
31967,5205.3390804845585
31111,5205.3390804845585
30255,5205.3390804845585
29399,5389.7748153456405
28543,0.0
27687,0.0
26831,9447.587522201085
25975,7573.339970955509
25119,7132.72778334628
24263,7132.72778334628
23407,7132.72778334628
22551,6248.246286851967
21695,0.0
20839,5187.764836360199
19983,5187.764836360199
19127,5187.764836360199
18271,5187.764836360199
17415,5726.481392104647
16559,6264.886479986604
15703,0.0
14847,9622.516679721799
13991,7645.8625790494825
13135,8368.463546308292
12279,7529.564686706934
11423,7132.72778334628
10567,6248.246286851967
9711,0.0
8855,5187.764836360199
7999,5187.764836360199
7143,5187.764836360199
6287,5187.764836360199
5431,5726.481392104647
4575,6248.246286851967
3719,0.0
2863,9457.225141248704
2007,7573.339970955509
1151,7132.72778334628
295,7132.72778334628
40528,6663.4510829248375
39672,0.0
38816,9825.051011579522
37960,7679.1797020907625
37104,7664.007919584596
36248,7541.873343494831
35392,7590.879285681363
34536,6443.412486712021
33680,0.0
32824,5593.961385910274
31968,5452.94611017011
31112,5459.430641686818
30256,5451.648948746737
29400,6364.588439088271
28544,6443.412486712021
27688,0.0
26832,9796.325362589192
25976,7560.156512772316
25120,7541.873343494831
24264,7541.873343494831
23408,7590.879285681363
22552,6433.749874879408
21696,0.0
20840,5567.331140099792
19984,5440.73849207597
19128,5436.549612966267
18272,5436.549612966267
17416,6816.394821317093
16560,6924.740958117712
15704,0.0
14848,12569.5988999889
13992,8046.696350971232
13136,8210.598916771658
12280,7919.576168874266
11424,7677.236137330071
10568,6714.808992726107
9712,0.0
8856,5721.9087393229875
8000,5597.43791800306
7144,5526.299581709764
6288,5466.282539612036
5432,6503.160083619129
4576,6562.745210933159
3720,0.0
2864,9895.207227339144
2008,7567.77122006619
1152,7549.488050788703
296,7549.488050788703
40529,7777.8616973101225
39673,0.0
38817,13635.640257446315
37961,11004.108628295382
37105,10551.172664886883
36249,10544.882352482984
35393,10122.86911428736
34537,7203.8733865324375
33681,0.0
32825,7328.805433779561
31969,7307.867337393763
31113,7221.649386326205
30257,7255.7577974320075
29401,7361.8088989763455
28545,7143.0450467932815
27689,0.0
26833,12975.456581816787
25977,10669.92583071812
25121,10026.884797464823
24265,9993.407564949011
23409,9945.545262048307
22553,7129.342839058885
21697,0.0
20841,7229.419732772508
19985,7228.640526350078
19129,7158.608637948317
18273,7185.6167914423595
17417,7885.515456313888
16561,7730.005332357036
15705,0.0
14849,13553.153204625327
13993,10678.205481355875
13137,10877.230527925572
12281,10804.804585851774
11425,10456.782503933646
10569,7335.531857913177
9713,0.0
8857,7490.65392494206
8001,7455.4359189896795
7145,7322.682299384847
6289,7294.31861560879
5433,7349.235699953146
4577,7172.729220481133
3721,0.0
2865,12960.974338133785
2009,10456.42968341846
1153,10012.131204280324
297,10011.13863023179
40530,5307.079932857204
39674,0.0
38818,10727.888488192997
37962,7598.091934905365
37106,7268.909848261867
36250,7268.909848261867
35394,7268.909848261867
34538,5307.079932857204
33682,0.0
32826,7689.8530227296005
31970,7689.8530227296005
31114,7689.8530227296005
30258,7689.8530227296005
29402,7662.801010950451
28546,5307.079932857204
27690,0.0
26834,10681.210959147518
25978,7598.091934905365
25122,7268.909848261867
24266,7268.909848261867
23410,7268.909848261867
22554,5307.079932857204
21698,0.0
20842,7689.8530227296005
19986,7689.8530227296005
19130,7689.8530227296005
18274,7703.426779860815
17418,7734.733396121519
16562,5307.079932857204
15706,0.0
14850,10814.787104163888
13994,7702.754953346664
13138,8452.289394762987
12282,7696.097647615651
11426,7268.909848261867
10570,5307.079932857204
9714,0.0
8858,7689.8530227296005
8002,7689.8530227296005
7146,7689.8530227296005
6290,7689.8530227296005
5434,7662.801010950451
4578,5307.079932857204
3722,0.0
2866,10627.066041550494
2010,7598.091934905365
1154,7268.909848261867
298,7268.909848261867
40531,7579.606587957824
39675,0.0
38819,10350.746614783076
37963,8074.617633127162
37107,8074.617633127162
36251,8074.617633127162
35395,8074.617633127162
34539,6644.414559613268
33683,0.0
32827,6640.934052113373
31971,6613.936089912035
31115,6613.936089912035
30259,6613.936089912035
29403,6613.936089912035
28547,6613.936089912035
27691,0.0
26835,9907.856191440847
25979,8074.617633127162
25123,8074.617633127162
24267,8074.617633127162
23411,8074.617633127162
22555,6613.936089912035
21699,0.0
20843,6613.936089912035
19987,6613.936089912035
19131,6613.936089912035
18275,6613.936089912035
17419,6747.455438602183
16563,6571.372405154848
15707,0.0
14851,11113.970949418057
13995,9816.15416514119
13139,10473.183253559591
12283,8074.617633127162
11427,8074.617633127162
10571,6766.175435074715
9715,0.0
8859,6673.366359889892
8003,6673.366359889892
7147,6640.934052113373
6291,6640.934052113373
5435,6613.936089912035
4579,6613.936089912035
3723,0.0
2867,10116.028034149034
2011,8074.617633127162
1155,8074.617633127162
299,8074.617633127162
40532,3410.4341158133425
39676,0.0
38820,9451.27085237432
37964,7488.28999878724
37108,7014.73623763019
36252,6892.881359600601
35396,6964.54754665076
34540,3181.9361494497252
33684,0.0
32828,4879.026397070239
31972,4879.026397070239
31116,4834.624419993919
30260,4834.624419993919
29404,5095.540839443042
28548,3172.4583016880742
27692,0.0
26836,8955.787548502973
25980,7064.92645058471
25124,6745.660699477945
24268,6751.5444292076745
23412,6897.175179235724
22556,3165.390258588135
21700,0.0
20844,4835.910126117375
19988,4835.910126117375
19132,4795.857932590837
18276,4809.339172647077
17420,5533.586077942489
16564,3399.40886270562
15708,0.0
14852,10463.58609016256
13996,7664.333365481448
13140,7485.469711676808
12284,7269.820897637488
11428,7281.770327774565
10572,3262.3655574871937
9716,0.0
8860,4878.259838628681
8004,4861.7128689317115
7148,4817.310891855391
6292,4817.310891855391
5436,5046.846584031789
4580,3154.8801929924225
3724,0.0
2868,9443.89328437782
2012,7254.688585224762
1156,6856.774052164697
300,6851.5478851603375
40533,5166.703957337918
39677,0.0
38821,10410.303433472665
37965,7557.434531429631
37109,7228.252444786133
36253,7228.252444786133
35397,7228.252444786133
34541,5166.703957337918
33685,0.0
32829,6133.6136514499485
31973,6133.6136514499485
31117,6133.6136514499485
30261,6133.6136514499485
29405,6106.561639670798
28549,5166.703957337918
27693,0.0
26837,10381.611240930273
25981,7557.434531429631
25125,7228.252444786133
24269,7228.252444786133
23413,7228.252444786133
22557,5166.703957337918
21701,0.0
20845,6133.6136514499485
19989,6133.6136514499485
19133,6133.6136514499485
18277,6133.6136514499485
17421,6106.561639670798
16565,5166.703957337918
15709,0.0
14853,10479.50562409693
13997,7662.097549870929
13141,8350.594222945663
12285,7655.440244139916
11429,7228.252444786133
10573,5166.703957337918
9717,0.0
8861,6133.6136514499485
8005,6133.6136514499485
7149,6133.6136514499485
6293,6133.6136514499485
5437,6106.561639670798
4581,5166.703957337918
3725,0.0
2869,10377.006259046215
2013,7557.434531429631
1157,7228.252444786133
301,7228.252444786133
40534,7312.848428467469
39678,0.0
38822,10076.81097380796
37966,7884.93723503668
37110,7884.93723503668
36254,7884.93723503668
35398,7884.93723503668
34542,5847.676913560799
33686,0.0
32830,5716.083514502086
31974,5689.085552300748
31118,5689.085552300748
30262,5689.085552300748
29406,5805.136559578973
28550,5805.136559578973
27694,0.0
26838,9754.100333663406
25982,7884.93723503668
25126,7884.93723503668
24270,7884.93723503668
23414,7884.93723503668
22558,5805.136559578973
21702,0.0
20846,5689.085552300748
19990,5689.085552300748
19134,5689.085552300748
18278,5689.085552300748
17422,5946.989497821679
16566,6224.10252877451
15710,0.0
14854,10548.566550522839
13998,9349.86306113093
13142,10149.46041582204
12286,7884.93723503668
11430,7884.93723503668
10574,6036.784310826309
9718,0.0
8862,5796.397661225486
8006,5783.586607094432
7150,5716.083514502086
6294,5716.083514502086
5438,5805.136559578973
4582,5805.136559578973
3726,0.0
2870,9932.434421189266
2014,7884.93723503668
1158,7884.93723503668
302,7884.93723503668
40535,6975.77403585648
39679,0.0
38823,10030.170339693523
37967,7916.8121380603125
37111,7486.840230716028
36255,7486.840230716028
35399,7486.840230716028
34543,6975.77403585648
33687,0.0
32831,5472.825154178932
31975,5472.825154178932
31119,5472.825154178932
30263,5472.825154178932
29407,6382.72014058147
28551,6975.77403585648
27695,0.0
26839,10030.170339693523
25983,7916.8121380603125
25127,7486.840230716028
24271,7486.840230716028
23415,7486.840230716028
22559,6975.77403585648
21703,0.0
20847,5472.825154178932
19991,5472.825154178932
19135,5472.825154178932
18279,5472.825154178932
17423,6382.72014058147
16567,6975.77403585648
15711,0.0
14855,10164.026829761167
13999,7989.283920795433
13143,8746.679260298853
12287,7954.463037343611
11431,7486.840230716028
10575,6975.77403585648
9719,0.0
8863,5472.825154178932
8007,5472.825154178932
7151,5472.825154178932
6295,5472.825154178932
5439,6382.72014058147
4583,6975.77403585648
3727,0.0
2871,10030.170339693523
2015,7916.8121380603125
1159,7486.840230716028
303,7486.840230716028
40536,3510.5511895122195
39680,0.0
38824,6131.544152913559
37968,6603.303746385517
37112,6056.126638576548
36256,6056.126638576548
35400,6056.126638576548
34544,3510.5511895122195
33688,0.0
32832,5110.930554936704
31976,5110.930554936704
31120,5110.930554936704
30264,5110.930554936704
29408,5109.961353545453
28552,3510.5511895122195
27696,0.0
26840,6102.221771764458
25984,6603.303746385517
25128,6056.126638576548
24272,6056.126638576548
23416,6056.126638576548
22560,3510.5511895122195
21704,0.0
20848,5110.930554936704
19992,5110.930554936704
19136,5110.930554936704
18280,5110.930554936704
17424,5109.961353545453
16568,3510.5511895122195
15712,0.0
14856,6148.938939602125
14000,6691.647081517984
13144,7546.630466113504
12288,6520.049063456938
11432,6056.126638576548
10576,3510.5511895122195
9720,0.0
8864,5110.930554936704
8008,5110.930554936704
7152,5110.930554936704
6296,5110.930554936704
5440,5109.961353545453
4584,3510.5511895122195
3728,0.0
2872,6102.221771764458
2016,6603.303746385517
1160,6056.126638576548
304,6056.126638576548
40537,5283.820940885463
39681,0.0
38825,10277.063285079905
37969,8405.579715948908
37113,7595.300123061306
36257,7477.905214315162
35401,7367.892055518354
34545,5260.155245658746
33689,0.0
32833,5202.355270689235
31977,5202.355270689235
31121,5202.355270689235
30265,5202.355270689235
29409,5254.173062668126
28553,5271.887016492079
27697,0.0
26841,9835.199481868714
25985,8340.582094229985
25129,7268.6465915646595
24273,7254.334540926843
23417,7208.303962553699
22561,5250.5428877042
21705,0.0
20849,5183.833665085786
19993,5183.833665085786
19137,5183.833665085786
18281,5202.126811938933
17425,5456.729251972528
16569,5485.4018800825925
15713,0.0
14857,9990.94909808141
14001,8685.062294500887
13145,8175.806820330179
12289,7775.088236295636
11433,7517.361468457737
10577,5283.820940885463
9721,0.0
8865,5202.355270689235
8009,5202.355270689235
7153,5202.355270689235
6297,5202.355270689235
5441,5242.4412918347925
4585,5260.155245658746
3729,0.0
2873,9793.96238380474
2017,8328.450382521078
1161,7358.556855365629
305,7302.455166453175
40538,5765.108087660457
39682,0.0
38826,8316.77053228724
37970,6420.385331505235
37114,6400.1268014290445
36258,6227.940840383237
35402,6190.272070541966
34546,5674.047393863514
33690,0.0
32834,4516.761597350229
31978,4490.510426396999
31122,4526.24988712146
30266,4577.36886343926
29410,4959.521347469502
28554,5477.368585172206
27698,0.0
26842,8021.470165218414
25986,6067.228831069157
25130,6052.856375514622
24274,6037.633954879701
23418,6054.37626257201
22562,5558.544792390912
21706,0.0
20850,4608.503873437433
19994,4621.792208892827
19138,4657.90634188946
18282,4653.360574693693
17426,5028.441449954163
16570,5568.597570168689
15714,0.0
14858,10909.269140510454
14002,8238.920159110356
13146,8463.043219900774
12290,6764.7197170869895
11434,6413.789066430478
10578,5734.40319635611
9722,0.0
8866,4596.485094046771
8010,4521.28164346957
7154,4477.053507993933
6298,4449.048469513894
5442,4798.585727756852
4586,5446.253125686039
3730,0.0
2874,8303.61739058789
2018,6067.228831069157
1162,6041.345264403512
306,6026.122843768591
40539,3117.4379396944223
39683,0.0
38827,8687.689228340541
37971,7119.798372615844
37115,6952.446084953636
36259,6863.246888714703
35403,6863.246888714703
34547,2961.704223697055
33691,0.0
32835,4595.543540563898
31979,4595.543540563898
31123,4590.115189095296
30267,4590.115189095296
29411,4863.61224454761
28555,0.0
27699,0.0
26843,8772.006496493033
25987,6881.10893351149
25131,6747.370420681122
24275,6747.370420681122
23419,6744.528429940381
22563,4533.580652292123
21707,0.0
20851,4707.611531699907
19995,4707.611531699907
19139,4707.611531699907
18283,4707.611531699907
17427,5346.122902865239
16571,4548.243563368156
15715,0.0
14859,9748.835048201843
14003,6991.833029701588
13147,6952.983535430764
12291,6877.058347938185
11435,6732.834351545418
10579,4540.515895197367
9723,0.0
8867,4705.24042528694
8011,4705.24042528694
7155,4705.24042528694
6299,4705.24042528694
5443,4983.254018390135
4587,4522.077741083105
3731,0.0
2875,9060.003082223264
2019,6881.343811246367
1163,6747.605298416
307,6747.605298416
40540,4426.172985044501
39684,0.0
38828,9829.558515914518
37972,7615.219541461519
37116,7176.771495917604
36260,7176.771495917604
35404,7176.771495917604
34548,4426.172985044501
33692,0.0
32836,5905.559551722301
31980,5905.559551722301
31124,5905.559551722301
30268,5905.559551722301
29412,5920.7462108877035
28556,4426.172985044501
27700,0.0
26844,9829.558515914518
25988,7615.219541461519
25132,7176.771495917604
24276,7176.771495917604
23420,7176.771495917604
22564,4426.172985044501
21708,0.0
20852,5905.559551722301
19996,5905.559551722301
19140,5905.559551722301
18284,5905.559551722301
17428,5920.7462108877035
16572,4426.172985044501
15716,0.0
14860,10027.712704387895
14004,7680.835758578046
13148,8176.7449238058225
12292,7533.541512771071
11436,7176.771495917604
10580,4426.172985044501
9724,0.0
8868,5905.559551722301
8012,5905.559551722301
7156,5905.559551722301
6300,5905.559551722301
5444,5920.7462108877035
4588,4426.172985044501
3732,0.0
2876,9829.558515914518
2020,7615.219541461519
1164,7176.771495917604
308,7176.771495917604
40541,4081.219095105986
39685,0.0
38829,8510.70205636554
37973,6790.2221694421205
37117,6736.618836733836
36261,6642.453269419632
35405,6642.453269419632
34549,4081.219095105986
33693,0.0
32837,4779.289141904945
31981,4779.289141904945
31125,4779.289141904945
30269,4779.289141904945
29413,4335.3678609796725
28557,4081.219095105986
27701,0.0
26845,7834.817446525792
25989,6658.092113098448
25133,6642.453269419632
24277,6642.453269419632
23421,6642.453269419632
22565,4081.219095105986
21709,0.0
20853,4827.094160487385
19997,4827.094160487385
19141,4827.094160487385
18285,4835.102849946075
17429,4387.018078585595
16573,4120.480969423931
15717,0.0
14861,13782.577072464717
14005,7323.123951622272
13149,7328.556942349958
12293,7126.538760865608
11437,6931.634259905
10581,4081.219095105986
9725,0.0
8869,4827.094160487385
8013,4827.094160487385
7157,4827.094160487385
6301,4835.102849946075
5445,4335.3678609796725
4589,4081.219095105986
3733,0.0
2877,8621.699997856871
2021,6823.467488887549
1165,6807.828645208732
309,6807.828645208732
40542,3980.348485568285
39686,0.0
38830,8434.422712740161
37974,7162.693105030206
37118,6969.663354209408
36262,6969.663354209408
35406,6969.663354209408
34550,3957.345328732675
33694,0.0
32838,3957.763603720412
31982,3932.8056758763987
31126,3932.8056758763987
30270,3932.8056758763987
29414,3941.854769353971
28558,3925.8720153785257
27702,0.0
26846,8434.422712740161
25990,7162.693105030206
25134,6969.663354209408
24278,6969.663354209408
23422,6969.663354209408
22566,3922.399937029945
21710,0.0
20854,3935.1942473049703
19998,3935.1942473049703
19142,3935.1942473049703
18286,3935.1942473049703
17430,3951.3107950676267
16574,3958.6395214603076
15718,0.0
14862,9069.724402148162
14006,7164.006973920221
13150,7111.287967893246
12294,7067.655113394669
11438,6969.663354209408
10582,3957.345328732675
9726,0.0
8870,3970.0852703870783
8014,3970.0852703870783
7158,3957.763603720412
6302,3957.763603720412
5446,3941.854769353971
4590,3925.8720153785257
3734,0.0
2878,8434.422712740161
2022,7162.693105030206
1166,6969.663354209408
310,6969.663354209408
40543,7006.23503460876
39687,0.0
38831,8519.11689237099
37975,7239.473378756767
37119,7228.323120617492
36263,7164.9368244058505
35407,7164.9368244058505
34551,6869.911075417944
33695,0.0
32839,5409.90211696173
31983,5409.90211696173
31127,5409.90211696173
30271,5409.90211696173
29415,6799.231539612666
28559,6869.911075417944
27703,0.0
26847,8720.058578303617
25991,7169.404205701053
25135,7164.9368244058505
24279,7149.600059699967
23423,7149.600059699967
22567,6869.911075417944
21711,0.0
20855,5409.90211696173
19999,5409.90211696173
19143,5409.90211696173
18287,5409.90211696173
17431,6789.815727272472
16575,6896.386243846019
15719,0.0
14863,7751.0183729467135
14007,7401.927729430235
13151,7599.1493587668665
12295,7680.600345983487
11439,7411.066452441716
10583,6918.020541750442
9727,0.0
8871,5409.90211696173
8015,5409.90211696173
7159,5409.90211696173
6303,5409.90211696173
5447,6799.231539612666
4591,6869.911075417944
3735,0.0
2879,8664.994268901557
2023,7345.464660681205
1167,7340.997279386002
311,7340.997279386002
40544,2642.4852973916336
39688,0.0
38832,7736.904508366736
37976,7410.444046901205
37120,7067.102699002894
36264,7067.102699002894
35408,7067.102699002894
34552,2503.4700563964166
33696,0.0
32840,3328.8088964641806
31984,3328.8088964641806
31128,3328.8088964641806
30272,3328.8088964641806
29416,3581.450810782058
28560,0.0
27704,0.0
26848,8891.840336829762
25992,7363.953018704482
25136,7052.656598085867
24280,7052.656598085867
23424,7052.656598085867
22568,3680.2887056298455
21712,0.0
20856,3438.1743993330615
20000,3438.1743993330615
19144,3438.1743993330615
18288,3438.1743993330615
17432,3746.7792620710056
16576,3680.2887056298455
15720,0.0
14864,9524.004948296384
14008,7325.68736270578
13152,7227.6137729501315
12296,7163.485060206784
11440,7052.656598085867
10584,3680.2887056298455
9728,0.0
8872,3438.1743993330615
8016,3438.1743993330615
7160,3438.1743993330615
6304,3438.1743993330615
5448,3721.234455455041
4592,3680.2887056298455
3736,0.0
2880,8982.98129782583
2024,7363.953018704482
1168,7052.656598085867
312,7052.656598085867
40545,4749.834461450936
39689,0.0
38833,7335.897737732457
37977,6333.477842145587
37121,6294.890612716789
36265,6287.287894501498
35409,6287.287894501498
34553,4476.198490873066
33697,0.0
32841,5028.167545558192
31985,5011.743390724833
31129,5005.280624044
30273,5005.280624044
29417,5141.12325833905
28561,4465.954324859909
27705,0.0
26849,7331.274126621346
25993,6329.749012819185
25137,6287.287894501498
24281,6287.287894501498
23425,6287.287894501498
22569,4465.954324859909
21713,0.0
20857,4998.749729278351
20001,4998.749729278351
19145,4998.749729278351
18289,5005.825860895272
17433,5604.292985706049
16577,4960.2386724695125
15721,0.0
14865,7564.21910577123
14009,6390.036544914805
13153,6441.847618984827
12297,6399.759730065059
11441,6294.890612716789
10585,4476.198490873066
9729,0.0
8873,5074.729659560293
8017,5074.729659560293
7161,5047.889637095689
6305,5028.167545558192
5449,5141.12325833905
4593,4472.485219625559
3737,0.0
2881,7343.419524758161
2025,6329.749012819185
1169,6287.287894501498
313,6287.287894501498
40546,6361.117991671108
39690,0.0
38834,8928.133169995033
37978,7653.632976834078
37122,7639.4738666627845
36266,7549.925520707964
35410,7549.925520707964
34554,6100.173011650037
33698,0.0
32842,5259.8672451740285
31986,5259.8672451740285
31130,5259.8672451740285
30274,5259.8672451740285
29418,6048.225949081426
28562,6100.173011650037
27706,0.0
26850,8633.712379355538
25994,7554.6253133697855
25138,7549.925520707964
24282,7549.925520707964
23426,7549.925520707964
22570,6100.173011650037
21714,0.0
20858,5259.8672451740285
20002,5259.8672451740285
19146,5259.8672451740285
18290,5259.8672451740285
17434,6064.635057185588
16578,6169.465516021745
15722,0.0
14866,13675.570930204201
14010,7802.0299140702655
13154,7868.229244555586
12298,7903.15626837289
11442,7640.608742524853
10586,6211.724869152927
9730,0.0
8874,5259.8672451740285
8018,5259.8672451740285
7162,5259.8672451740285
6306,5259.8672451740285
5450,6048.225949081426
4594,6100.173011650037
3738,0.0
2882,8768.341963203047
2026,7554.6253133697855
1170,7549.925520707964
314,7549.925520707964
40547,6271.660972545245
39691,0.0
38835,10227.886990294945
37979,8316.150795791287
37123,8019.542659498311
36267,7707.809626070118
35411,7707.097139028859
34555,5725.717547030937
33699,0.0
32843,5624.374062125673
31987,5542.98029156728
31131,5593.313329068565
30275,5669.897282106982
29419,5715.0124284359135
28563,5584.712708582098
27707,0.0
26851,10041.561613166887
25995,8049.02277660004
25139,7755.716915622485
24283,7505.416822543602
23427,7586.476956451655
22571,5602.199287919908
21715,0.0
20859,5714.496734423281
20003,5637.185772271657
19147,5711.409362222756
18291,5760.451084047443
17435,6110.142338866276
16579,6044.288277143833
15723,0.0
14867,11560.915189517442
14011,8242.352458558937
13155,8347.880115033502
12299,7943.285110744035
11443,7830.559624783844
10587,5928.241263953308
9731,0.0
8875,5845.239665044705
8019,5768.896396943838
7163,5595.555520996741
6307,5584.368913437633
5451,5651.897062872874
4595,5583.4003752904155
3739,0.0
2883,10650.050511647687
2027,8185.75811925574
1171,7775.795076525727
315,7567.895819321312
40548,8798.000634187356
39692,0.0
38836,10781.888448851734
37980,8091.425604314806
37124,8091.425604314806
36268,8091.425604314806
35412,8091.425604314806
34556,6703.311717946986
33700,0.0
32844,6699.831210447092
31988,6663.143028068358
31132,6663.143028068358
30276,6663.143028068358
29420,6663.143028068358
28564,6663.143028068358
27708,0.0
26852,10466.570474142072
25996,8091.425604314806
25140,8091.425604314806
24284,8091.425604314806
23428,8091.425604314806
22572,6663.143028068358
21716,0.0
20860,6663.143028068358
20004,6663.143028068358
19148,6663.143028068358
18292,6663.143028068358
17436,6775.341090885713
16580,7314.882303838894
15724,0.0
14868,11868.685200035716
14012,9896.824684261086
13156,10426.582034493465
12300,8091.425604314806
11444,8091.425604314806
10588,6846.775761131967
9732,0.0
8876,6732.263518223612
8020,6732.263518223612
7164,6699.831210447092
6308,6699.831210447092
5452,6663.143028068358
4596,6663.143028068358
3740,0.0
2884,10590.02557693358
2028,8091.425604314806
1172,8091.425604314806
316,8091.425604314806
40549,9458.461953306221
39693,0.0
38837,10005.853846920234
37981,8067.2685357082055
37125,8067.2685357082055
36269,8067.2685357082055
35413,8067.2685357082055
34557,8644.310587614089
33701,0.0
32845,7880.293521857601
31989,7917.40374938224
31133,7917.40374938224
30277,7917.40374938224
29421,8045.293914329115
28565,0.0
27709,0.0
26853,9778.20046310164
25997,8067.2685357082055
25141,8067.2685357082055
24285,8067.2685357082055
23429,8067.2685357082055
22573,8660.3946296526
21717,0.0
20861,7917.40374938224
20005,7917.40374938224
19149,7917.40374938224
18293,7917.40374938224
17437,8040.309309706479
16581,8705.99568061118
15725,0.0
14869,13416.553752327918
14013,9136.277652129806
13157,9261.0976520991
12301,8067.2685357082055
11445,8067.2685357082055
10589,8644.310587614089
9733,0.0
8877,7901.319707343731
8021,7901.319707343731
7165,7880.293521857601
6309,7880.293521857601
5453,8045.293914329115
4597,8660.3946296526
3741,0.0
2885,9972.771583787731
2029,8067.2685357082055
1173,8067.2685357082055
317,8067.2685357082055
40550,5253.288634012986
39694,0.0
38838,10063.70363641891
37982,7915.059160621985
37126,7757.187092974144
36270,7695.148427946825
35414,7695.148427946825
34558,5192.664122303365
33702,0.0
32846,6312.356608169198
31990,6279.076553774113
31134,6246.205695157261
30278,6246.205695157261
29422,6246.205695157261
28566,0.0
27710,0.0
26854,9736.339439305892
25998,7138.694368754412
25142,7013.912257870699
24286,7007.1093758289935
23430,6995.154653606772
22574,3889.1717629416253
21718,0.0
20862,5135.08453489489
20006,5103.3082783930895
19150,5086.873424740044
18294,5082.344386458064
17438,5034.543166901588
16582,3936.448861340885
15726,0.0
14870,10307.187039914596
14014,9818.84119430314
13158,10116.08962898798
12302,7191.550456578371
11446,7147.205967365667
10590,4171.811330010088
9734,0.0
8878,5172.203064323109
8022,5150.055639238934
7166,5127.718592603433
6310,5123.189554321452
5454,5063.848181915226
4598,3910.1664033605184
3742,0.0
2886,9634.33899301728
2030,7187.298123489115
1174,7062.311103562292
318,7007.229094443712
40551,7277.416900584184
39695,0.0
38839,8356.417753928758
37983,7722.871817013294
37127,7702.886609786394
36271,7586.87981140154
35415,7586.87981140154
34559,6841.9433760434595
33703,0.0
32847,5357.894344774846
31991,5357.894344774846
31135,5357.894344774846
30279,5357.894344774846
29423,6702.398147767036
28567,6805.554032938517
27711,0.0
26855,8429.09783359002
25999,7591.57960406336
25143,7586.87981140154
24287,7586.87981140154
23431,7586.87981140154
22575,6805.554032938517
21719,0.0
20863,5357.894344774846
20007,5357.894344774846
19151,5357.894344774846
18295,5357.894344774846
17439,6790.17843063599
16583,6914.6641211739325
15727,0.0
14871,13318.023651661666
14015,7711.988195517038
13159,7856.56978936374
12303,7910.009536142479
11447,7734.883387937687
10591,7001.765538361063
9735,0.0
8879,5357.894344774846
8023,5357.894344774846
7167,5357.894344774846
6311,5357.894344774846
5455,6702.398147767036
4599,6805.554032938517
3743,0.0
2887,8376.754412336195
2031,7591.57960406336
1175,7586.87981140154
319,7586.87981140154
40552,8227.29283819581
39696,0.0
38840,10250.530173787298
37984,7903.281848135802
37128,7903.281848135802
36272,7903.281848135802
35416,7903.281848135802
34560,6561.5921888171
33704,0.0
32848,6558.111681317206
31992,6521.423498938472
31136,6521.423498938472
30280,6521.423498938472
29424,6521.423498938472
28568,6521.423498938472
27712,0.0
26856,9938.915644862016
26000,7903.281848135802
25144,7903.281848135802
24288,7903.281848135802
23432,7903.281848135802
22576,6521.423498938472
21720,0.0
20864,6521.423498938472
20008,6521.423498938472
19152,6521.423498938472
18296,6521.423498938472
17440,6584.416952861497
16584,7072.198744304449
15728,0.0
14872,11286.216146479777
14016,9435.881213955501
13160,10035.067659676699
12304,7903.281848135802
11448,7903.281848135802
10592,6705.05623200208
9736,0.0
8880,6590.543989093725
8024,6590.543989093725
7168,6558.111681317206
6312,6558.111681317206
5456,6521.423498938472
4600,6521.423498938472
3744,0.0
2888,10003.478158251726
2032,7903.281848135802
1176,7903.281848135802
320,7903.281848135802
40553,8924.795226859009
39697,0.0
38841,10184.369766174226
37985,7694.665062990597
37129,7694.665062990597
36273,7694.665062990597
35417,7694.665062990597
34561,8424.54915430432
33705,0.0
32849,8149.356709274213
31993,8201.874598131553
31137,8201.874598131553
30281,8201.874598131553
29425,8223.127323144934
28569,8473.58653566177
27713,0.0
26857,9800.616197959036
26001,7694.665062990597
25145,7694.665062990597
24289,7694.665062990597
23433,7694.665062990597
22577,8473.58653566177
21721,0.0
20865,8201.874598131553
20009,8201.874598131553
19153,8201.874598131553
18297,8201.874598131553
17441,8194.302129783417
16585,8009.366392725039
15729,0.0
14873,11167.307418412438
14017,9584.413750888487
13161,10227.716670177479
12305,7694.665062990597
11449,7694.665062990597
10593,8485.092011969326
9737,0.0
8881,8152.657256075121
8025,8152.657256075121
7169,8149.356709274213
6313,8149.356709274213
5457,8223.127323144934
4601,8473.58653566177
3745,0.0
2889,10020.26050107919
2033,7694.665062990597
1177,7694.665062990597
321,7694.665062990597
40554,5992.086220746887
39698,0.0
38842,8302.837575359077
37986,7152.564431653471
37130,6941.280498260509
36274,6862.583792403465
35418,6862.583792403465
34562,5935.649043973652
33706,0.0
32850,5514.165809668882
31994,5514.165809668882
31138,5514.165809668882
30282,5514.165809668882
29426,5968.129751088007
28570,5935.649043973652
27714,0.0
26858,7726.085659668654
26002,7006.817456665504
25146,6893.213953779125
24290,6862.583792403465
23434,6862.583792403465
22578,5916.951200836396
21722,0.0
20866,5504.223746850546
20010,5504.223746850546
19154,5504.223746850546
18298,5504.223746850546
17442,6092.466541130721
16586,6291.252582908826
15730,0.0
14874,11183.53180080746
14018,7236.10701601496
13162,7217.183703256029
12306,7154.412043848917
11450,7010.5362870871495
10594,5935.649043973652
9738,0.0
8882,5514.165809668882
8026,5514.165809668882
7170,5514.165809668882
6314,5514.165809668882
5458,5968.129751088007
4602,5935.649043973652
3746,0.0
2890,8293.809782908413
2034,7006.817456665504
1178,6893.213953779125
322,6862.583792403465
40555,3503.452717568629
39699,0.0
38843,8671.01525539775
37987,6909.590137570058
37131,6560.758230019608
36275,6560.758230019608
35419,6560.758230019608
34563,3449.287720114998
33707,0.0
32851,4187.847591875608
31995,4187.847591875608
31139,4187.847591875608
30283,4187.847591875608
29427,4509.380905435568
28571,3449.287720114998
27715,0.0
26859,8645.085204892699
26003,6909.590137570058
25147,6560.758230019608
24291,6560.758230019608
23435,6560.758230019608
22579,3449.287720114998
21723,0.0
20867,4180.794126664069
20011,4180.794126664069
19155,4180.794126664069
18299,4188.8037108102135
17443,4898.522553129078
16587,3449.287720114998
15731,0.0
14875,9203.96493215511
14019,6927.1650527729735
13163,6747.7725697820315
12307,6594.186030138966
11451,6560.758230019608
10595,3449.287720114998
9739,0.0
8883,4187.847591875608
8027,4187.847591875608
7171,4187.847591875608
6315,4187.847591875608
5459,4509.380905435568
4603,3449.287720114998
3747,0.0
2891,8645.085204892699
2035,6923.455510240865
1179,6560.758230019608
323,6560.758230019608
40556,5723.2428104259625
39700,0.0
38844,10322.168581055885
37988,6910.246660469159
37132,6819.498161190659
36276,6852.255066322565
35420,6745.680404225403
34564,5645.138801635507
33708,0.0
32852,4543.242617620399
31996,4467.556452597756
31140,4434.184618875923
30284,4386.318041172481
29428,5568.216175758465
28572,0.0
27716,0.0
26860,7773.558005522742
26004,6360.943499032033
25148,6271.8448967493705
24292,6323.190996020469
23436,6467.073902023902
22580,9537.446945456446
21724,0.0
20868,7439.595051662667
20012,7410.515374015283
19156,7358.317717967626
18300,7358.317717967626
17444,8218.3527005955
16588,9572.622283921746
15732,0.0
14876,9067.406889185377
14020,6752.83255152255
13164,6744.1464007289
12308,6765.159996750559
11452,6765.159996750559
10596,9836.389795936395
9740,0.0
8884,7382.930448569471
8028,7330.1281271409
7172,7293.442375855147
6316,7296.058804426576
5460,8318.004192392627
4604,9819.77355705953
3748,0.0
2892,7875.378062641549
2036,6097.223225194761
1180,5996.145160608885
324,6032.076572039671
40557,14285.045628293272
39701,0.0
38845,9907.06138425591
37989,7995.553284066219
37133,8027.493073341281
36277,7956.466803046674
35421,7956.466803046674
34565,12515.089086961225
33709,0.0
32853,6552.414522134413
31997,6096.047225400934
31141,6002.599093185926
30285,6011.238423994007
29429,8880.908264233043
28573,12216.333952252733
27717,0.0
26861,9235.676050581304
26005,7985.114408462593
25149,7956.466803046674
24293,7956.466803046674
23437,7956.466803046674
22581,12091.00192861031
21725,0.0
20869,6394.595072474595
20013,6095.327896766531
19157,6018.159912702666
18301,6074.965777902279
17445,11270.617669182671
16589,14434.419982764342
15733,0.0
14877,10389.222514232006
14021,8243.17638329171
13165,8464.927817568474
12309,8399.380355242054
11453,7912.983378780453
10597,12552.042817767451
9741,0.0
8885,5561.534238832831
8029,5465.558615991621
7173,5338.5176384688475
6317,5290.3149614398035
5461,8417.112927347705
4605,12169.670450852174
3749,0.0
2893,9721.970498943703
2037,7893.206604805964
1181,7864.558999390044
325,7864.558999390044
40558,6658.899934880607
39702,0.0
38846,9192.59993099192
37990,7761.112261532325
37134,7761.112261532325
36278,7761.112261532325
35422,7761.112261532325
34566,4579.686854448835
33710,0.0
32854,4560.949072068163
31998,4440.601302123221
31142,4440.601302123221
30286,4440.601302123221
29430,4457.497235671109
28574,4468.195060566469
27718,0.0
26862,8780.13346439566
26006,7761.112261532325
25150,7761.112261532325
24294,7761.112261532325
23438,7761.112261532325
22582,4476.804061933907
21726,0.0
20870,4450.033049839107
20014,4447.477645620993
19158,4458.23357154692
18302,4453.348506611855
17446,4853.522961091475
16590,4779.7147257925635
15734,0.0
14878,9714.163778512564
14022,9444.086645400555
13166,9823.011219553044
12310,7761.112261532325
11454,7761.112261532325
10598,4738.591612555467
9742,0.0
8886,4633.171092580984
8030,4612.842076641968
7174,4543.7451129288875
6318,4543.7451129288875
5462,4469.941034458028
4606,4473.412734177579
3750,0.0
2894,9128.882091305046
2038,7761.112261532325
1182,7761.112261532325
326,7761.112261532325
40559,7711.85418196369
39703,0.0
38847,10138.155073602458
37991,8155.596438970186
37135,8186.912484676307
36279,8032.529029087317
35423,8015.508438120174
34567,7322.550838183882
33711,0.0
32855,6322.501911875291
31999,6309.51499478675
31143,6299.024600049908
30287,6293.323758950325
29431,6768.196297216253
28575,7322.550838183882
27719,0.0
26863,10096.59879651944
26007,7998.719978853677
25151,7998.719978853677
24295,7988.859372793071
23439,7988.859372793071
22583,7322.550838183882
21727,0.0
20871,6334.38138344797
20015,6328.132426244182
19159,6403.881195196926
18303,6432.668965208452
17447,7116.753832400013
16591,7585.394919944929
15735,0.0
14879,12421.124646703427
14023,8671.997986589391
13167,8632.3530974372
12311,8434.670992206698
11455,8132.283216221352
10599,7429.673989264827
9743,0.0
8887,6455.379076782121
8031,6455.379076782121
7175,6341.243847002461
6319,6318.679150292509
5463,6786.813728673685
4607,7322.550838183882
3751,0.0
2895,9880.301821560104
2039,8031.392518536217
1183,8031.392518536217
327,8021.531912475611
40560,2333.494484685551
39704,0.0
38848,5540.353641498016
37992,3992.211309391399
37136,3982.3791235990493
36280,3978.3505521704774
35424,4018.9493675299545
34568,2266.908706060441
33712,0.0
32856,3178.202222453704
32000,3152.063912247428
31144,3131.490133248649
30288,3122.4326204195545
29432,3128.7190681922125
28576,2217.7275189248053
27720,0.0
26864,5067.629089484833
26008,3933.5758266812677
25152,3933.5758266812677
24296,3929.5472552526967
23440,3981.535554739158
22584,2203.054870951863
21728,0.0
20872,3115.3110370734553
20016,3104.9996794495974
19160,3104.9996794495974
18304,3124.523806345201
17448,3246.734444020847
16592,2223.7782731286043
15736,0.0
14880,6588.9688119466855
14024,8627.976637663802
13168,8682.006854916246
12312,3997.582865971019
11456,4028.7815533223043
10600,2293.30432884474
9744,0.0
8888,3164.4578749794728
8032,3154.146517355615
7176,3154.146517355615
6320,3138.2595730019734
5464,3128.7190681922125
4608,2236.01605935782
3752,0.0
2896,5144.1887313636635
2040,3957.137824813854
1184,3957.137824813854
328,3936.194874300315
40561,4672.3852132898155
39705,0.0
38849,7963.685487196705
37993,6795.079128261615
37137,6309.552167962176
36281,5530.602719585497
35425,5477.643877979412
34569,4672.3852132898155
33713,0.0
32857,4850.025138070458
32001,4806.356262409082
31145,4774.420220220316
30289,4587.397859322255
29433,4593.384927545438
28577,4533.862268665225
27721,0.0
26865,7874.091181291881
26009,6669.782626650363
25153,6142.716909703265
24297,5470.118024522891
23441,5464.545393808088
22585,4544.694706597662
21729,0.0
20873,4807.59912883485
20017,4807.59912883485
19161,4809.5533135793185
18305,4648.6626061523975
17449,4688.797122257308
16593,4608.192605512736
15737,0.0
14881,7852.289533862878
14025,6781.44997217305
13169,6300.546738328214
12313,5746.896354472686
11457,5664.29890811289
10601,4672.3852132898155
9745,0.0
8889,4916.708899983652
8033,4911.446399983653
7177,4860.718154001241
6321,4661.245467974497
5465,4597.1429368046975
4609,4534.070416813373
3753,0.0
2897,7934.9821635966155
2041,6661.621930770951
1185,6120.981559775415
329,5492.724909443525
40562,7216.850109678898
39706,0.0
38850,12539.365451300986
37994,10030.178456232961
37138,8885.128707147584
36282,8760.36100707861
35426,8655.96422035346
34570,7131.5131684628
33714,0.0
32858,7352.326138189612
32002,7148.425441672986
31146,7040.8076328850975
30290,7019.663625821227
29434,6946.1897863409895
28578,6646.78832103709
27722,0.0
26866,12975.2443199233
26010,9889.916063134371
25154,8453.292027027082
24298,8407.254799922679
23442,8420.75865293852
22586,6537.1829815322835
21730,0.0
20874,6942.024361604361
20018,6915.746159633918
19162,6889.067036002921
18306,6927.9363053876195
17450,7191.114413001682
16594,6897.606398906573
15738,0.0
14882,14253.191555216412
14026,9941.207745711055
13170,9108.168676757843
12314,8899.18198744815
11458,8648.460319202868
10602,7083.653827849712
9746,0.0
8890,7523.512041106141
8034,7483.969182466959
7178,7347.442980620059
6322,7280.225836097914
5466,7099.52402945844
4610,6791.395521667341
3754,0.0
2898,13086.535978362326
2042,9962.586195110402
1186,8559.546849742033
330,8486.522940413912
40563,6067.185866268756
39707,0.0
38851,8331.994145905905
37995,6897.680764754945
37139,6726.5134360452885
36283,6533.214928122132
35427,6533.214928122132
34571,5787.966570464589
33715,0.0
32859,5270.9803596298025
32003,5162.356774384975
31147,5111.82341717319
30291,5122.764708914831
29435,5701.513264342823
28579,0.0
27723,0.0
26867,8207.743358403017
26011,6582.54669389895
25155,6583.940449160775
24299,6597.958678327442
23443,6597.958678327442
22587,6097.690026766361
21731,0.0
20875,5422.180553654185
20019,5384.928814573234
19163,5360.54082922525
18307,5413.739525308756
17451,6003.748504263983
16595,6317.871817902274
15739,0.0
14883,13849.845109405846
14027,7147.253514798143
13171,7105.666321282488
12315,6891.590505194908
11459,6662.678268826195
10603,6272.869750320204
9747,0.0
8891,5345.494719310844
8035,5293.503485280397
7179,5283.791888821302
6323,5326.757681465654
5467,5973.700223140602
4611,6117.990407085551
3755,0.0
2899,7992.337832287894
2043,6437.639787813461
1187,6439.033543075287
331,6439.033543075287
40564,5263.328396146417
39708,0.0
38852,8146.785501597931
37996,6685.74912099384
37140,6685.7808371454
36284,6673.677034307899
35428,6926.616671264896
34572,5060.292472164947
33716,0.0
32860,3839.510005066155
32004,3839.510005066155
31148,3839.510005066155
30292,3839.510005066155
29436,5187.699458724422
28580,0.0
27724,0.0
26868,7777.606708802695
26012,6645.330079550774
25156,6645.361795702335
24300,6645.361795702335
23444,6890.247013467411
22588,5678.658784074111
21732,0.0
20876,4653.6341888211045
20020,4653.6341888211045
19164,4653.6341888211045
18308,4653.6341888211045
17452,5973.855097469933
16596,6055.106420943445
15740,0.0
14884,10618.558560136698
14028,6680.01019470695
13172,6715.047253530479
12316,6699.12298799347
11460,6933.327817861135
10604,6022.106775594886
9748,0.0
8892,4716.609207612835
8036,4716.609207612835
7180,4716.609207612835
6324,4716.609207612835
5468,5929.235811617983
4612,5943.412326062697
3756,0.0
2900,8249.81813529772
2044,6512.059132728297
1188,6512.090848879858
332,6512.090848879858
40565,8340.115167293205
39709,0.0
38853,10621.682077489435
37997,7984.363162278127
37141,7984.363162278127
36285,7984.363162278127
35429,7984.363162278127
34573,6585.732967575111
33717,0.0
32861,6582.252460075217
32005,6545.564277696483
31149,6545.564277696483
30293,6545.564277696483
29437,6545.564277696483
28581,0.0
27725,0.0
26869,10613.376396828737
26013,7984.363162278127
25157,7984.363162278127
24301,7984.363162278127
23445,7984.363162278127
22589,6649.151718865303
21733,0.0
20877,6649.151718865303
20021,6649.151718865303
19165,6649.151718865303
18309,6649.151718865303
17453,6716.1437967601705
16597,7064.356591904788
15741,0.0
14885,11621.850715472376
14029,9262.499049861812
13173,10118.309532674171
12317,7984.363162278127
11461,7984.363162278127
10605,6962.682244373987
9749,0.0
8893,6718.272209020555
8037,6718.272209020555
7181,6685.839901244037
6325,6685.839901244037
5469,6649.151718865303
4613,6649.151718865303
3757,0.0
2901,10668.199190002726
2045,7984.363162278127
1189,7984.363162278127
333,7984.363162278127
40566,9527.796225945469
39710,0.0
38854,10244.790237723639
37998,7884.93723503668
37142,7884.93723503668
36286,7884.93723503668
35430,7884.93723503668
34574,8360.001838154443
33718,0.0
32862,7864.885860524897
32006,7917.40374938224
31150,7917.40374938224
30294,7917.40374938224
29438,7988.9281977614755
28582,8409.03921951189
27726,0.0
26870,9906.049267609598
26014,7884.93723503668
25158,7884.93723503668
24302,7884.93723503668
23446,7884.93723503668
22590,8409.03921951189
21734,0.0
20878,7917.40374938224
20022,7917.40374938224
19166,7917.40374938224
18310,7917.40374938224
17454,7974.960748648062
16598,8600.654256084626
15742,0.0
14886,11574.281344523963
14030,9689.71634427601
13174,10177.858594303032
12318,7884.93723503668
11462,7884.93723503668
10606,8503.465881339424
9750,0.0
8894,7897.318168301416
8038,7897.318168301416
7182,7864.885860524897
6326,7864.885860524897
5470,7988.9281977614755
4614,8409.03921951189
3758,0.0
2902,10038.906753221085
2046,7884.93723503668
1190,7884.93723503668
334,7884.93723503668
40567,9960.926010523364
39711,0.0
38855,15297.386216306615
37999,12994.494991871725
37143,11599.880527361243
36287,11353.979978065718
35431,11338.07278329581
34575,8117.9630481960485
33719,0.0
32863,11436.000420222717
32007,11405.331389726958
31151,11353.538377430612
30295,11464.98253645288
29439,11592.27053932814
28583,8124.1991149892065
27727,0.0
26871,15257.736441204266
26015,12929.402673206214
25159,11539.52650157496
24303,11282.662260465628
23447,11275.531732362386
22591,8113.679713235988
21735,0.0
20879,11373.918128170719
20023,11543.305107866034
19167,11507.967007417099
18311,11489.818381518086
17455,11665.996622812334
16599,8891.637179385601
15743,0.0
14887,15111.501201906525
14031,12739.881014449305
13175,11594.689011087426
12319,10906.581822057646
11463,11382.054449962478
10607,8443.37163525251
9751,0.0
8895,11766.76246072079
8039,11731.469005621855
7183,11420.157751700175
6327,11212.272801538667
5471,11296.459685671562
4615,8130.8141934767855
3759,0.0
2903,15264.680330093155
2047,12952.756666144387
1191,11563.780527361243
335,11309.10331139905
40568,7681.24098092136
39712,1642.3845330132833
38856,9906.314467289903
38000,8537.447932297362
37144,8537.447932297362
36288,8537.447932297362
35432,8537.447932297362
34576,6802.491538351292
33720,1592.4858463618498
32864,6811.588729385997
32008,6774.9005470072625
31152,6774.9005470072625
30296,6774.9005470072625
29440,6774.9005470072625
28584,6774.9005470072625
27728,1536.3449486484521
26872,9199.95548915928
26016,8537.447932297362
25160,8537.447932297362
24304,8537.447932297362
23448,8537.447932297362
22592,6774.9005470072625
21736,1525.5678968229627
20880,6774.9005470072625
20024,6774.9005470072625
19168,6774.9005470072625
18312,6774.9005470072625
17456,6853.131857983209
16600,6622.633644874458
15744,1540.5035488792396
14888,10100.992359861491
14032,8902.862841332098
13176,9920.810421807575
12320,8537.447932297362
11464,8537.447932297362
10608,6935.724907732841
9752,1615.9427204277206
8896,6831.443338627917
8040,6831.443338627917
7184,6811.588729385997
6328,6811.588729385997
5472,6774.9005470072625
4616,6774.9005470072625
3760,1539.1878126825661
2904,9790.115017067192
2048,8537.447932297362
1192,8537.447932297362
336,8537.447932297362
40569,3852.452962716275
39713,0.0
38857,11383.127001113022
38001,6758.421709710758
37145,6667.680989242348
36289,6352.384153216048
35433,6352.384153216048
34577,3816.552165365478
33721,0.0
32865,5044.5838219706775
32009,5019.953650807367
31153,4909.005970991161
30297,4877.425680694275
29441,4951.271708963771
28585,0.0
27729,0.0
26873,10224.633007298744
26017,6250.44326454274
25161,6227.808659421667
24305,6227.808659421667
23449,6227.808659421667
22593,3956.0059424094475
21737,0.0
20881,4947.2374847409355
20025,4954.644536022985
19169,4919.565420016037
18313,4972.038648678498
17457,5326.86467159112
16601,3956.0059424094475
15745,0.0
14889,11323.345359377177
14033,7487.962130235237
13177,7547.218859714909
12321,7160.035640952268
11465,6618.416689737748
10609,3980.7585257427804
9753,0.0
8897,5076.032671843595
8041,5064.61954768705
7185,5026.1112624601055
6329,5032.140380171876
5473,5012.533520300968
4617,3956.0059424094475
3761,0.0
2905,11332.44510567596
2049,6250.44326454274
1193,6239.98863378064
337,6239.98863378064
40570,2290.0520679805295
39714,0.0
38858,5584.843003268819
38002,4942.176948689253
37146,5049.845158000592
36290,5008.49422452207
35434,5001.613236556232
34578,2188.4282144039926
33722,0.0
32866,2990.513043921383
32010,2787.921210262495
31154,2805.5604537662666
30298,2799.599868356664
29442,2816.5128530208776
28586,2169.247196814497
27730,0.0
26874,5566.03661437993
26018,4942.176948689253
25162,5042.964170034754
24306,5001.613236556232
23450,5001.613236556232
22594,2166.989225800004
21738,0.0
20882,2983.5684595976213
20026,2813.8165840128027
19170,2807.799019910238
18314,2801.5435577253643
17458,2825.4910150247865
16602,2180.2951975134756
15746,0.0
14890,5695.176891322803
14034,5120.917972996134
13178,6476.936775729669
12322,5658.550284317247
11466,5008.49422452207
10610,2236.9865470105387
9754,0.0
8898,3050.404810725852
8042,2869.3564044301074
7186,2839.141727830955
6330,2832.886265646081
5474,2824.9140253274545
4618,2174.4154375552375
3762,0.0
2906,5584.843003268819
2050,4942.176948689253
1194,5042.964170034754
338,5001.613236556232
40571,6232.379430069702
39715,0.0
38859,7509.684608728683
38003,6975.96267283621
37147,6744.827209792539
36291,6722.151267450976
35435,6722.151267450976
34579,6232.379430069702
33723,0.0
32867,5251.066951285786
32011,5251.066951285786
31155,5251.066951285786
30299,5251.066951285786
29443,5981.654032240911
28587,6232.379430069702
27731,0.0
26875,7447.409891657927
26019,6957.257142756292
25163,6726.121679712621
24307,6712.969144492891
23451,6712.969144492891
22595,6232.379430069702
21739,0.0
20883,5251.066951285786
20027,5251.066951285786
19171,5251.066951285786
18315,5251.066951285786
17459,5981.654032240911
16603,6232.379430069702
15747,0.0
14891,7670.780507516383
14035,7092.287060840389
13179,7132.774066170751
12323,6944.8532094627535
11467,6731.6746745728105
10611,6232.379430069702
9755,0.0
8899,5251.066951285786
8043,5251.066951285786
7187,5251.066951285786
6331,5251.066951285786
5475,5981.654032240911
4619,6232.379430069702
3763,0.0
2907,7502.241544645924
2051,6957.257142756292
1195,6726.121679712621
339,6712.969144492891
40572,6792.548817518523
39716,0.0
38860,9265.976835353504
38004,7510.089796505522
37148,7206.285393224607
36292,7206.285393224607
35436,7206.285393224607
34580,6792.548817518523
33724,0.0
32868,5341.521881546968
32012,5341.521881546968
31156,5341.521881546968
30300,5341.521881546968
29444,6237.707319872279
28588,6792.548817518523
27732,0.0
26876,9265.976835353504
26020,7510.089796505522
25164,7206.285393224607
24308,7206.285393224607
23452,7206.285393224607
22596,6792.548817518523
21740,0.0
20884,5341.521881546968
20028,5341.521881546968
19172,5341.521881546968
18316,5341.521881546968
17460,6237.707319872279
16604,6792.548817518523
15748,0.0
14892,9314.220605775063
14036,7660.450934604941
13180,8600.555705319506
12324,7722.644797257733
11468,7206.285393224607
10612,6792.548817518523
9756,0.0
8900,5341.521881546968
8044,5341.521881546968
7188,5341.521881546968
6332,5341.521881546968
5476,6237.707319872279
4620,6792.548817518523
3764,0.0
2908,9265.976835353504
2052,7510.089796505522
1196,7206.285393224607
340,7206.285393224607
40573,10082.459794278575
39717,0.0
38861,8407.522184535108
38005,7403.979865890878
37149,6752.101972126688
36293,6745.0994352544885
35437,6745.0994352544885
34581,9082.349504621563
33725,0.0
32869,9330.106079452438
32013,8851.147722907872
31157,8786.085586155736
30301,8777.593161913312
29445,8750.761737152156
28589,9079.155558105118
27733,0.0
26877,8399.397740090664
26021,7403.979865890878
25165,6752.101972126688
24309,6745.0994352544885
23453,6745.0994352544885
22597,9049.467635677565
21741,0.0
20885,9153.26968508657
20029,8822.577960856757
19173,8803.65653228533
18317,8795.164108042905
17461,9490.908245458273
16605,9863.107746018639
15749,0.0
14893,8632.189196977486
14037,7438.3661525231255
13181,7002.7005900629
12325,6933.131834982647
11469,6745.0994352544885
10613,9165.606316113119
9757,0.0
8901,9734.027465200608
8045,9311.561223532044
7189,9046.612103349742
6333,9022.764456885097
5477,8816.231893847313
4621,9052.517924072485
3765,0.0
2909,8333.322480592817
2053,7394.632760137325
1197,6742.754866373137
341,6735.752329500936
40574,11103.567405062857
39718,0.0
38862,9561.83160989675
38006,8714.244883927557
37150,8654.138144089558
36294,8619.883588228751
35438,8670.84021376325
34582,10671.323261629277
33726,0.0
32870,7359.94557039947
32014,7364.499528335818
31158,7148.989027696569
30302,7121.244348186264
29446,8110.752644625268
28590,10559.345591561249
27734,0.0
26878,9381.767555476994
26022,8575.660252177404
25166,8507.995726768526
24310,8495.875575253374
23454,8588.743084796975
22598,10545.400030363187
21742,0.0
20886,7142.8335563748
20030,7110.350312806695
19174,7070.50439477779
18318,7104.103778204243
17462,8412.629344586194
16606,10540.264790122948
15750,0.0
14894,9298.988998316474
14038,8722.955657892786
13182,8740.815416519798
12326,8648.835125435071
11470,8652.730819448283
10614,10770.34321352468
9758,0.0
8902,7235.558237818763
8046,7201.838106032015
7190,7154.9559525078685
6334,7115.382488194405
5478,8181.981186344985
4622,10621.528131243791
3766,0.0
2910,9335.94295300192
2054,8558.946859789523
1198,8491.282334380645
342,8479.162182865493
40575,2845.5215975815677
39719,0.0
38863,7716.816927915423
38007,6367.211206759932
37151,5975.765621167725
36295,5774.748021559954
35439,5773.389744915965
34583,2810.993098923513
33727,0.0
32871,4540.591379980101
32015,4516.138238445709
31159,4529.674271856742
30303,4536.490012597484
29447,4697.800961921318
28591,2793.013739649375
27735,0.0
26879,7278.014190112782
26023,6001.80723696737
25167,5745.314329623864
24311,5749.010361369895
23455,5741.347287017347
22599,2748.8360098763164
21743,0.0
20887,4552.0098070745935
20031,4527.556665540203
19175,4532.749454001741
18319,4583.901239884386
17463,4956.556884357016
16607,3074.7187758266646
15751,0.0
14895,8524.527596061347
14039,6497.632436841716
13183,6347.048388379674
12327,6230.034246302521
11471,5964.266076468262
10615,2801.6690681523896
9759,0.0
8903,4547.237379028032
8047,4522.784237493641
7191,4525.092072251475
6335,4531.907812992216
5479,4604.080359596767
4623,2793.1755014218656
3767,0.0
2911,7677.731639869924
2055,5998.926791918592
1199,5759.025282004817
343,5749.010361369895
40576,5544.790869241565
39720,0.0
38864,8424.276018332233
38008,6659.998177751954
37152,6592.223469116263
36296,6579.9974021717635
35440,6579.9974021717635
34584,5307.632171486448
33728,0.0
32872,5193.625070793829
32016,5041.305646305464
31160,5023.761968902039
30304,5057.99701682525
29448,5079.119851249108
28592,5207.693377009949
27736,0.0
26880,8362.226036750139
26024,6659.998177751954
25168,6592.223469116263
24312,6579.9974021717635
23456,6579.9974021717635
22600,5169.413274113367
21744,0.0
20888,5266.0725791443965
20032,5090.803131790021
19176,5043.622576997649
18320,5022.752065156548
17464,5127.616269049732
16608,5273.450077780521
15752,0.0
14896,9122.061306560952
14040,10845.607732484623
13184,11479.971092365835
12328,6984.957099735277
11472,6984.957099735277
10616,5375.425826694397
9760,0.0
8904,5465.76464030375
8048,5212.220680637631
7192,5005.454481940359
6336,4985.155409493198
5480,5035.066214393807
4624,5188.7332565748275
3768,0.0
2912,8149.831644098181
2056,7045.12980091389
1200,6991.648345526523
344,6984.957099735277
40577,7447.638380651965
39721,0.0
38865,10186.607089769223
38009,7813.646755609896
37153,7813.646755609896
36297,7813.646755609896
35441,7813.646755609896
34585,5760.829282089022
33729,0.0
32873,5757.348774589128
32017,5683.281351596596
31161,5683.281351596596
30305,5683.281351596596
29449,5683.281351596596
28593,5683.281351596596
27737,0.0
26881,9879.61551835077
26025,7813.646755609896
25169,7813.646755609896
24313,7813.646755609896
23457,7813.646755609896
22601,5683.281351596596
21745,0.0
20889,5683.281351596596
20033,5683.281351596596
19177,5683.281351596596
18321,5683.281351596596
17465,5974.178672062103
16609,6049.337334819621
15753,0.0
14897,11309.393974221173
14041,9668.760130478651
13185,10436.535913695161
12329,7813.646755609896
11473,7813.646755609896
10617,5907.359705891592
9761,0.0
8905,5789.781082365647
8049,5789.781082365647
7193,5757.348774589128
6337,5757.348774589128
5481,5683.281351596596
4625,5683.281351596596
3769,0.0
2913,10051.7866735814
2057,7813.646755609896
1201,7813.646755609896
345,7813.646755609896
40578,9256.604436581936
39722,0.0
38866,15746.468740666347
38010,13450.587624430695
37154,12568.089849285916
36298,11947.448546630503
35442,11470.42706021265
34586,9119.07603951604
33730,0.0
32874,9847.753022186147
32018,9819.868225739903
31162,9804.412733015035
30306,9855.758794777348
29450,9550.332223424723
28594,8544.419607383357
27738,0.0
26882,15294.713478503247
26026,12662.595558643072
25170,11879.600907201799
24314,11494.553777746358
23458,11169.321797626117
22602,8511.65919328493
21746,0.0
20890,9789.532247197245
20034,9717.825391857315
19178,9705.051803894352
18322,9674.23539336044
17466,9382.578318625816
16610,8522.588827817064
15754,0.0
14898,15888.07413365236
14042,13543.012753681052
13186,12804.008258710495
12330,12266.069309722803
11474,11807.507743646962
10618,9065.273264282014
9762,0.0
8906,10000.330258329634
8050,9914.86542570855
7194,9749.378569856071
6338,9639.556442770194
5482,9355.864953888702
4626,8470.200784770785
3770,0.0
2914,15146.843693582505
2058,13168.995599418671
1202,12221.242139393567
346,11780.218646047726
40579,9837.32086756189
39723,0.0
38867,9023.88855880907
38011,7314.22482911593
37155,7261.485382142231
36299,7187.560600598745
35443,7187.560600598745
34587,9654.31914179307
33731,0.0
32875,7249.0213651772665
32019,7231.554281843933
31163,7187.598139167166
30307,7348.202383395162
29451,8419.173064221071
28595,9130.743148954285
27739,0.0
26883,8426.355250810182
26027,7121.854189565157
25171,7112.546153152829
24315,7112.546153152829
23459,7123.496153152829
22603,9164.04523158749
21747,0.0
20891,7259.203129246531
20035,7292.857295913198
19179,7415.218428669332
18323,7529.394200675104
17467,8498.552853688512
16611,9344.594450766035
15755,0.0
14899,9557.877824108724
14043,7454.49586006635
13187,7799.679754905495
12331,7734.907621224473
11475,7211.373042703603
10619,9641.956349130543
9763,0.0
8907,7146.517146953623
8051,7146.517146953623
7195,7150.366521953622
6339,7274.504793959395
5483,8296.774133648802
4627,8956.428411731413
3771,0.0
2915,8920.694613732423
2059,7082.741927660394
1203,7073.433891248066
347,7073.433891248066
40580,5494.429637953598
39724,0.0
38868,8962.184348079283
38012,7020.389092101173
37156,6660.016610214282
36300,6660.016610214282
35444,6660.016610214282
34588,5430.6589029709885
33732,0.0
32876,5155.547656661235
32020,5105.3616390917805
31164,5066.161539737078
30308,5100.906948827987
29452,5194.473908052369
28596,5454.360035125873
27740,0.0
26884,8957.17351474595
26028,7020.389092101173
25172,6660.016610214282
24316,6660.016610214282
23460,6660.016610214282
22604,5409.929227045063
21748,0.0
20892,5156.847769862672
20036,5149.025595357832
19180,5174.239734624429
18324,5173.021425657568
17468,5381.899246174451
16612,5525.236334628648
15756,0.0
14900,9751.44137310749
14044,7006.039271408066
13188,6864.347677286303
12332,6771.321861368201
11476,6660.016610214282
10620,5439.55493471702
9764,0.0
8908,5232.0969119487945
8052,5212.057647988919
7196,5144.1541225619285
6340,5118.213265196256
5484,5144.84592887832
4628,5455.068599940687
3772,0.0
2916,8957.17351474595
2060,7020.389092101173
1204,6660.016610214282
348,6660.016610214282
40581,2826.819730524029
39725,0.0
38869,7457.105043656761
38013,5638.257026244223
37157,5565.447769404334
36301,5566.403892570963
35445,5566.403892570963
34589,2741.0135973236775
33733,0.0
32877,4011.918513330156
32021,3979.9758740351294
31165,3950.3439726230376
30309,3974.2053831880608
29453,4009.779139322056
28597,2723.001744864671
27741,0.0
26885,6914.2503857042775
26029,5638.257026244223
25173,5565.447769404334
24317,5566.403892570963
23461,5566.403892570963
22605,2723.001744864671
21749,0.0
20893,3973.2221470139357
20037,3978.307310608731
19181,3992.3923769398502
18325,4105.198237479918
17469,4227.333822170087
16613,2748.011183879673
15757,0.0
14901,8583.129244779584
14045,8581.625724106192
13189,8407.095372494503
12333,5563.018526888164
11477,5563.018526888164
10621,2715.828392327287
9765,0.0
8909,4018.9421003924244
8053,3979.90171671575
7197,3933.013295987423
6341,3956.8747065524462
5485,3988.5966111818852
4629,2624.0754041455803
3773,0.0
2917,6962.719643503612
2061,5636.882770633996
1205,5577.945383448079
349,5563.018526888164
40582,7965.120133138652
39726,5130.921433855318
38870,11650.294807397227
38014,8121.088534648693
37158,8121.088534648693
36302,8121.088534648693
35446,8121.088534648693
34590,6816.482847554347
33734,5094.572630027567
32878,6825.580038589052
32022,6788.891856210318
31166,6788.891856210318
30310,6788.891856210318
29454,6788.891856210318
28598,6788.891856210318
27742,4998.732630305067
26886,11171.649287487087
26030,8121.088534648693
25174,8121.088534648693
24318,8121.088534648693
23462,8121.088534648693
22606,6788.891856210318
21750,4697.722208408066
20894,6788.891856210318
20038,6788.891856210318
19182,6788.891856210318
18326,6788.891856210318
17470,6920.243348914251
16614,6696.0985326139735
15758,4607.087730933785
14902,11751.130373644477
14046,9733.13098081832
13190,10819.335439209946
12334,8121.088534648693
11478,8121.088534648693
10622,6974.103137931567
9766,4258.821124863341
8910,6845.434647830973
8054,6845.434647830973
7198,6825.580038589052
6342,6825.580038589052
5486,6788.891856210318
4630,6788.891856210318
3774,4168.504007536223
2918,11142.857174729701
2062,8121.088534648693
1206,8121.088534648693
350,8121.088534648693
40583,8713.064994636943
39727,0.0
38871,9700.042268481733
38015,7877.1359106841255
37159,7877.1359106841255
36303,7877.1359106841255
35447,7877.1359106841255
34591,6574.817794642304
33735,0.0
32879,6571.33728714241
32023,6534.649104763676
31167,6534.649104763676
30311,6534.649104763676
29455,6534.649104763676
28599,6534.649104763676
27743,0.0
26887,9388.535431834627
26031,7877.1359106841255
25175,7877.1359106841255
24319,7877.1359106841255
23463,7877.1359106841255
22607,6534.649104763676
21751,0.0
20895,6534.649104763676
20039,6534.649104763676
19183,6534.649104763676
18327,6534.649104763676
17471,6582.509040638522
16615,7065.880927043141
15759,0.0
14903,10306.077883364489
14047,9030.481594680723
13191,9744.126368426454
12335,7886.029347501089
11479,7886.029347501089
10623,6719.7752032119
9767,0.0
8911,6603.769594918928
8055,6603.769594918928
7199,6571.33728714241
6343,6571.33728714241
5487,6534.649104763676
4631,6534.649104763676
3775,0.0
2919,9588.425142493526
2063,7886.029347501089
1207,7886.029347501089
351,7886.029347501089
40584,5887.784211023184
39728,0.0
38872,8991.13961162454
38016,8203.722927919867
37160,6751.240310475148
36304,6690.272803955768
35448,6463.332338968909
34592,4850.898723603228
33736,0.0
32880,5419.1750159267685
32024,5253.652202812738
31168,4992.611703897785
30312,4948.876285528287
29456,4898.111764024051
28600,4908.571233053734
27744,0.0
26888,8571.520176650474
26032,7439.584873095941
25176,6528.91459798292
24320,6498.661533156428
23464,6214.136874865216
22608,4882.75796526811
21752,0.0
20896,5153.215865534515
20040,5071.153056306705
19184,4998.372996349672
18328,4987.449138621591
17472,5275.81546868372
16616,5307.967732207234
15760,0.0
14904,8863.736075287976
14048,8330.601774696874
13192,8127.154019812095
12336,6989.7929142942985
11480,6545.9346505097965
10624,4918.082886963017
9768,0.0
8912,5401.535629926917
8056,5376.4226555932455
7200,5037.1768900785655
6344,5034.209434270485
5488,4943.1018136377925
4632,4872.440230672885
3776,0.0
2920,8575.198260146499
2064,7470.24251532927
1208,6650.869236124797
352,6634.013847250665
40585,5054.622667818766
39729,0.0
38873,7753.750898811954
38017,5997.296032888564
37161,5981.532412938642
36305,5885.426583710985
35449,5902.775907072809
34593,4842.967421710422
33737,0.0
32881,4404.367886354728
32025,4391.786630316082
31169,4391.786630316082
30313,4391.786630316082
29457,4949.691174351611
28601,0.0
27745,0.0
26889,7411.5076406752105
26033,5844.698149022447
25177,5855.748574416463
24321,5855.748574416463
23465,5873.097897778288
22609,5513.811549063281
21753,0.0
20897,4853.367266877257
20041,4853.367266877257
19185,4853.367266877257
18329,4853.367266877257
17473,5561.811773305133
16617,5610.57216921812
15761,0.0
14905,9866.04944402133
14049,5936.1059241661505
13193,6053.93381976474
12337,6094.172814598868
11481,5977.831011538929
10625,5605.365684361489
9769,0.0
8913,4851.66784883091
8057,4851.66784883091
7201,4851.66784883091
6345,4851.66784883091
5489,5552.047289492074
4633,5533.398362247003
3777,0.0
2921,7780.395036340981
2065,5855.931482355781
1209,5866.981907749797
353,5866.981907749797
40586,8834.30386785358
39730,0.0
38874,9533.348329717772
38018,7259.046316985119
37162,7002.836247006797
36306,7002.836247006797
35450,7002.836247006797
34594,8651.500552914285
33738,0.0
32882,5547.431026569257
32026,5520.078102850637
31170,5520.078102850637
30314,5520.078102850637
29458,6912.777715722314
28602,8651.500552914285
27746,0.0
26890,9508.55238525929
26034,7259.046316985119
25178,7002.836247006797
24322,7002.836247006797
23466,7002.836247006797
22610,8651.500552914285
21754,0.0
20898,5520.078102850637
20042,5520.078102850637
19186,5520.078102850637
18330,5520.078102850637
17474,7054.6121919891475
16618,8673.746238792277
15762,0.0
14906,9760.192786484024
14050,7433.02552200738
13194,8628.580814302692
12338,7508.86304771337
11482,7002.836247006797
10626,8697.640492132796
9770,0.0
8914,5586.43266992284
8058,5586.43266992284
7202,5567.153118106751
6346,5547.431026569257
5490,6912.777715722314
4634,8714.961357765871
3778,0.0
2922,9404.61569999557
2066,7259.046316985119
1210,7002.836247006797
354,7002.836247006797
40587,7071.418484895393
39731,0.0
38875,13648.173944634576
38019,10893.352846149884
37163,10125.67994206615
36307,10074.938014539364
35451,9834.475336645626
34595,6228.632262275345
33739,0.0
32883,7288.490154564777
32027,7239.133561694286
31171,7240.205183418865
30315,7329.02936008536
29459,7344.461492275593
28603,6222.899129244354
27747,0.0
26891,13024.04133094356
26035,10784.120904793523
25179,10011.259758157195
24323,9950.338133045272
23467,9817.349182447992
22611,6198.272114382854
21755,0.0
20899,7169.532569101648
20043,7156.158837595606
19187,7132.778781757725
18331,7299.274967724197
17475,7720.267171590941
16619,6484.968467544508
15763,0.0
14907,12920.188248192051
14051,10876.40338541413
13195,10185.159629927364
12339,10141.945284930242
11483,9910.081139751115
10627,6262.737773760727
9771,0.0
8915,7386.979260650655
8059,7306.514505683402
7203,7210.963006951263
6347,7240.5720749142065
5491,7184.1500302681025
4635,6155.1442255138245
3779,0.0
2923,12706.294283067022
2067,10777.839134977392
1211,9995.369932167994
355,9931.413199432087
40588,5730.094282673721
39732,0.0
38876,8298.99307567184
38020,6381.198358387951
37164,6324.812088333894
36308,6106.057104298986
35452,6106.057104298986
34596,5663.818126323329
33740,0.0
32884,3873.8765648040853
32028,3866.6267957489154
31172,3866.6267957489154
30316,3871.2124975033007
29460,5629.722242372661
28604,5663.818126323329
27748,0.0
26892,7984.785708613984
26036,6124.340273576472
25180,6106.057104298986
24324,6106.057104298986
23468,6106.057104298986
22612,5663.818126323329
21756,0.0
20900,3873.8765648040853
20044,3873.8765648040853
19188,3873.8765648040853
18332,3873.8765648040853
17476,5707.277352096075
16620,5768.827151820494
15764,0.0
14908,11261.690568114353
14052,6595.278693555141
13196,6797.212014228086
12340,6690.489266107713
11484,6360.767548104009
10628,5705.266069157442
9772,0.0
8916,3925.558877631304
8060,3925.558877631304
7204,3889.3706042670487
6348,3889.3706042670487
5492,5696.352203020366
4636,5705.266069157442
3780,0.0
2924,8280.276420092807
2068,6124.340273576472
1212,6106.057104298986
356,6106.057104298986
40589,4548.614314304526
39733,0.0
38877,9711.722079673684
38021,7804.740240536832
37165,7138.002720326979
36309,7054.213976736625
35453,7039.803541741512
34597,4548.614314304526
33741,0.0
32885,5325.749894859653
32029,5313.0135248031565
31173,5313.0135248031565
30317,5313.0135248031565
29461,5320.418007455785
28605,4548.614314304526
27749,0.0
26893,8929.215936323411
26037,7766.741797880455
25181,7138.002720326979
24325,7054.213976736625
23469,7039.803541741512
22613,4548.614314304526
21757,0.0
20901,5325.749894859653
20045,5313.0135248031565
19189,5313.0135248031565
18333,5313.0135248031565
17477,5320.418007455785
16621,4548.614314304526
15765,0.0
14909,9569.871456789911
14053,7849.530530675276
13197,8140.9503985511
12341,7454.310877532353
11485,7039.803541741512
10629,4548.614314304526
9773,0.0
8917,5325.749894859653
8061,5313.0135248031565
7205,5313.0135248031565
6349,5313.0135248031565
5493,5320.418007455785
4637,4548.614314304526
3781,0.0
2925,9283.313572284787
2069,7780.543067721725
1213,7138.002720326979
357,7054.213976736625
40590,8598.735837843938
39734,0.0
38878,10851.488849383413
38022,7967.1106616434145
37166,7967.1106616434145
36310,7967.1106616434145
35454,7967.1106616434145
34598,6676.094802918727
33742,0.0
32886,6672.614295418832
32030,6635.926113040098
31174,6635.926113040098
30318,6635.926113040098
29462,6635.926113040098
28606,6635.926113040098
27750,0.0
26894,10536.170874673753
26038,7967.1106616434145
25182,7967.1106616434145
24326,7967.1106616434145
23470,7967.1106616434145
22614,6635.926113040098
21758,0.0
20902,6635.926113040098
20046,6635.926113040098
19190,6635.926113040098
18334,6635.926113040098
17478,6718.0517089831455
16622,7177.22916404743
15766,0.0
14910,11832.649396657258
14054,9592.213628639263
13198,10318.596637111945
12342,7967.1106616434145
11486,7967.1106616434145
10630,6840.721560201203
9774,0.0
8918,6705.046603195352
8062,6705.046603195352
7206,6672.614295418832
6350,6672.614295418832
5494,6635.926113040098
4638,6635.926113040098
3782,0.0
2926,10618.457446432241
2070,7967.1106616434145
1214,7967.1106616434145
358,7967.1106616434145
40591,7354.934603342792
39735,0.0
38879,10228.738756392828
38023,7813.646755609896
37167,7813.646755609896
36311,7813.646755609896
35455,7813.646755609896
34599,5636.444547389736
33743,0.0
32887,5632.964039889843
32031,5558.89661689731
31175,5558.89661689731
30319,5558.89661689731
29463,5558.89661689731
28607,5558.89661689731
27751,0.0
26895,9904.302292748576
26039,7813.646755609896
25183,7813.646755609896
24327,7813.646755609896
23471,7813.646755609896
22615,5558.89661689731
21759,0.0
20903,5558.89661689731
20047,5558.89661689731
19191,5558.89661689731
18335,5558.89661689731
17479,5849.793937362817
16623,5862.156847921115
15767,0.0
14911,11504.4809208889
14055,10026.290395693046
13199,10664.636078058084
12343,7813.646755609896
11487,7813.646755609896
10631,5728.481452673788
9775,0.0
8919,5665.396347666361
8063,5665.396347666361
7207,5632.964039889843
6351,5632.964039889843
5495,5558.89661689731
4639,5558.89661689731
3783,0.0
2927,10077.888010235522
2071,7813.646755609896
1215,7813.646755609896
359,7813.646755609896
40592,8429.933477625977
39736,0.0
38880,15823.20498735791
38024,8508.544329399469
37168,8508.544329399469
36312,8508.544329399469
35456,8508.544329399469
34600,7391.749626649669
33744,0.0
32888,7336.708267493512
32032,7300.020085114778
31176,7300.020085114778
30320,7300.020085114778
29464,7300.020085114778
28608,7364.158635305639
27752,0.0
26896,14696.987167807227
26040,8508.544329399469
25184,8508.544329399469
24328,8508.544329399469
23472,8508.544329399469
22616,7364.158635305639
21760,0.0
20904,7300.020085114778
20048,7300.020085114778
19192,7300.020085114778
18336,7300.020085114778
17480,7309.794180266447
16624,7559.241708025241
15768,0.0
14912,14884.482957027916
14056,10255.180247517703
13200,11009.30585341128
12344,8508.544329399469
11488,8508.544329399469
10632,7559.442764549736
9776,0.0
8920,7385.628172550729
8064,7385.628172550729
7208,7336.708267493512
6352,7336.708267493512
5496,7300.020085114778
4640,7364.158635305639
3784,0.0
2928,15051.122023554626
2072,8508.544329399469
1216,8508.544329399469
360,8508.544329399469
40593,8167.225102313228
39737,0.0
38881,9209.630478915991
38025,7677.412562355885
37169,7677.412562355885
36313,7677.412562355885
35457,7677.412562355885
34601,6467.082606787313
33745,0.0
32889,6414.580331869948
32033,6415.0461361380485
31177,6415.0461361380485
30321,6415.0461361380485
29465,6437.0152610185005
28609,6464.0679035555195
27753,0.0
26897,9101.481050623837
26041,7677.412562355885
25185,7677.412562355885
24329,7677.412562355885
23473,7677.412562355885
22617,6464.0679035555195
21761,0.0
20905,6415.0461361380485
20049,6415.0461361380485
19193,6415.0461361380485
18337,6415.0461361380485
17481,6469.346933591476
16625,7034.95750860686
15769,0.0
14913,9652.813431212106
14057,8517.685821031815
13201,9372.101792724685
12345,7681.827101404169
11489,7681.827101404169
10633,6612.040015356908
9777,0.0
8921,6417.880878670857
8065,6417.880878670857
7209,6414.580331869948
6353,6414.580331869948
5497,6437.0152610185005
4641,6464.0679035555195
3785,0.0
2929,9184.35551444397
2073,7681.827101404169
1217,7681.827101404169
361,7681.827101404169
40594,13631.504394976368
39738,0.0
38882,16929.178513944713
38026,14369.312949448682
37170,14000.911422097597
36314,13713.847000235848
35458,13750.15390174321
34602,13271.34221714202
33746,0.0
32890,10696.80754854855
32034,10354.92790370728
31178,10249.3190709694
30322,10234.56111427466
29466,10608.36101610198
28610,12903.900281531336
27754,0.0
26898,16147.165781104968
26042,14392.632357293864
25186,13787.980606866431
24330,13671.258134217007
23474,13759.62292829276
22618,15377.036112238153
21762,0.0
20906,12357.635167881723
20050,12351.254941691248
19194,12351.254941691248
18338,12445.499890103945
17482,12564.080307537819
16626,16305.868360554923
15770,0.0
14914,16384.926903408592
14058,16916.75020236607
13202,17095.48252980715
12346,14346.07770322775
11490,14173.783285420328
10634,16413.99992727524
9778,0.0
8922,12555.629244915799
8066,12462.270779307333
7210,12431.976334862888
6354,12431.976334862888
5498,12235.566718877024
4642,16353.432328970766
3786,0.0
2930,16333.898581776519
2074,14453.605762927078
1218,13888.673194723642
362,13757.06364610671
40595,3427.5671849285222
39739,0.0
38883,8488.045427373147
38027,7542.673077923283
37171,7147.160890633402
36315,7147.160890633402
35459,7147.160890633402
34603,3414.4022859386237
33747,0.0
32891,5440.455190631322
32035,5440.455190631322
31179,5440.455190631322
30323,5440.455190631322
29467,5474.732405096987
28611,0.0
27755,0.0
26899,9272.482943357509
26043,7512.363732775623
25187,7148.996446448783
24331,7148.996446448783
23475,7148.996446448783
22619,6567.329849499182
21763,0.0
20907,5432.705600396462
20051,5432.705600396462
19195,5432.705600396462
18339,5432.705600396462
17483,6059.921483109626
16627,6567.329849499182
15771,0.0
14915,9750.256036864475
14059,7510.565345264103
13203,7379.775043769793
12347,7296.801433398259
11491,7148.996446448783
10635,6567.329849499182
9779,0.0
8923,5432.705600396462
8067,5432.705600396462
7211,5432.705600396462
6355,5432.705600396462
5499,6059.921483109626
4643,6567.329849499182
3787,0.0
2931,9289.472686947252
2075,7512.363732775623
1219,7148.996446448783
363,7148.996446448783
40596,7645.071994843176
39740,0.0
38884,9451.432110438116
38028,7846.830799171351
37172,7846.830799171351
36316,7846.830799171351
35460,7846.830799171351
34604,5648.642088901781
33748,0.0
32892,5481.933217826413
32036,5482.3990220945125
31180,5482.3990220945125
30324,5482.3990220945125
29468,5606.512858852375
28612,5633.565501389394
27756,0.0
26900,9145.717778155724
26044,7846.830799171351
25188,7846.830799171351
24332,7846.830799171351
23476,7846.830799171351
22620,5633.565501389394
21764,0.0
20908,5482.3990220945125
20052,5482.3990220945125
19196,5482.3990220945125
18340,5482.3990220945125
17484,5732.837533793212
16628,6415.2705220528505
15772,0.0
14916,9362.33058134441
14060,8549.168855421967
13204,9424.893478047237
12348,7846.830799171351
11492,7846.830799171351
10636,5793.599497471377
9780,0.0
8924,5562.247364549814
8068,5549.43631041876
7212,5481.933217826413
6356,5481.933217826413
5500,5606.512858852375
4644,5633.565501389394
3788,0.0
2932,9297.825607504557
2076,7846.830799171351
1220,7846.830799171351
364,7846.830799171351
40597,2423.640675526927
39741,0.0
38885,5809.825634874848
38029,4718.523025738274
37173,4270.52707101989
36317,4415.975865719613
35461,4252.380771005069
34605,2310.558484622663
33749,0.0
32893,2954.303477936829
32037,2926.746351406266
31181,2906.1920834040575
30325,2955.4392668057894
29469,2957.437282678805
28613,2271.9056411973243
27757,0.0
26901,5424.479243670535
26045,4655.061414914957
25189,4207.72994487875
24333,4308.266826368054
23477,4271.533272106202
22621,2225.2090529057364
21765,0.0
20909,2895.4373963377307
20053,2895.4373963377307
19197,2903.1167614170963
18341,2942.357990178661
17485,3157.3383271057583
16629,2394.6376264664214
15773,0.0
14917,5641.2978580756235
14061,4886.310366111215
13205,4586.876280699232
12349,4476.578896215927
11493,4325.982805339054
10637,2318.3960621656265
9781,0.0
8925,2983.0793814426243
8069,2942.3682339475013
7213,2936.2571228363904
6357,2959.265054941062
5501,2961.252861058311
4645,2282.046066486805
3789,0.0
2933,5494.243214283256
2077,4656.072069135177
1221,4193.9487585076495
365,4307.526588272816
40598,6716.239037441445
39742,0.0
38886,9617.30097025228
38030,8336.30798625756
37174,7831.806816049206
36318,7781.0709827137725
35462,7776.680366524406
34606,6544.201625473136
33750,0.0
32894,5681.732561631656
32038,5672.258921645515
31182,5698.242671645515
30326,5698.242671645515
29470,5732.062620731929
28614,6462.722171340384
27758,0.0
26902,9449.131327068473
26046,8305.1041343279
25190,7801.485505415394
24334,7772.460621559449
23478,7772.460621559449
22622,6467.8924094356225
21766,0.0
20910,5726.5219663935595
20054,5717.048326407419
19198,5717.048326407419
18342,5717.048326407419
17486,5754.969115829968
16630,6588.058861493867
15774,0.0
14918,10726.708156683391
14062,8618.2695794464
13206,7990.296000753208
12350,7887.493179136843
11494,7852.618434984795
10638,6620.832989892523
9782,0.0
8926,5681.732561631656
8070,5672.258921645515
7214,5672.258921645515
6358,5672.258921645515
5502,5687.273215970025
4646,6496.323067274516
3790,0.0
2934,9480.12678341768
2078,8487.411517277087
1222,7856.929495444236
366,7832.629490452116
40599,5050.266295678642
39743,0.0
38887,9836.779605584965
38031,8189.780108883499
37175,7199.4285504283325
36319,7201.46743931722
35463,7201.46743931722
34607,5050.266295678642
33751,0.0
32895,4822.147935199599
32039,4822.147935199599
31183,4822.147935199599
30327,4822.147935199599
29471,5009.859796919115
28615,0.0
27759,0.0
26903,12023.768443992656
26047,7936.364335015896
25191,7138.629611652822
24335,7140.668500541709
23479,7140.668500541709
22623,5017.200590751524
21767,0.0
20911,4816.309691151981
20055,4816.309691151981
19199,4816.309691151981
18343,4816.309691151981
17487,5011.53628586227
16631,5028.202916184579
15775,0.0
14919,13406.246207513012
14063,7872.746426681187
13207,7657.236169217308
12351,7535.716070720647
11495,7140.668500541709
10639,5050.266295678642
9783,0.0
8927,4835.026506628171
8071,4835.026506628171
7215,4835.026506628171
6359,4822.147935199599
5503,5034.484592755323
4647,5033.124430599277
3791,0.0
2935,12136.065151419965
2079,7948.254520201082
1223,7138.629611652822
367,7140.668500541709
40600,5101.637356251378
39744,0.0
38888,8249.326264412977
38032,6667.231749040869
37176,6635.9178833734395
36320,6576.257968712279
35464,6576.257968712279
34608,4981.753963559909
33752,0.0
32896,4384.909038820446
32040,4384.909038820446
31184,4380.095018000846
30328,4373.11865950564
29472,4947.620234359651
28616,4983.184114802795
27760,0.0
26904,8288.865365845593
26048,6591.243916255829
25192,6576.257968712279
24336,6576.257968712279
23480,6576.257968712279
22624,4974.046348248363
21768,0.0
20912,4367.285580140561
20056,4367.285580140561
19200,4367.285580140561
18344,4367.285580140561
17488,5326.881737666441
16632,4974.255033232048
15776,0.0
14920,8623.153489314333
14064,6959.654998611174
13208,7020.728512664897
12352,6788.007969062012
11496,6637.841960515258
10640,5003.901061081644
9784,0.0
8928,4394.223501244944
8072,4379.0759594553665
7216,4379.0759594553665
6360,4379.0759594553665
5504,4917.489606748956
4648,4966.507469682833
3792,0.0
2936,8190.442537741285
2080,6597.422034980729
1224,6582.436087437179
368,6582.436087437179
40601,7908.549122585014
39745,0.0
38889,9805.175897301535
38033,7930.872970231334
37177,7930.872970231334
36321,7930.872970231334
35465,7930.872970231334
34609,6728.18001520989
33753,0.0
32897,6724.699507709997
32041,6688.011325331263
31185,6688.011325331263
30329,6688.011325331263
29473,6688.011325331263
28617,6688.011325331263
27761,0.0
26905,9395.729658367125
26049,7930.872970231334
25193,7930.872970231334
24337,7930.872970231334
23481,7930.872970231334
22625,6688.011325331263
21769,0.0
20913,6688.011325331263
20057,6688.011325331263
19201,6688.011325331263
18345,6688.011325331263
17489,6763.815252982063
16633,7337.241616655726
15777,0.0
14921,9862.886570692908
14065,8902.447500001152
13209,9724.662391688578
12353,7930.872970231334
11497,7930.872970231334
10641,6861.413384591439
9785,0.0
8929,6757.131815486516
8073,6757.131815486516
7217,6724.699507709997
6361,6724.699507709997
5505,6688.011325331263
4649,6688.011325331263
3793,0.0
2937,9679.913264266605
2081,7930.872970231334
1225,7930.872970231334
369,7930.872970231334
40602,5885.06367573869
39746,0.0
38890,8388.262729490561
38034,7626.159374902981
37178,7675.947263644718
36322,7610.289147337059
35466,7610.289147337059
34610,5700.343002442436
33754,0.0
32898,4729.680473522819
32042,4702.092309589434
31186,4702.092309589434
30330,4702.092309589434
29474,5673.461180083507
28618,0.0
27762,0.0
26906,8675.983285247685
26050,7578.0664915346415
25194,7573.366698872821
24338,7573.366698872821
23482,7573.366698872821
22626,5686.686187180979
21770,0.0
20914,5318.041345550426
20058,5318.041345550426
19202,5318.041345550426
18346,5318.041345550426
17490,5586.009860575806
16634,6109.352400432894
15778,0.0
14922,13596.696307229173
14066,7581.226768047526
13210,7680.942154156245
12354,7680.955676213315
11498,7512.838812342837
10642,5462.262540109396
9786,0.0
8930,5334.764935587346
8074,5334.764935587346
7218,5334.764935587346
6362,5334.764935587346
5506,5418.247917110058
4650,5405.60591633724
3794,0.0
2938,9018.897919822379
2082,7592.85512874434
1226,7588.155336082519
370,7588.155336082519
40603,4732.270246537291
39747,0.0
38891,8161.6779908973995
38035,6554.418244749321
37179,6554.246008658442
36323,6432.508956740874
35467,6432.508956740874
34611,4732.270246537291
33755,0.0
32899,4778.296658452907
32043,4778.296658452907
31187,4778.296658452907
30331,4778.296658452907
29475,4791.277100210455
28619,4732.270246537291
27763,0.0
26907,7478.540411504713
26051,6442.9635875029735
25195,6432.508956740874
24339,6432.508956740874
23483,6432.508956740874
22627,4732.270246537291
21771,0.0
20915,4778.296658452907
20059,4778.296658452907
19203,4778.296658452907
18347,4778.296658452907
17491,4791.277100210455
16635,4743.562119806024
15779,0.0
14923,10370.104304404596
14067,6680.7039898321245
13211,6897.48294636964
12355,6784.693646580073
11499,6525.23801493241
10643,4954.636578783772
9787,0.0
8931,4971.374119399609
8075,4971.374119399609
7219,4971.374119399609
6363,4971.374119399609
5507,4984.354561157156
4651,4954.636578783772
3795,0.0
2939,8171.22641641572
2083,6442.9635875029735
1227,6432.508956740874
371,6432.508956740874
40604,6677.698431957586
39748,0.0
38892,8741.790256204968
38036,7308.699378101369
37180,7279.766307862168
36324,7249.92489749653
35468,7249.92489749653
34612,6567.539582016389
33756,0.0
32900,5484.668153366709
32044,5484.668153366709
31188,5474.013986700042
30332,5483.3963206719445
29476,6527.44303724562
28620,6567.539582016389
27764,0.0
26908,8476.189244929215
26052,7268.208066774017
25196,7249.92489749653
24340,7249.92489749653
23484,7249.92489749653
22628,6567.539582016389
21772,0.0
20916,5474.031890740445
20060,5490.508386567779
19204,5493.244550148026
18348,5502.62688411993
17492,6584.237385468948
16636,6673.6383347780475
15780,0.0
14924,12463.534468289059
14068,7654.326028750311
13212,7781.9686258591055
12356,7527.812590835843
11500,7270.351762615277
10644,6567.157277254485
9788,0.0
8932,5517.859283675077
8076,5517.859283675077
7220,5473.818915999291
6364,5459.802038534483
5508,6527.44303724562
4652,6567.539582016389
3796,0.0
2940,8601.82897093065
2084,7250.291261571869
1228,7232.008092294383
372,7232.008092294383
40605,6617.896282615302
39749,0.0
38893,9118.99566758174
38037,7570.840089486242
37181,7570.840089486242
36325,7570.840089486242
35469,7570.840089486242
34613,4425.894437444446
33757,0.0
32901,4349.786655414121
32045,4257.034104108745
31189,4257.385257580434
30333,4257.385257580434
29477,4265.870840076375
28621,4304.923491407417
27765,0.0
26909,8742.052557164305
26053,7570.840089486242
25197,7570.840089486242
24341,7570.840089486242
23485,7570.840089486242
22629,4301.588491407417
21773,0.0
20917,4294.797949995843
20061,4261.857777421704
19205,4261.857777421704
18349,4261.857777421704
17493,4636.9046811241515
16637,4551.012508610701
15781,0.0
14925,9448.611260971333
14069,9025.687565293241
13213,9876.714437416242
12357,7570.840089486242
11501,7570.840089486242
10645,4483.822749654906
9789,0.0
8933,4447.137517365689
8077,4397.843642829682
7221,4339.483337761678
6365,4339.483337761678
5509,4269.428977423818
4653,4304.923491407417
3797,0.0
2941,9061.915596063594
2085,7570.840089486242
1229,7570.840089486242
373,7570.840089486242
40606,4436.176686790699
39750,0.0
38894,8738.054575704356
38038,7810.342510563929
37182,7676.034338574102
36326,7471.603566718223
35470,7586.520493279955
34614,4436.176686790699
33758,0.0
32902,4383.555409409449
32046,4365.727968332008
31190,4365.727968332008
30334,4365.727968332008
29478,4414.397729720551
28622,0.0
27766,0.0
26910,8386.00440898974
26054,7630.9829554988255
25198,7554.006310549595
24342,7517.357758330947
23486,7632.442161744532
22630,4436.176686790699
21774,0.0
20918,4383.555409409449
20062,4371.92444074848
19206,4371.92444074848
18350,4371.92444074848
17494,4443.038376764595
16638,4467.946697908169
15782,0.0
14926,11361.260694312687
14070,8272.459484719911
13214,8295.94362650731
12358,7764.836810183232
11502,7447.966673400154
10646,4436.176686790699
9790,0.0
8934,4383.555409409449
8078,4371.92444074848
7222,4371.92444074848
6366,4371.92444074848
5510,4414.397729720551
4654,4429.980214374226
3798,0.0
2942,7742.27550467045
2086,7636.020029889029
1230,7552.7490308427095
374,7516.100478624061
40607,6922.563647306154
39751,0.0
38895,9703.383653001005
38039,7854.038736750348
37183,7881.978330333315
36327,7759.428473664214
35471,7759.428473664214
34615,6696.997456557924
33759,0.0
32903,5287.539731326461
32047,5287.539731326461
31191,5287.539731326461
30335,5287.539731326461
29479,6615.4747722653065
28623,6681.946247174938
27767,0.0
26911,9210.299978204039
26055,7764.1282663260345
25199,7759.428473664214
24343,7759.428473664214
23487,7759.428473664214
22631,6681.946247174938
21775,0.0
20919,7266.271326269709
20063,7266.271326269709
19207,7266.271326269709
18351,7266.271326269709
17495,7783.858277329268
16639,8531.846786069053
15783,0.0
14927,13391.656579476437
14071,7998.770914019023
13215,8075.343106530224
12359,8095.743897365884
11503,7927.80509295523
10647,8326.86696324285
9791,0.0
8935,7229.16109874507
8079,7229.16109874507
7223,7229.16109874507
6367,7229.16109874507
5511,7771.794639623904
4655,8349.079397892403
3799,0.0
2943,9843.241083268127
2087,7778.916903535733
1231,7774.217110873912
375,7774.217110873912
40608,6591.733714944068
39752,0.0
38896,9061.068638250032
38040,6896.108803998984
37184,6835.516720949135
36328,6722.9782587144755
35472,6722.9782587144755
34616,6575.350964682014
33760,0.0
32904,6818.46643938503
32048,6818.46643938503
31192,6818.46643938503
30336,6812.005192320391
29480,6833.806594976894
28624,6573.58845441173
27768,0.0
26912,9550.03321397839
26056,6640.764724129517
25200,6616.672738976663
24344,6616.672738976663
23488,6616.672738976663
22632,6573.58845441173
21776,0.0
20920,6407.5764871823085
20064,6407.5764871823085
19208,6407.5764871823085
18352,6407.5764871823085
17496,6599.158551631611
16640,6598.1628894282
15784,0.0
14928,12488.736479995634
14072,7270.0119246537215
13216,7399.144070765919
12360,7030.011976185476
11504,6745.848415431877
10648,6618.440649118229
9792,0.0
8936,6416.687774497653
8080,6416.687774497653
7224,6416.687774497653
6368,6410.226527433013
5512,6561.251622041594
4656,6573.58845441173
3800,0.0
2944,9589.801175490175
2088,6640.764724129517
1232,6616.672738976663
376,6616.672738976663
40609,8535.244227091294
39753,0.0
38897,12135.748063922916
38041,8678.530446834819
37185,8618.899210640519
36329,8618.899210640519
35473,8555.111173795265
34617,8206.101585177612
33761,0.0
32905,7321.758631783966
32049,7306.6948439051785
31193,7315.457542317877
30337,7315.457542317877
29481,7805.067950290117
28625,8206.101585177612
27769,0.0
26913,11578.886696269241
26057,8510.263644347968
25201,8487.779726219313
24345,8479.97258336217
23489,8535.483396017487
22633,8178.590112071085
21777,0.0
20921,7245.048223759432
20065,7245.048223759432
19209,7245.048223759432
18353,7253.067112648322
17497,8067.475721074788
16641,8678.205676771866
15785,0.0
14929,13392.525245026241
14073,8783.095802117447
13217,8675.75818611764
12361,8656.046528706163
11505,8683.402952281442
10649,8423.09871088845
9793,0.0
8937,7403.618786817999
8081,7327.5854573858105
7225,7311.51182643343
6369,7311.51182643343
5513,7794.821144939579
4657,8123.749002430201
3801,0.0
2945,11739.017193866232
2089,8529.891422125747
1233,8507.40750399709
377,8479.97258336217
40610,6567.329849499182
39754,0.0
38898,8288.973777375337
38042,7451.092168207977
37186,7121.307476042394
36330,7121.307476042394
35474,7121.307476042394
34618,6567.329849499182
33762,0.0
32906,5457.26222246763
32050,5457.26222246763
31194,5457.26222246763
30338,5457.26222246763
29482,6059.921483109626
28626,6567.329849499182
27770,0.0
26914,8288.973777375337
26058,7451.092168207977
25202,7121.307476042394
24346,7121.307476042394
23490,7121.307476042394
22634,6567.329849499182
21778,0.0
20922,5457.26222246763
20066,5457.26222246763
19210,5457.26222246763
18354,5457.26222246763
17498,6059.921483109626
16642,6567.329849499182
15786,0.0
14930,8404.501127412335
14074,7476.550807211609
13218,7448.171378973913
12362,7310.772374128592
11506,7121.307476042394
10650,6567.329849499182
9794,0.0
8938,5457.26222246763
8082,5457.26222246763
7226,5457.26222246763
6370,5457.26222246763
5514,6059.921483109626
4658,6567.329849499182
3802,0.0
2946,8288.973777375337
2090,7451.092168207977
1234,7121.307476042394
378,7121.307476042394
40611,8203.42362505614
39755,0.0
38899,11767.999637972538
38043,10986.690056821673
37187,9682.112898830472
36331,9618.848066649949
35475,10135.084749687421
34619,7698.775343215716
33763,0.0
32907,8438.707560821695
32051,8433.347161559652
31195,8356.279574639633
30339,8366.03698204704
29483,8575.543083825045
28627,7684.98069735232
27771,0.0
26915,11201.504597553558
26059,10246.519501670877
25203,9595.896322309238
24347,9595.896322309238
23491,10090.54021725047
22635,7533.0900654429
21779,0.0
20923,8364.904071836156
20067,8370.748699029138
19211,8295.52717905031
18355,8295.52717905031
17499,8487.473493087682
16643,8231.679292214983
15787,0.0
14931,12676.62516859467
14075,10162.607104530083
13219,10281.667260351598
12363,9702.360359147931
11507,10293.192551665801
10651,7821.431210780114
9795,0.0
8939,8580.078899633843
8083,8475.548171784618
7227,8339.23513973101
6371,8335.447396675454
5515,8534.22554899664
4659,7644.435334249239
3803,0.0
2947,11260.026101071064
2091,10591.877570873843
1235,9604.296208816173
379,9595.896322309238
40612,3656.8976407688774
39756,0.0
38900,8322.602882291603
38044,7114.750965678248
37188,6930.489550585954
36332,6698.881229308168
35476,6698.881229308168
34620,3603.4500508721303
33764,0.0
32908,4286.819387916244
32052,4284.271062752845
31196,4279.434802631387
30340,4279.434802631387
29484,4385.878047353359
28628,0.0
27772,0.0
26916,8197.808599038884
26060,6590.965738096461
25204,6565.433707509651
24348,6565.433707509651
23492,6565.433707509651
22636,3585.144296102209
21780,0.0
20924,4282.665554849583
20068,4272.381337419848
19212,4272.381337419848
18356,4267.025014352968
17500,4792.450091899146
16644,3594.520417707876
15788,0.0
14932,10254.981607060345
14076,7495.559348188381
13220,7508.314708689402
12364,7171.234522294336
11508,6802.765660864408
10652,3610.5572673669753
9796,0.0
8940,4286.819387916244
8084,4284.271062752845
7228,4284.271062752845
6372,4284.271062752845
5516,4385.878047353359
4660,3585.144296102209
3804,0.0
2948,8674.184438462775
2092,6590.965738096461
1236,6565.433707509651
380,6565.433707509651
40613,5270.677336834707
39757,0.0
38901,8343.790722573209
38045,7124.433600869384
37189,7089.847313750639
36333,6919.638694237828
35477,6919.638694237828
34621,5195.220128709276
33765,0.0
32909,4836.996528619933
32053,4754.712888686441
31197,4738.920673422396
30341,4738.920673422396
29485,5237.979176682033
28629,5195.220128709276
27773,0.0
26917,8487.417115889762
26061,6933.034902372237
25205,6905.85853816202
24349,6905.85853816202
23493,6919.638694237828
22637,5195.220128709276
21781,0.0
20925,4827.747646689222
20069,4745.46400675573
19213,4745.46400675573
18357,4760.509978977951
17501,5390.128524437711
16645,5435.069418693857
15789,0.0
14933,7412.238847495098
14077,7542.1305930701665
13221,7403.527983695468
12365,7293.327012621975
11509,7132.306707239818
10653,5270.677336834707
9797,0.0
8941,4855.2622273477045
8085,4766.370136138964
7229,4763.6837725026
6373,4733.406222019775
5517,5237.979176682033
4661,5195.220128709276
3805,0.0
2949,8256.437722133802
2093,6920.589441062713
1237,6893.413076852496
381,6893.413076852496
40614,6058.060701792984
39758,0.0
38902,7670.607806142924
38046,7372.85380695878
37190,7393.016033759663
36334,7425.8517909781995
35478,7441.99765720627
34622,5910.161381120271
33766,0.0
32910,4007.616162238068
32054,3994.530648770054
31198,4005.189739679145
30342,4005.189739679145
29486,5882.269964152024
28630,0.0
27774,0.0
26918,8057.849545659807
26062,7623.491896839103
25206,7635.982367667074
24350,7609.192093483728
23494,7605.666084711798
22638,6409.769644596169
21782,0.0
20926,5188.208656511788
20070,5188.208656511788
19214,5188.208656511788
18358,5188.208656511788
17502,6399.0395536825545
16646,6501.922797098716
15790,0.0
14934,12016.569335988088
14078,7408.42784131602
13222,7550.435043509086
12366,7634.033450207183
11510,7588.773011501075
10654,6473.6656744559905
9798,0.0
8942,5188.208656511788
8086,5188.208656511788
7230,5188.208656511788
6374,5188.208656511788
5518,6361.957744627694
4662,6409.769644596169
3806,0.0
2950,7869.288858048944
2094,7641.321857156563
1238,7653.812327984533
382,7630.527421119055
40615,4301.544730234731
39759,0.0
38903,7692.116188186159
38047,5971.387399037905
37191,5970.638927791483
36335,5840.224476504982
35479,5844.800700199901
34623,4110.105359930361
33767,0.0
32911,4357.61781927552
32055,4254.08252770993
31199,4663.071280033331
30343,4282.0015362191425
29487,4424.53415227139
28631,0.0
27775,0.0
26919,7134.17943795267
26063,5944.134587671722
25207,5945.727301346937
24351,5803.742580700165
23495,5816.718690902019
22639,3857.0189182949402
21783,0.0
20927,4251.95528691953
20071,4234.44996730737
19215,4674.787785333588
18359,4354.230027651457
17503,4448.82554217778
16647,3860.976894139902
15791,0.0
14935,8259.004045377673
14079,9334.933695362424
13223,9727.21015600302
12367,5840.224476504982
11511,5864.806677910134
10655,4282.862230234731
9799,0.0
8943,4429.892931171421
8087,4410.648413627562
7231,4685.310159699418
6375,4262.80846783328
5519,4394.6080105264255
4663,3800.843119124068
3807,0.0
2951,7379.181784102633
2095,5954.875659100293
1239,5954.127187853872
383,5787.85960097362
40616,10184.694478508629
39760,0.0
38904,14479.30929073839
38048,11869.231236590893
37192,10961.176548588039
36336,10932.985437476927
35480,10740.858453394037
34624,9221.599924582806
33768,0.0
32912,8826.51012662049
32056,8675.19256284439
31200,8721.539414696243
30344,8766.689583046413
29488,8808.178799572146
28632,8857.197630107397
27776,0.0
26920,13552.633844983286
26064,11659.785815190664
25208,10827.14939711444
24352,10763.918444733486
23496,10627.591041576958
22640,8858.251451236218
21784,0.0
20928,8847.601642368414
20072,8796.573443075271
19216,8842.920294927124
18360,8842.920294927124
17504,9056.072441646298
16648,9464.055329284567
15792,0.0
14936,16917.335113890596
14080,11988.476990601765
13224,11369.602594858812
12368,11321.459880108929
11512,10643.061522753063
10656,9464.264607737108
9800,0.0
8944,9217.66769035952
8088,9149.277579581503
7232,8886.787615008408
6376,8863.656502135567
5520,8762.911754954035
4664,8754.573609498375
3808,0.0
2952,13349.117854306016
2096,11738.464781545856
1240,11136.23760460917
384,11114.108053971551
40617,6466.319210765853
39761,0.0
38905,9525.939846206546
38049,6591.769068189286
37193,6591.769068189286
36337,6591.769068189286
35481,6591.769068189286
34625,6262.780459708064
33769,0.0
32913,5695.609049997097
32057,5695.609049997097
31201,5695.609049997097
30345,5695.609049997097
29489,6088.666985678524
28633,6262.780459708064
27777,0.0
26921,8804.724722807177
26065,6591.769068189286
25209,6591.769068189286
24353,6591.769068189286
23497,6591.769068189286
22641,6262.780459708064
21785,0.0
20929,5677.283172117207
20073,5677.283172117207
19217,5677.283172117207
18361,5677.283172117207
17505,6449.806437079044
16649,7171.295090795448
15793,0.0
14937,9790.794430778764
14081,8770.579853306264
13225,9079.08637848149
12369,6615.105938746712
11513,6591.769068189286
10657,6296.865896724027
9801,0.0
8945,5729.694487013059
8089,5695.609049997097
7233,5695.609049997097
6377,5695.609049997097
5521,6088.666985678524
4665,6262.780459708064
3809,0.0
2953,8927.801311813062
2097,6591.769068189286
1241,6591.769068189286
385,6591.769068189286
40618,4798.457187856338
39762,0.0
38906,8181.302537325963
38050,6686.799666382206
37194,6557.363922663415
36338,6619.049870635301
35482,6619.049870635301
34626,4781.073096947247
33770,0.0
32914,4889.873821100544
32058,4770.783982096957
31202,4770.783982096957
30346,4777.314537652512
29490,4751.047134453858
28634,4660.217654541213
27778,0.0
26922,8237.082511590268
26066,6751.032970950083
25210,6583.3922616384525
24354,6581.46707489709
23498,6581.46707489709
22642,4778.40273164004
21786,0.0
20930,4896.404376656099
20074,4896.404376656099
19218,4896.404376656099
18362,4896.404376656099
17506,4870.136973457446
16650,4778.40273164004
15794,0.0
14938,7312.033844535095
14082,6950.6458311328115
13226,6942.814667456772
12370,6778.473101834821
11514,6640.884639771777
10658,4786.848096947247
9802,0.0
8946,4893.509932211656
8090,4893.509932211656
7234,4893.509932211656
6378,4889.873821100544
5522,4744.516578898303
4666,4653.687098985657
3810,0.0
2954,8076.121225609781
2098,6783.866254258483
1242,6651.71055025915
386,6649.785363517788
40619,5913.0928527183405
39763,0.0
38907,9645.51764261053
38051,7629.135724091723
37195,7271.696383493122
36339,7271.696383493122
35483,7271.696383493122
34627,5859.754899552458
33771,0.0
32915,6110.403457713902
32059,6090.232851860977
31203,6090.232851860977
30347,6083.771604796337
29491,6105.245547785742
28635,5850.007397412963
27779,0.0
26923,9615.56524362063
26067,7629.135724091723
25211,7271.696383493122
24355,7271.696383493122
23499,7271.696383493122
22643,5850.007397412963
21787,0.0
20931,6081.121564545633
20075,6081.121564545633
19219,6081.121564545633
18363,6081.121564545633
17507,6105.245547785742
16651,6034.544658962303
15795,0.0
14939,9818.563306216083
14083,7618.917070256183
13227,7529.727668751166
12371,7385.489203886188
11515,7271.696383493122
10659,5859.754899552458
9803,0.0
8947,6110.403457713902
8091,6110.403457713902
7235,6110.403457713902
6379,6103.942210649262
5523,6105.245547785742
4667,5850.007397412963
3811,0.0
2955,9575.609221097831
2099,7603.889015337513
1243,7246.449674738914
387,7246.449674738914
40620,7287.2440956435
39764,0.0
38908,10591.598179085278
38052,8419.165006947342
37196,8419.165006947342
36340,8419.165006947342
35484,8419.165006947342
34628,6776.077968904265
33772,0.0
32916,6755.051783418134
32060,6702.955939706696
31204,6702.955939706696
30348,6702.955939706696
29492,6702.955939706696
28636,6702.955939706696
27780,0.0
26924,10194.651651998289
26068,8419.165006947342
25212,8419.165006947342
24356,8419.165006947342
23500,8419.165006947342
22644,6702.955939706696
21788,0.0
20932,6702.955939706696
20076,6702.955939706696
19220,6702.955939706696
18364,6702.955939706696
17508,6938.11151473937
16652,7042.3376752991835
15796,0.0
14940,11411.389260190967
14084,9171.062408060372
13228,9329.430964723533
12372,8419.967484620243
11516,8419.967484620243
10660,6776.077968904265
9804,0.0
8948,6776.077968904265
8092,6776.077968904265
7236,6755.051783418134
6380,6755.051783418134
5524,6702.955939706696
4668,6702.955939706696
3812,0.0
2956,10341.082561170384
2100,8419.967484620243
1244,8419.967484620243
388,8419.967484620243
40621,6161.9794185458095
39765,0.0
38909,10210.752848548054
38053,8118.972037859782
37197,7951.2335629282725
36341,7841.971728067485
35485,7841.971728067485
34629,6039.892471951049
33773,0.0
32917,5811.593085080843
32061,5811.593085080843
31205,5811.593085080843
30349,5811.593085080843
29493,6005.298143253431
28637,6005.298143253431
27781,0.0
26925,10063.406540724473
26069,8064.381486839412
25213,7870.148972671273
24357,7832.819991846917
23501,7832.819991846917
22645,5991.541231488724
21789,0.0
20933,5797.836173316138
20077,5797.836173316138
19221,5833.541987975334
18365,5841.951460317006
17509,6087.766033505435
16653,6408.740862978919
15797,0.0
14941,12572.346624663413
14085,8758.65117730297
13229,8817.868255013482
12373,8204.239574368547
11517,7904.567064099051
10661,6053.245142125839
9805,0.0
8949,5835.916100953859
8093,5835.916100953859
7237,5811.593085080843
6381,5811.593085080843
5525,6005.298143253431
4669,6005.298143253431
3813,0.0
2957,10206.417068090765
2101,8030.170700747019
1245,7879.300708891841
389,7841.971728067485
40622,4439.078255752305
39766,0.0
38910,9504.967768258735
38054,7596.611215463867
37198,7158.163169919951
36342,7158.163169919951
35486,7158.163169919951
34630,4439.078255752305
33774,0.0
32918,5172.951558596415
32062,5160.215188539919
31206,5160.215188539919
30350,5160.215188539919
29494,5175.4018477053205
28638,4439.078255752305
27782,0.0
26926,9504.967768258735
26070,7596.611215463867
25214,7158.163169919951
24358,7158.163169919951
23502,7158.163169919951
22646,4439.078255752305
21790,0.0
20934,5172.951558596415
20078,5160.215188539919
19222,5160.215188539919
18366,5160.215188539919
17510,5175.4018477053205
16654,4439.078255752305
15798,0.0
14942,9688.951357493766
14086,7622.069854467499
13230,7494.834716227727
12374,7357.435711382406
11518,7158.163169919951
10662,4439.078255752305
9806,0.0
8950,5172.951558596415
8094,5160.215188539919
7238,5160.215188539919
6382,5160.215188539919
5526,5175.4018477053205
4670,4439.078255752305
3814,0.0
2958,9504.967768258735
2102,7596.611215463867
1246,7158.163169919951
390,7158.163169919951
40623,7730.839127586497
39767,0.0
38911,10771.768048420132
38055,8074.173103680094
37199,8074.173103680094
36343,8074.173103680094
35487,8074.173103680094
34631,6683.98555158096
33775,0.0
32919,6680.505044081067
32063,6643.816861702333
31207,6643.816861702333
30351,6643.816861702333
29495,6643.816861702333
28639,6643.816861702333
27783,0.0
26927,10448.83820080077
26071,8074.173103680094
25215,8074.173103680094
24359,8074.173103680094
23503,8074.173103680094
22647,6643.816861702333
21791,0.0
20935,6643.816861702333
20079,6643.816861702333
19223,6643.816861702333
18367,6643.816861702333
17511,6819.39564219942
16655,6441.4244380694045
15799,0.0
14943,11586.395574880431
14087,9855.623577047158
13231,10315.135223003612
12375,8074.173103680094
11519,8074.173103680094
10663,6776.022456865013
9807,0.0
8951,6712.937351857586
8095,6712.937351857586
7239,6680.505044081067
6383,6680.505044081067
5527,6643.816861702333
4671,6643.816861702333
3815,0.0
2959,10627.326041937524
2103,8074.173103680094
1247,8074.173103680094
391,8074.173103680094
40624,5181.896982601514
39768,0.0
38912,9142.146904533049
38056,7501.045952687234
37200,7172.188057101388
36344,7172.188057101388
35488,7172.188057101388
34632,5181.896982601514
33776,0.0
32920,5588.763213431346
32064,5588.763213431346
31208,5588.763213431346
30352,5588.763213431346
29496,5601.592112315036
28640,5181.896982601514
27784,0.0
26928,9142.146904533049
26072,7501.045952687234
25216,7172.188057101388
24360,7172.188057101388
23504,7172.188057101388
22648,5181.896982601514
21792,0.0
20936,5588.763213431346
20080,5588.763213431346
19224,5588.763213431346
18368,5588.763213431346
17512,5601.592112315036
16656,5181.896982601514
15800,0.0
14944,9171.95235251452
14088,7572.3946492661835
13232,8234.865598452045
12376,7639.247917429853
11520,7172.188057101388
10664,5181.896982601514
9808,0.0
8952,5588.763213431346
8096,5588.763213431346
7240,5588.763213431346
6384,5588.763213431346
5528,5601.592112315036
4672,5181.896982601514
3816,0.0
2960,9142.146904533049
2104,7501.045952687234
1248,7172.188057101388
392,7172.188057101388
40625,5204.669518776431
39769,8005.8215540624105
38913,8368.532749816017
38057,7568.5655666023
37201,7477.457330842207
36345,7340.706474179349
35489,7501.242466844093
34633,5163.576423912416
33777,7947.347361125719
32921,5889.716216847539
32065,5892.953774567596
31209,5820.17023879237
30353,5944.4392984364285
29497,6341.6409021377385
28641,5758.449635087137
27785,7784.302842843072
26929,8742.284038843298
26073,7658.551504500387
25217,7621.128652194933
24361,7635.5306892319695
23505,7833.64994007372
22649,5047.58747633902
21793,7740.52502029525
20937,5527.506212575391
20081,5483.863263857443
19225,5434.148251878681
18369,5512.27768668543
17513,6033.781088532925
16657,5014.061943843193
15801,7727.447044104774
14945,14216.072310221238
14089,7892.327948677653
13233,7922.438716587452
12377,7907.530058763829
11521,8105.065824031142
10665,5198.631657389452
9809,8159.3425951047
8953,5791.825451698356
8097,5785.21116598407
7241,5727.7545831725465
6385,5771.456992383706
5529,6060.654552631193
4673,5153.235815484896
3817,8101.847585369065
2961,7947.942214834021
2105,7737.515732108292
1249,7694.10558376554
393,7695.465899669681
40626,4432.0466858544505
39770,0.0
38914,8861.72455479445
38058,6847.369044039834
37202,6781.9826319264475
36346,6650.004586453485
35490,6634.912086453484
34634,4432.0466858544505
33778,0.0
32922,4943.547960637338
32066,4941.42130238818
31210,4911.999437910067
30354,4918.681256091885
29498,4800.701845199508
28642,0.0
27786,0.0
26930,8533.17584802164
26074,6660.592190052193
25218,6631.944584636273
24362,6631.944584636273
23506,6631.944584636273
22650,5353.784731811186
21794,0.0
20938,5146.444670983516
20082,5116.991465855311
19226,5071.27168471053
18370,5077.953502892348
17514,5402.136347411773
16658,5519.140458962124
15802,0.0
14946,11795.77619373975
14090,6886.248632116393
13234,7051.867771242088
12378,6725.788638469549
11522,6436.724770411837
10666,5346.86917625563
9810,0.0
8954,5047.7628663508085
8098,5018.309661222604
7242,4988.88779674449
6386,4995.5696149263085
5530,5327.192123115533
4674,5346.86917625563
3818,0.0
2962,8213.695246974554
2106,6630.097776132779
1250,6601.450170716858
394,6601.450170716858
40627,8160.81628933844
39771,0.0
38915,10385.054531018131
38059,8708.541355447185
37203,8708.541355447185
36347,8708.541355447185
35491,8708.541355447185
34635,6700.449197459445
33779,0.0
32923,6679.423011973314
32067,6627.327168261877
31211,6627.327168261877
30355,6627.327168261877
29499,6627.327168261877
28643,6627.327168261877
27787,0.0
26931,10016.380725495334
26075,8708.541355447185
25219,8708.541355447185
24363,8708.541355447185
23507,8708.541355447185
22651,6627.327168261877
21795,0.0
20939,6627.327168261877
20083,6627.327168261877
19227,6627.327168261877
18371,6627.327168261877
17515,6945.830451359067
16659,7603.388800360086
15803,0.0
14947,11244.204583936369
14091,9659.048287149277
13235,10016.324424668557
12379,8708.541355447185
11523,8708.541355447185
10667,6700.449197459445
9811,0.0
8955,6700.449197459445
8099,6700.449197459445
7243,6679.423011973314
6387,6679.423011973314
5531,6627.327168261877
4675,6627.327168261877
3819,0.0
2963,10310.890019527433
2107,8708.541355447185
1251,8708.541355447185
395,8708.541355447185
40628,5724.3418499190875
39772,0.0
38916,10042.719749393444
38060,9463.170490795304
37204,8872.441424822398
36348,8567.992421786543
35492,8289.336380901515
34636,5661.3085553578985
33780,0.0
32924,5463.304796592297
32068,5400.160562112179
31212,5369.228756154979
30356,5248.889186728305
29500,5193.685873236241
28644,5188.637477927844
27788,0.0
26932,9813.55116737361
26076,9173.70716724734
25220,8501.373126453747
24364,8422.358898932644
23508,8213.68848502696
22652,5103.890402791652
21796,0.0
20940,5240.425367037932
20084,5273.397101297825
19228,5365.157256844033
18372,5531.942597467914
17516,6006.076252183489
16660,5923.350318441305
15804,0.0
14948,10043.950030444092
14092,9474.146787205864
13236,9336.24322171864
12380,9077.99887967724
11524,8524.435925379865
10668,5781.594012538389
9812,0.0
8956,5679.2553397589245
8100,5649.094478230103
7244,5643.659904485135
6388,5585.391094360075
5532,5497.967779862753
4676,5474.5481456543675
3820,0.0
2964,9988.615881213691
2108,9211.97652286993
1252,8524.909931332866
396,8452.155201263056
40629,7708.7845301275875
39773,0.0
38917,10825.006979646827
38061,8427.740806612439
37205,8427.740806612439
36349,8427.740806612439
35493,8427.740806612439
34637,6729.2507708960065
33781,0.0
32925,6738.347961930712
32069,6701.659779551977
31213,6701.659779551977
30357,6701.659779551977
29501,6701.659779551977
28645,6701.659779551977
27789,0.0
26933,10207.428188578304
26077,8427.740806612439
25221,8427.740806612439
24365,8427.740806612439
23509,8427.740806612439
22653,6701.659779551977
21797,0.0
20941,6701.659779551977
20085,6701.659779551977
19229,6701.659779551977
18373,6701.659779551977
17517,6901.757105440649
16661,6518.272721009702
15805,0.0
14949,10664.413414014884
14093,9355.906481996708
13237,9992.097677125008
12381,8427.740806612439
11525,8427.740806612439
10669,6842.450390277556
9813,0.0
8957,6758.202571172632
8101,6758.202571172632
7245,6738.347961930712
6389,6738.347961930712
5533,6701.659779551977
4677,6701.659779551977
3821,0.0
2965,10611.091748501709
2109,8427.740806612439
1253,8427.740806612439
397,8427.740806612439
40630,5909.521505827952
39774,0.0
38918,9527.454658471115
38062,7389.568656458887
37206,7389.568656458887
36350,7389.568656458887
35494,7389.568656458887
34638,5341.346607117721
33782,0.0
32926,5320.32042163159
32070,5303.596831594668
31214,5303.596831594668
30358,5303.596831594668
29502,5303.596831594668
28646,5315.214328962247
27790,0.0
26934,9273.515438650913
26078,7389.568656458887
25222,7389.568656458887
24366,7389.568656458887
23510,7389.568656458887
22654,5315.214328962247
21798,0.0
20942,5315.214328962247
20086,5315.214328962247
19230,5315.214328962247
18374,5315.214328962247
17518,5551.95601341495
16662,5927.94635167499
15806,0.0
14950,14182.854008413013
14094,8835.684118646215
13238,9168.915668736137
12382,7389.568656458887
11526,7389.568656458887
10670,5352.964104485301
9814,0.0
8958,5352.964104485301
8102,5352.964104485301
7246,5331.93791899917
6390,5331.93791899917
5534,5315.214328962247
4678,5315.214328962247
3822,0.0
2966,9464.14299333103
2110,7389.568656458887
1254,7389.568656458887
398,7389.568656458887
40631,6650.600183228001
39775,0.0
38919,8221.442490548869
38063,6851.944060864465
37207,6759.4570851211965
36351,6705.617648660981
35495,6733.313433356842
34639,5842.16251461822
33783,0.0
32927,4717.1938284826365
32071,4777.876449086281
31215,4647.2022077591255
30359,4662.371811227699
29503,5171.824106194911
28647,5746.619938553699
27791,0.0
26935,8033.444084878915
26079,6769.073356500621
25223,6752.600005138056
24367,6752.600005138056
23511,6778.55338242651
22655,5736.732432572839
21799,0.0
20943,4642.271727751506
20087,4742.676265041651
19231,4577.398126277362
18375,4644.246503269359
17519,5802.768705683386
16663,6415.773280909633
15807,0.0
14951,10591.74775536532
14095,7480.176820457883
13239,7814.701794500504
12383,7040.952896547047
11527,6855.683375525591
10671,5889.643044921249
9815,0.0
8959,4755.239189615361
8103,4835.365235952017
7247,4638.14342659335
6391,4651.608836083387
5535,5196.161840682646
4679,5738.03330851707
3823,0.0
2967,8146.337240942521
2111,6772.314081574281
1255,6729.8343618974895
399,6729.8343618974895
40632,3282.5758330891144
39776,0.0
38920,8148.94872956971
38064,7014.143355151671
37208,6983.941863915502
36352,6870.801420708048
35496,6870.801420708048
34640,3282.5758330891144
33784,0.0
32928,3819.0323193313825
32072,3819.0323193313825
31216,3819.0323193313825
30360,3819.0323193313825
29504,3887.9338089697953
28648,3282.5758330891144
27792,0.0
26936,8062.599366195104
26080,6871.362864562154
25224,6870.801420708048
24368,6870.801420708048
23512,6870.801420708048
22656,3282.5758330891144
21800,0.0
20944,3811.1985693313827
20088,3811.1985693313827
19232,3811.1985693313827
18376,3811.1985693313827
17520,4234.374201419779
16664,3281.3071549281954
15808,0.0
14952,13182.149013780121
14096,7086.69150671251
13240,7139.32325748121
12384,7068.014595393618
11528,7009.03894267875
10672,3282.5758330891144
9816,0.0
8960,3824.776956790833
8104,3824.776956790833
7248,3824.776956790833
6392,3805.2299782660903
5536,3887.9338089697953
4680,3282.5758330891144
3824,0.0
2968,8376.293466582085
2112,6907.549396056994
1256,6906.987952202889
400,6906.987952202889
40633,4962.705397891109
39777,0.0
38921,8475.9454024178
38065,6763.072127922776
37209,6617.967119556965
36353,6817.282890349805
35497,6801.609203174799
34641,4962.705397891109
33785,0.0
32929,4914.944051245903
32073,4900.445210542507
31217,4883.609650153948
30361,4883.609650153948
29505,5168.562933604603
28649,4949.413687046591
27793,0.0
26937,8237.285063772239
26081,6642.564787807534
25225,6468.762874494817
24369,6707.681561360772
23513,6808.927375918595
22657,4949.413687046591
21801,0.0
20945,4855.093290332599
20089,4855.093290332599
19233,4860.466950510441
18377,4873.558825771183
17521,5228.810127466516
16665,5003.756589710001
15809,0.0
14953,10604.897332454299
14097,6850.646764020111
13241,6805.820896645247
12385,6977.325556981779
11529,6829.601604946755
10673,4962.705397891109
9817,0.0
8961,4874.137184054492
8105,4874.137184054492
7249,4874.137184054492
6393,4874.137184054492
5537,5174.23317664214
4681,4949.413687046591
3825,0.0
2969,8293.062457110593
2113,6616.022714302506
1257,6487.837271419371
401,6809.326414208531
40634,6900.329353878606
39778,0.0
38922,9342.32155771156
38066,7095.142839240207
37210,7095.142839240207
36354,7095.142839240207
35498,7095.142839240207
34642,6562.6879034414715
33786,0.0
32930,6541.661717955341
32074,6489.565874243904
31218,6489.565874243904
30362,6489.565874243904
29506,6489.565874243904
28650,6733.253139016782
27794,0.0
26938,9366.301640366955
26082,7358.065103742215
25226,7358.065103742215
24370,7358.065103742215
23514,7358.065103742215
22658,6733.253139016782
21802,0.0
20946,6707.013470800766
20090,6707.013470800766
19234,6707.013470800766
18378,6707.013470800766
17522,6821.8242628171865
16666,6804.480415641131
15810,0.0
14954,13662.891157299027
14098,8748.660128711714
13242,8695.973384025741
12386,7358.065103742215
11530,7358.065103742215
10674,6806.375168214351
9818,0.0
8962,6780.135499998335
8106,6780.135499998335
7250,6759.109314512204
6394,6759.109314512204
5538,6733.253139016782
4682,6733.253139016782
3826,0.0
2970,9511.718673560415
2114,7358.065103742215
1258,7358.065103742215
402,7358.065103742215
40635,7687.408428124047
39779,2031.08215780858
38923,10598.586712143404
38067,7402.84588236643
37211,7402.84588236643
36355,7402.84588236643
35499,7402.84588236643
34643,6778.947979197637
33787,2009.8862709560317
32931,6788.045170232343
32075,6751.356987853608
31219,6751.356987853608
30363,6751.356987853608
29507,6751.356987853608
28651,6751.356987853608
27795,1951.8818305815917
26939,10399.793291163447
26083,7402.84588236643
25227,7402.84588236643
24371,7402.84588236643
23515,7402.84588236643
22659,6751.356987853608
21803,1921.8549959925695
20947,6751.356987853608
20091,6751.356987853608
19235,6751.356987853608
18379,6751.356987853608
17523,6805.454903487446
16667,6858.924369738858
15811,1947.9149073081055
14955,10060.385496122299
14099,8703.886452429131
13243,10194.92540564461
12387,7402.84588236643
11531,7402.84588236643
10675,6900.623825130413
9819,2010.4044593496317
8963,6778.768018498653
8107,6778.768018498653
7251,6788.045170232343
6395,6788.045170232343
5539,6751.356987853608
4683,6751.356987853608
3827,1953.9762152417657
2971,10551.388045542151
2115,7402.84588236643
1259,7402.84588236643
403,7402.84588236643
40636,8354.018890453943
39780,0.0
38924,10095.295448200473
38068,7886.029347501089
37212,7886.029347501089
36356,7886.029347501089
35500,7886.029347501089
34644,6624.534204642002
33788,0.0
32932,6621.053697142108
32076,6584.3655147633735
31220,6584.3655147633735
30364,6584.3655147633735
29508,6584.3655147633735
28652,6584.3655147633735
27796,0.0
26940,9757.177142454922
26084,7886.029347501089
25228,7886.029347501089
24372,7886.029347501089
23516,7886.029347501089
22660,6584.3655147633735
21804,0.0
20948,6584.3655147633735
20092,6584.3655147633735
19236,6584.3655147633735
18380,6584.3655147633735
17524,6713.8824934701615
16668,7157.926151617491
15812,0.0
14956,10998.03543460858
14100,9484.22445120298
13244,10270.52915065076
12388,7886.029347501089
11532,7886.029347501089
10676,6803.951381730117
9820,0.0
8964,6653.486004918627
8108,6653.486004918627
7252,6621.053697142108
6396,6621.053697142108
5540,6584.3655147633735
4684,6584.3655147633735
3828,0.0
2972,9916.244400786922
2116,7886.029347501089
1260,7886.029347501089
404,7886.029347501089
40637,7800.881270403757
39781,0.0
38925,14932.77120679105
38069,10851.418865752234
37213,10206.070377887432
36357,10206.070377887432
35501,10206.070377887432
34645,6921.645787573567
33789,0.0
32933,6913.197300622035
32077,6861.101456910598
31221,6861.101456910598
30365,6861.101456910598
29509,6861.101456910598
28653,6861.101456910598
27797,0.0
26941,13646.364407176421
26085,10814.173619239487
25229,10206.070377887432
24373,10206.070377887432
23517,10206.070377887432
22661,6861.101456910598
21805,0.0
20949,6861.101456910598
20093,6861.101456910598
19237,6861.101456910598
18381,6861.101456910598
17525,7148.349779256269
16669,7503.880594493167
15813,0.0
14957,13637.382979244734
14101,11374.740220291837
13245,11711.08821634913
12389,10206.070377887432
11533,10206.070377887432
10677,6921.645787573567
9821,0.0
8965,6921.645787573567
8109,6921.645787573567
7253,6913.197300622035
6397,6913.197300622035
5541,6861.101456910598
4685,6861.101456910598
3829,0.0
2973,14200.821151047106
2117,10814.173619239487
1261,10206.070377887432
405,10206.070377887432
40638,8203.000377115937
39782,0.0
38926,10523.590034685545
38070,7743.631622363489
37214,7743.631622363489
36358,7743.631622363489
35502,7743.631622363489
34646,6618.309817183502
33790,0.0
32934,6614.829309683609
32078,6596.143154857819
31222,6596.143154857819
30366,6596.143154857819
29510,6596.143154857819
28654,6596.143154857819
27798,0.0
26942,10375.939150562477
26086,7743.631622363489
25230,7743.631622363489
24374,7743.631622363489
23518,7743.631622363489
22662,6596.143154857819
21806,0.0
20950,6596.143154857819
20094,6596.143154857819
19238,6596.143154857819
18382,6596.143154857819
17526,6671.947082508618
16670,7158.69825644565
15814,0.0
14958,10551.66421352531
14102,8766.247065191817
13246,9499.171410569947
12390,7748.046161411773
11534,7748.046161411773
10678,6784.429939850595
9822,0.0
8966,6618.129856484517
8110,6618.129856484517
7254,6614.829309683609
6398,6614.829309683609
5542,6596.143154857819
4686,6596.143154857819
3830,0.0
2974,10443.913442042563
2118,7748.046161411773
1262,7748.046161411773
406,7748.046161411773
40639,7444.521060181694
39783,5077.852864646749
38927,8434.173576211268
38071,7892.692421388522
37215,7892.692421388522
36359,7892.692421388522
35503,7892.692421388522
34647,6583.668989008221
33791,5041.504060818998
32935,6580.188481508327
32079,6561.5023266825365
31223,6561.5023266825365
30367,6561.5023266825365
29511,6561.5023266825365
28655,6561.5023266825365
27799,4945.664061096498
26943,8231.932255981817
26087,7892.692421388522
25231,7892.692421388522
24375,7892.692421388522
23519,7892.692421388522
22663,6561.5023266825365
21807,4656.304631262988
20951,6561.5023266825365
20095,6561.5023266825365
19239,6561.5023266825365
18383,6561.5023266825365
17527,6691.224880868165
16671,6431.598235717684
15815,4586.463853283658
14959,9066.461375833756
14103,8890.233628088547
13247,9394.571737372036
12391,7892.692421388522
11535,7892.692421388522
10679,6696.868608389769
9823,4420.603437851279
8967,6612.620789284846
8111,6612.620789284846
7255,6580.188481508327
6399,6580.188481508327
5543,6561.5023266825365
4687,6561.5023266825365
3831,4361.23513004797
2975,8222.453076878823
2119,7892.692421388522
1263,7892.692421388522
407,7892.692421388522
40640,6912.0181873168785
39784,0.0
38928,9834.978738387545
38072,7813.646755609896
37216,7813.646755609896
36360,7813.646755609896
35504,7813.646755609896
34648,5301.31978817026
33792,0.0
32936,5297.839280670365
32080,5223.771857677833
31224,5223.771857677833
30368,5223.771857677833
29512,5223.771857677833
28656,5223.771857677833
27800,0.0
26944,9523.61179328377
26088,7813.646755609896
25232,7813.646755609896
24376,7813.646755609896
23520,7813.646755609896
22664,5223.771857677833
21808,0.0
20952,5223.771857677833
20096,5223.771857677833
19240,5223.771857677833
18384,5223.771857677833
17528,5541.543561399654
16672,5447.716726053568
15816,0.0
14960,9976.352343183406
14104,9059.638896086768
13248,9591.860087173778
12392,7813.646755609896
11536,7813.646755609896
10680,5393.356693454311
9824,0.0
8968,5330.271588446884
8112,5330.271588446884
7256,5297.839280670365
6400,5297.839280670365
5544,5223.771857677833
4688,5223.771857677833
3832,0.0
2976,9676.516119320539
2120,7813.646755609896
1264,7813.646755609896
408,7813.646755609896
40641,11669.88438164738
39785,0.0
38929,12785.924502828877
38073,12206.577513753915
37217,12137.653428786598
36361,11993.608725270025
35505,11775.794017011898
34649,11590.32466132452
33793,0.0
32937,10898.782021191528
32081,10827.558485918365
31225,10496.902308065888
30369,10393.412333550896
29513,10753.52994531338
28657,11369.255760334207
27801,0.0
26945,12326.066757765377
26089,11839.47806645247
25233,11755.23149996989
24377,11722.863696949795
23521,11760.42230322157
22665,11374.125457303902
21809,0.0
20953,10688.666519516379
20097,10623.113097879579
19241,10457.259105781057
18385,10368.905431193994
17529,11056.818696167933
16673,11778.164028447169
15817,0.0
14961,12776.963703051946
14105,11509.434601336765
13249,11950.565636700525
12393,12195.83260585974
11537,12195.83260585974
10681,11648.585871009085
9825,0.0
8969,11127.697885151769
8113,10992.134345100245
7257,10682.222869130233
6401,10418.100907616617
5545,10731.856317447358
4689,11381.235389963836
3833,0.0
2977,12831.181525484068
2121,11829.388271358677
1265,11767.399785684176
409,11735.03198266408
40642,7646.735714393749
39786,0.0
38930,10120.407794660243
38074,7886.029347501089
37218,7886.029347501089
36362,7886.029347501089
35506,7886.029347501089
34650,6501.820418827833
33794,0.0
32938,6498.339911327939
32082,6479.653756502149
31226,6479.653756502149
30370,6479.653756502149
29514,6479.653756502149
28658,6479.653756502149
27802,0.0
26946,9793.321780830363
26090,7886.029347501089
25234,7886.029347501089
24378,7886.029347501089
23522,7886.029347501089
22666,6479.653756502149
21810,0.0
20954,6479.653756502149
20098,6479.653756502149
19242,6479.653756502149
18386,6479.653756502149
17530,6577.237009496428
16674,6324.495794988636
15818,0.0
14962,10917.763870512235
14106,9083.067554133684
13250,9699.169628936224
12394,7886.029347501089
11538,7886.029347501089
10682,6593.857324111886
9826,0.0
8970,6530.772219104459
8114,6530.772219104459
7258,6498.339911327939
6402,6498.339911327939
5546,6479.653756502149
4690,6479.653756502149
3834,0.0
2978,9961.945175593235
2122,7886.029347501089
1266,7886.029347501089
410,7886.029347501089
40643,3742.975956807098
39787,0.0
38931,10022.001268731132
38075,8164.103080425048
37219,7628.022776655944
36363,7628.022776655944
35507,7628.022776655944
34651,3612.736746262222
33795,0.0
32939,5935.503897421297
32083,5935.503897421297
31227,5935.503897421297
30371,5935.503897421297
29515,4783.878443655023
28659,3603.127095361321
27803,0.0
26947,10365.988053368606
26091,7203.520948220204
25235,6924.999492874357
24379,6924.999492874357
23523,6924.999492874357
22667,4706.718211029631
21811,0.0
20955,6028.8488599111715
20099,6018.494350531661
19243,6018.494350531661
18387,6026.222272609583
17531,4957.805639930228
16675,4737.652240038591
15819,0.0
14963,12217.915787760612
14107,7211.553626718216
13251,7075.186404727227
12395,7029.868610222626
11539,6924.999492874357
10683,4738.197706812318
9827,0.0
8971,6028.8488599111715
8115,6018.494350531661
7259,6018.494350531661
6403,6026.222272609583
5547,4894.73490879492
4691,4711.346060128731
3835,0.0
2979,10405.494429317538
2123,7203.520948220204
1267,6924.999492874357
411,6924.999492874357
40644,4466.269424981529
39788,0.0
38932,11124.99536228462
38076,7571.658709100013
37220,7026.129635040985
36364,7026.129635040985
35508,7026.129635040985
34652,4466.269424981529
33796,0.0
32940,5759.44333792257
32084,5759.44333792257
31228,5759.44333792257
30372,5759.44333792257
29516,5758.474136531319
28660,4466.269424981529
27804,0.0
26948,10991.06851240116
26092,7571.658709100013
25236,7026.129635040985
24380,7026.129635040985
23524,7026.129635040985
22668,4466.269424981529
21812,0.0
20956,5759.44333792257
20100,5759.44333792257
19244,5759.44333792257
18388,5759.44333792257
17532,5758.474136531319
16676,4466.269424981529
15820,0.0
14964,11109.738100260913
14108,7636.6421392684715
13252,8048.72757956242
12396,7392.7108244290475
11540,7026.129635040985
10684,4466.269424981529
9828,0.0
8972,5759.44333792257
8116,5759.44333792257
7260,5759.44333792257
6404,5759.44333792257
5548,5758.474136531319
4692,4466.269424981529
3836,0.0
2980,10937.117734902235
2124,7571.658709100013
1268,7026.129635040985
412,7026.129635040985
40645,6858.304057412153
39789,0.0
38933,10827.03891734794
38077,7528.34553513806
37221,7482.76721732336
36365,7264.122915325768
35509,7264.122915325768
34653,5781.490948863583
33797,0.0
32941,6830.175514021392
32085,6829.1850461851345
31229,6818.764540257372
30373,6818.764540257372
29517,8052.89668701972
28661,5749.852853625488
27805,0.0
26949,9104.201588035148
26093,7274.577546087867
25237,7264.122915325768
24381,7264.122915325768
23525,7264.122915325768
22669,5722.973953566722
21813,0.0
20957,6812.421126463624
20101,6812.421126463624
19245,6802.000620535861
18389,6802.000620535861
17533,9859.003585280467
16677,6431.0185628006375
15821,0.0
14965,9317.941795858009
14109,7808.758313468568
13253,7966.98854049224
12397,7903.887683630089
11541,7449.511015591586
10685,5849.508959636615
9829,0.0
8973,6868.119927204234
8117,6758.86604449511
7261,6724.569732874907
6405,6724.569732874907
5549,8028.264287638307
4693,5745.368160429368
3837,0.0
2981,10379.31083313917
2125,7274.577546087867
1269,7264.122915325768
413,7264.122915325768
40646,4504.476130554219
39790,0.0
38934,8868.865723250297
38078,6728.525158108646
37222,6590.099702342373
36366,6512.614874244912
35510,6517.2763904486155
34654,4493.716400773416
33798,0.0
32942,4417.130960056946
32086,4417.130960056946
31230,4417.130960056946
30374,4417.130960056946
29518,4491.500948898222
28662,4493.716400773416
27806,0.0
26950,8608.280600415486
26094,6689.203935633824
25238,6507.7244535398995
24382,6488.707330524027
23526,6493.36884672773
22670,4485.00112299564
21814,0.0
20958,4408.415682279168
20102,4408.415682279168
19246,4408.415682279168
18390,4408.415682279168
17534,4570.66020294514
16678,4587.733435754677
15822,0.0
14966,10896.479661063824
14110,7052.562992509572
13254,6786.157877654733
12398,6593.352628723564
11542,6578.573798413139
10686,4493.716400773416
9830,0.0
8974,4417.130960056946
8118,4417.130960056946
7262,4417.130960056946
6406,4417.130960056946
5550,4491.500948898222
4694,4493.716400773416
3838,0.0
2982,9009.938228753417
2126,6689.203935633824
1270,6507.7244535398995
414,6488.707330524027
40647,2574.3635171177807
39791,0.0
38935,6770.980009038654
38079,5665.923372773914
37223,5418.390165717632
36367,5418.390165717632
35511,5418.390165717632
34655,2512.2623029991155
33799,0.0
32943,4023.106773747146
32087,3819.368564526655
31231,3449.172749464033
30375,3441.4738475756913
29519,3441.4738475756913
28663,2497.832047267193
27807,0.0
26951,6747.789420434793
26095,5665.923372773914
25239,5418.390165717632
24383,5418.390165717632
23527,5418.390165717632
22671,2489.4180453431914
21815,0.0
20959,4015.4513540206735
20103,3810.3244999425906
19247,3415.2435104669194
18391,3407.544608578578
17535,3407.544608578578
16679,2510.649931739202
15823,0.0
14967,6867.731793751928
14111,5773.276675505682
13255,6266.472565943821
12399,5781.147498081593
11543,5418.390165717632
10687,2546.5991978767247
9831,0.0
8975,4033.495644914964
8119,3826.3374901005805
7263,3445.5585648985984
6407,3431.025549297882
5551,3441.568389283983
4695,2507.150689242502
3839,0.0
2983,6754.946563291936
2127,5684.37084946389
1271,5418.390165717632
415,5418.390165717632
40648,4629.95922159438
39792,0.0
38936,9597.321092966768
38080,9908.55253429163
37224,9813.575132447228
36368,9853.714730718297
35512,9882.313968933788
34656,4629.95922159438
33800,0.0
32944,4648.901646507349
32088,4624.628880684365
31232,4624.628880684365
30376,4624.628880684365
29520,4672.657066918043
28664,0.0
27808,0.0
26952,9559.733694771296
26096,9832.246046491005
25240,9783.563574527936
24384,9808.50200887137
23528,9835.066516447127
22672,4629.95922159438
21816,0.0
20960,4648.901646507349
20104,4637.27067784638
19248,4637.27067784638
18392,4637.27067784638
17536,4747.928973494626
16680,4711.357534610656
15824,0.0
14968,11229.277270367353
14112,9930.610713683678
13256,9958.969615666614
12400,9522.98303527381
11544,9374.569139497502
10688,4629.95922159438
9832,0.0
8976,4648.901646507349
8120,4637.27067784638
7264,4637.27067784638
6408,4637.27067784638
5552,4672.657066918043
4696,4617.3174244323645
3840,0.0
2984,8283.605023595259
2128,10074.56627830935
1272,9456.982697896723
416,9431.495558270723
40649,6014.896748554783
39793,0.0
38937,9242.416854168865
38081,7745.663036068246
37225,7731.503925896952
36369,7622.955444976293
35513,7622.955444976293
34657,5830.176075258529
33801,0.0
32945,4712.555930069995
32089,4712.555930069995
31233,4712.555930069995
30377,4712.555930069995
29521,5799.881934559712
28665,0.0
27809,0.0
26953,9651.047932736867
26097,7949.303333733618
25241,7944.603541071798
24385,7944.603541071798
23529,7944.603541071798
22673,5889.682689138767
21817,0.0
20961,5288.543420902962
20105,5288.543420902962
19249,5288.543420902962
18393,5288.543420902962
17537,5957.792113811045
16681,5953.560499760351
15825,0.0
14969,14857.833675074893
14113,7898.889701806886
13257,7991.629174584697
12401,8066.058377224587
11545,7859.8292031456895
10689,5957.891026094391
9833,0.0
8977,5288.543420902962
8121,5288.543420902962
7265,5288.543420902962
6409,5288.543420902962
5553,5883.21989934867
4697,5885.804482102747
3841,0.0
2985,9543.820544058959
2129,7949.303333733618
1273,7944.603541071798
417,7944.603541071798
40650,6501.716221276015
39794,0.0
38938,11011.552853605448
38082,7756.692144092866
37226,7318.209966146085
36370,7232.2394889815005
35514,7232.2394889815005
34658,5969.272649720565
33802,0.0
32946,5927.16845203644
32090,5941.105468835637
31234,5914.429143047362
30378,5914.429143047362
29522,5925.771349591534
28666,5969.272649720565
27810,0.0
26954,10310.469942085541
26098,7680.187267214776
25242,7255.273506578672
24386,7232.2394889815005
23530,7232.2394889815005
22674,5969.272649720565
21818,0.0
20962,5869.132642486881
20106,5869.132642486881
19250,5869.132642486881
18394,5963.338659221186
17538,6166.222832912675
16682,6408.637473753376
15826,0.0
14970,11621.016278840967
14114,9313.140871754917
13258,9589.678445264677
12402,7266.552301501515
11546,7266.552301501515
10690,6027.833491573748
9834,0.0
8978,5945.69824355411
8122,5917.831146289672
7266,5917.831146289672
6410,5908.554246779869
5554,5942.675698993583
4698,5969.272649720565
3842,0.0
2986,10387.546013595342
2130,7680.187267214776
1274,7255.273506578672
418,7232.2394889815005
40651,2880.7266866647237
39795,0.0
38939,7852.7668863680965
38083,6934.720421242293
37227,6788.179235271363
36371,6795.757245652493
35515,6781.155873951339
34659,2769.338226934438
33803,0.0
32947,5119.961148338875
32091,5055.897138839805
31235,5047.155670585837
30379,5047.155670585837
29523,5278.682321700316
28667,0.0
27811,0.0
26955,7943.155370870762
26099,6853.402617879438
25243,6761.277427877863
24387,6749.6439953381805
23531,6755.3372949333225
22675,3966.83506226337
21819,0.0
20963,5202.751947379121
20107,5202.751947379121
19251,5202.751947379121
18395,5202.751947379121
17539,5542.700679863494
16683,3966.83506226337
15827,0.0
14971,12034.643388098111
14115,7001.916374759016
13259,7048.327784212726
12403,6992.601512878061
11547,6767.689347154546
10691,3966.83506226337
9835,0.0
8979,5247.223743399402
8123,5238.411417713392
7267,5238.411417713392
6411,5229.326651207756
5555,5434.9778127785285
4699,3966.83506226337
3843,0.0
2987,7893.096773437689
2131,6916.737934251921
1275,6764.815707163937
419,6753.182274624254
40652,1528.6890892297447
39796,0.0
38940,5218.677345898754
38084,5455.349395546391
37228,5357.8982591429585
36372,5345.488175035639
35516,5345.488175035639
34660,1520.1954630211183
33804,0.0
32948,1941.3976283498753
32092,1921.285764519826
31236,1992.9288423967332
30380,1990.8494524185194
29524,1965.2592355224328
28668,1529.03952830821
27812,0.0
26956,5201.591000473346
26100,5455.349395546391
25244,5357.8982591429585
24388,5345.488175035639
23532,5345.488175035639
22676,1489.460934274141
21820,0.0
20964,1912.595254919
20108,1918.0434598440845
19252,1926.086860134544
18396,1923.2001788479943
17540,2014.5968079383968
16684,1601.8539286291727
15828,0.0
14972,5745.131629777358
14116,5519.137293518955
13260,6384.242160735671
12404,5746.657467863811
11548,5357.217394797201
10692,1620.5916990437825
9836,0.0
8980,2075.3006579380612
8124,2072.739318899087
7268,2112.590491984391
6412,2097.3582052896045
5556,2038.949867562773
4700,1594.803285391913
3844,0.0
2988,5201.591000473346
2132,5460.731622770191
1276,5363.280486366759
420,5350.870402259438
40653,8544.023793850436
39797,0.0
38941,13985.63861362292
38085,8392.321610162568
37229,8291.175462567548
36373,7842.849668880284
35517,7842.849668880284
34661,7786.31616846061
33805,0.0
32949,7804.270871440499
32093,7804.270871440499
31237,7804.270871440499
30381,7705.750946716074
29525,8456.499651495476
28669,7766.538105782547
27813,0.0
26957,10638.892642798224
26101,7949.4009436827055
25245,7842.849668880284
24389,7842.849668880284
23533,7842.849668880284
22677,7757.639283300854
21821,0.0
20965,7661.005829353055
20109,7661.005829353055
19253,7661.005829353055
18397,7671.527972210197
17541,9836.334193027613
16685,7905.695631034092
15829,0.0
14973,9050.67668415598
14117,8957.53814852295
13261,9225.710380135113
12405,8769.23801051745
11549,8172.316933388041
10693,7817.582900214474
9837,0.0
8981,7656.217679525521
8125,7656.217679525521
7269,7656.217679525521
6413,7656.217679525521
5557,8411.484995540502
4701,7701.552603645795
3845,0.0
2989,13549.917170361525
2133,7794.859917563476
1277,7688.308642761055
421,7688.308642761055
40654,6790.089709797094
39798,0.0
38942,9649.108512702802
38086,7281.6438118581555
37230,7281.6438118581555
36374,7281.6438118581555
35518,7281.6438118581555
34662,6460.551365333306
33806,0.0
32950,6455.967745404009
32094,6435.422842382345
31238,6435.422842382345
30382,6435.422842382345
29526,6435.422842382345
28670,0.0
27814,0.0
26958,9436.659179038887
26102,7281.6438118581555
25246,7281.6438118581555
24390,7281.6438118581555
23534,7281.6438118581555
22678,6539.010283551165
21822,0.0
20966,6539.010283551165
20110,6539.010283551165
19254,6539.010283551165
18398,6539.010283551165
17542,6687.645932046431
16686,6602.164366696432
15830,0.0
14974,13835.0144310853
14118,8910.131733264927
13262,8971.957650974964
12406,7281.6438118581555
11550,7281.6438118581555
10694,6564.138806502127
9838,0.0
8982,6564.138806502127
8126,6564.138806502127
7270,6559.55518657283
6414,6559.55518657283
5558,6539.010283551165
4702,6539.010283551165
3846,0.0
2990,9692.265890722809
2134,7281.6438118581555
1278,7281.6438118581555
422,7281.6438118581555
40655,7641.145152430779
39799,0.0
38943,9881.995069375682
38087,7813.646755609896
37231,7813.646755609896
36375,7813.646755609896
35519,7813.646755609896
34663,5309.067276405008
33807,0.0
32951,5305.586768905113
32095,5231.519345912582
31239,5231.519345912582
30383,5231.519345912582
29527,5231.519345912582
28671,5231.519345912582
27815,0.0
26959,9602.559552162998
26103,7813.646755609896
25247,7813.646755609896
24391,7813.646755609896
23535,7813.646755609896
22679,5231.519345912582
21823,0.0
20967,5231.519345912582
20111,5231.519345912582
19255,5231.519345912582
18399,5231.519345912582
17543,5459.409055233888
16687,6221.29960372299
15831,0.0
14975,10340.579299843517
14119,8959.560558523599
13263,9712.593004457043
12407,7813.646755609896
11551,7813.646755609896
10695,5488.484453493122
9839,0.0
8983,5338.019076681633
8127,5338.019076681633
7271,5305.586768905113
6415,5305.586768905113
5559,5231.519345912582
4703,5231.519345912582
3847,0.0
2991,9719.645066292907
2135,7813.646755609896
1279,7813.646755609896
423,7813.646755609896
40656,4350.203698365572
39800,0.0
38944,7518.120812077761
38088,5062.357833494046
37232,5022.326307871963
36376,4999.13652432218
35520,5822.036000496814
34664,4164.276255341355
33808,0.0
32952,4401.603906511468
32096,4334.370201016951
31240,4298.46219493391
30384,4302.598151724033
29528,4687.309919614596
28672,3983.3591338517344
27816,0.0
26960,7252.621812604269
26104,5051.95023030375
25248,5016.117775194489
24392,5001.907733024014
23536,5798.72925115819
22680,4001.962249749524
21824,0.0
20968,4361.111131340013
20112,4334.629839473141
19256,4300.901712565712
18400,4323.927265881001
17544,4882.562933643884
16688,4156.565303051209
15832,0.0
14976,8510.556345209685
14120,8314.63242685519
13264,8723.673292440619
12408,5036.529714792002
11552,5822.036000496814
10696,4293.227134735714
9840,0.0
8984,4468.625680478488
8128,4461.723392572643
7272,4374.032507481855
6416,4365.524437987629
5560,4725.456335292353
4704,4036.446548691323
3848,0.0
2992,7323.073663448433
2136,5107.566923086675
1280,5059.719498341785
424,5036.529714792002
40657,7252.877836962729
39801,0.0
38945,9096.098505942256
38089,7949.517560194827
37233,7934.93329251806
36377,7607.371844523974
35521,7433.910377725666
34665,7139.940772831075
33809,0.0
32953,5930.86281434363
32097,5923.229826474431
31241,5938.468850043455
30385,5956.898479673085
29529,6060.377565211473
28673,7147.101747202625
27817,0.0
26961,9024.130957736106
26105,7107.124701921204
25249,7186.819882018884
24393,7230.77449026875
23537,7482.139226515762
22681,7140.92622977343
21825,0.0
20969,5966.541072265678
20113,5966.541072265678
19257,5956.898479673085
18401,5964.214227536332
17545,6099.145425658045
16689,7009.182516024216
15833,0.0
14977,9032.506330511478
14121,8290.392296337921
13265,8331.17774607337
12409,8227.791915248423
11553,7989.98990593868
10697,7207.030127989807
9841,0.0
8985,5919.614903990095
8129,5916.070559441669
7273,5906.427966849076
6417,5906.427966849076
5561,6017.066319420227
4705,7170.18486168074
3849,0.0
2993,9062.944892426141
2137,7131.704889246134
1281,7154.216268214388
425,7120.252621432248
40658,7174.440770094556
39802,0.0
38946,9461.172647539353
38090,7711.898288052881
37234,6683.293794668177
36378,6683.293794668177
35522,6683.293794668177
34666,5992.05905524876
33810,0.0
32954,5751.380998231875
32098,5708.466575149617
31242,5708.466575149617
30386,5720.108241816283
29530,5666.662530045356
28674,5623.359943479097
27818,0.0
26962,8598.222681203983
26106,7432.123200157249
25250,6676.325005390248
24394,6676.325005390248
23538,6676.325005390248
22682,5614.825343580163
21826,0.0
20970,5703.504739998372
20114,5703.504739998372
19258,5703.504739998372
18402,5717.300717009866
17546,6118.675225508715
16690,6419.083789236121
15834,0.0
14978,10095.520562093048
14122,8912.895798069982
13266,9897.827656285563
12410,6683.293794668177
11554,6683.293794668177
10698,6717.492770099957
9842,0.0
8986,6388.144592922531
8130,6168.502733891884
7274,5736.607148397533
6418,5724.508710185038
5562,5674.910461293952
4706,5652.725374727694
3850,0.0
2994,8685.394327902315
2138,7667.061149989053
1282,6683.293794668177
426,6683.293794668177
40659,3908.6939018155467
39803,0.0
38947,13875.857721976876
38091,9585.901541482099
37235,9199.596807565342
36379,9107.690940048537
35523,9107.690940048537
34667,3908.6939018155467
33811,0.0
32955,5824.271035016304
32099,5809.159896441288
31243,5809.159896441288
30387,5822.993229774622
29531,5850.085603225738
28675,3908.6939018155467
27819,0.0
26963,13369.07497489409
26107,9546.97632159708
25251,9132.60458250998
24395,9064.604182710966
23539,9037.451422551218
22683,3908.6939018155467
21827,0.0
20971,5855.9517493020185
20115,5843.215379245521
19259,5843.215379245521
18403,5843.215379245521
17547,5858.402038410923
16691,3932.7787021553936
15835,0.0
14979,14874.479002372478
14123,9542.860046720189
13267,8829.865801148733
12411,9038.243674964951
11555,9124.116862943607
10699,3908.6939018155467
9843,0.0
8987,5824.271035016304
8131,5811.534664959807
7275,5811.534664959807
6419,5811.534664959807
5563,5824.34655560669
4707,3908.6939018155467
3851,0.0
2995,13265.454080037367
2139,9500.14306517148
1283,9162.047111148766
427,9107.690940048537
40660,8778.963637779823
39804,0.0
38948,8254.876400944411
38092,6783.003235920342
37236,6502.183323944486
36380,6502.183323944486
35524,6502.183323944486
34668,8186.9807600733475
33812,0.0
32956,5553.225277029718
32100,5553.225277029718
31244,5553.225277029718
30388,5553.225277029718
29532,6327.130292346239
28676,8122.349895545718
27820,0.0
26964,7928.39426183608
26108,6783.003235920342
25252,6502.183323944486
24396,6502.183323944486
23540,6502.183323944486
22684,8122.349895545718
21828,0.0
20972,5553.225277029718
20116,5553.225277029718
19260,5553.225277029718
18404,5570.346139913879
17548,6359.106458634552
16692,8155.694540716814
15836,0.0
14980,8640.57735961671
14124,6814.19401620145
13268,6919.43018226308
12412,6707.909520887525
11556,6502.183323944486
10700,8270.224844692433
9844,0.0
8988,5534.596419170785
8132,5534.596419170785
7276,5534.596419170785
6420,5534.596419170785
5564,6338.460709012906
4708,8122.349895545718
3852,0.0
2996,7871.555968947195
2140,6783.003235920342
1284,6502.183323944486
428,6502.183323944486
40661,4844.946853398601
39805,0.0
38949,6716.173987165338
38093,4907.866539792094
37237,4900.193312278866
36381,4900.193312278866
35525,4900.193312278866
34669,4674.010241813914
33813,0.0
32957,4829.848967925423
32101,4821.040347443132
31245,4736.11243078242
30389,4724.229531411086
29533,4724.229531411086
28677,4674.010241813914
27821,0.0
26965,6452.622329338557
26109,4907.866539792094
25253,4900.193312278866
24397,4900.193312278866
23541,4900.193312278866
22685,4655.46781667601
21829,0.0
20973,4834.920431676407
20117,4826.111811194117
19261,4733.78420697935
18405,4735.28841627063
17549,4753.672596797481
16693,4834.588899462422
15837,0.0
14981,7933.8642837345915
14125,9105.755069486366
13269,9058.793861154798
12413,4900.193312278866
11557,4900.193312278866
10701,4823.119506051254
9845,0.0
8989,4852.815823103072
8133,4811.289652998687
7277,4736.11243078242
6421,4724.229531411086
5565,4724.229531411086
4709,4674.010241813914
3853,0.0
2997,6472.558416363985
2141,4907.866539792094
1285,4900.193312278866
429,4900.193312278866
40662,4232.338492972666
39806,0.0
38950,8242.366488258713
38094,6352.567546987279
37238,6299.389568861845
36382,6111.583653392861
35526,6102.442643069361
34670,4270.900723810746
33814,0.0
32958,4184.825939721958
32102,4184.825939721958
31246,4184.825939721958
30390,4184.825939721958
29534,4260.402723117922
28678,0.0
27822,0.0
26966,7749.422836964589
26110,5907.946094553712
25254,5865.901479638281
24398,5881.16056047992
23542,5902.047483555162
22686,4270.900723810746
21830,0.0
20974,4185.415300790614
20118,4185.415300790614
19262,4185.415300790614
18406,4185.415300790614
17550,4272.547565757737
16694,4283.045566450561
15838,0.0
14982,12567.178109743565
14126,6430.035560469722
13270,6678.230305977489
12414,6325.041120855212
11558,5966.677336002168
10702,4271.490084879401
9846,0.0
8990,4185.415300790614
8134,4185.415300790614
7278,4185.415300790614
6422,4185.415300790614
5566,4260.992084186577
4710,4271.490084879401
3854,0.0
2998,7586.414004675312
2142,5947.58772653308
1286,5913.674229883073
430,5913.674229883073
40663,4120.443742919889
39807,0.0
38951,6863.145101959873
38095,5640.856712722448
37239,5507.395810366242
36383,4539.457766575576
35527,4485.209625448186
34671,3762.4235772841657
33815,0.0
32959,3588.3169986445187
32103,3583.634695877841
31247,3591.2387814318868
30391,3544.689477415741
29535,3541.7148279448415
28679,3711.463319679233
27823,0.0
26967,6484.978380464198
26111,5269.488183592492
25255,5138.745989294694
24399,4396.655788757577
23543,4327.319138925929
22687,3677.6606855623636
21831,0.0
20975,3535.152735320864
20119,3529.301990510119
19263,3542.2213871551407
18407,3531.7553835753874
17551,3683.206496583843
16695,3888.387420468632
15839,0.0
14983,6701.445922244198
14127,5771.680393219109
13271,5776.662282468123
12415,4899.914462492304
11559,4585.221213450882
10703,3824.6444604338485
9847,0.0
8991,3646.665931294161
8135,3592.6870913821954
7279,3621.896930703201
6423,3528.7587907660304
5567,3534.2583197093104
4711,3730.770388980474
3855,0.0
2999,6463.747581659245
2143,5256.7956555572555
1287,5115.679095077799
431,4393.256909627449
40664,2859.0316626712324
39808,0.0
38952,5158.848982975347
38096,5388.251270391995
37240,4845.314383701648
36384,4853.913160103524
35528,4853.913160103524
34672,2859.0316626712324
33816,0.0
32960,3716.120478746844
32104,3697.0794844047577
31248,3697.0794844047577
30392,3697.0794844047577
29536,3701.2190136631516
28680,2859.0316626712324
27824,0.0
26968,4983.751049882205
26112,5371.9125281763
25256,4840.686809330938
24400,4849.285585732814
23544,4849.285585732814
22688,2859.0316626712324
21832,0.0
20976,3697.0794844047577
20120,3697.0794844047577
19264,3697.0794844047577
18408,3697.0794844047577
17552,3861.1097265196295
16696,2864.4405640211817
15840,0.0
14984,5171.760555179459
14128,5603.674950508401
13272,6326.752464460987
12416,5362.9556119333765
11560,4865.62432794851
10704,2859.0316626712324
9848,0.0
8992,3784.0947689620134
8136,3737.5198645668574
7280,3708.7140498155964
6424,3708.7140498155964
5568,3697.27433198147
4712,2859.0316626712324
3856,0.0
3000,4970.378224790629
2144,5371.9125281763
1288,4840.686809330938
432,4849.285585732814
40665,5799.540643869591
39809,0.0
38953,9643.276836474455
38097,7814.790429825711
37241,7404.121358742811
36385,7404.121358742811
35529,7404.121358742811
34673,5799.540643869591
33817,0.0
32961,5542.5197478004575
32105,5542.5197478004575
31249,5542.5197478004575
30393,5542.5197478004575
29537,6105.899703699559
28681,5799.540643869591
27825,0.0
26969,9643.276836474455
26113,7814.790429825711
25257,7404.121358742811
24401,7404.121358742811
23545,7404.121358742811
22689,5799.540643869591
21833,0.0
20977,5542.5197478004575
20121,5542.5197478004575
19265,5542.5197478004575
18409,5542.5197478004575
17553,6105.899703699559
16697,5799.540643869591
15841,0.0
14985,9717.6320090092
14129,7932.96033221895
13273,8679.211508234284
12417,7886.995285279042
11561,7404.121358742811
10705,5799.540643869591
9849,0.0
8993,5542.5197478004575
8137,5542.5197478004575
7281,5542.5197478004575
6425,5542.5197478004575
5569,6105.899703699559
4713,5799.540643869591
3857,0.0
3001,9643.276836474455
2145,7814.790429825711
1289,7404.121358742811
433,7404.121358742811
40666,14226.642612262465
39810,20830.866145224605
38954,18584.967143129667
38098,18771.759099257226
37242,18363.82080610171
36386,18209.552870026346
35530,18014.449738895364
34674,12799.227453020334
33818,19170.707431626106
32962,15842.929221777613
32106,15685.509524946667
31250,15427.626880434318
30394,15346.3735116272
29538,15449.311615232531
28682,12616.371437230568
27826,19111.895199568946
26970,17719.516873035944
26114,18028.574788508064
25258,17505.089762410113
24402,17344.094757045106
23546,17741.563223025612
22690,12574.926961322488
21834,19223.153908158834
20978,14935.797721190847
20122,14836.837156755286
19266,14768.988882945761
18410,15309.498898874823
17554,16335.761486564908
16698,13830.89777171988
15842,19557.161299794974
14986,17166.454960094972
14130,19020.21009714822
13274,18809.415624851194
12418,18579.177872908236
11562,18251.069459781775
10706,13093.161442729384
9850,19473.044738902165
8994,16297.024061541526
8138,16188.26191461438
7282,15773.121292426107
6426,15669.233427934936
5570,15729.272957593876
4714,12995.079935995376
3858,19388.356888019385
3002,17651.040700484627
2146,18206.27980164308
1290,17716.04503177867
434,17429.999671349207
40667,4443.818192760182
39811,0.0
38955,8875.351711663945
38099,6113.123697636063
37243,6031.141957513203
36387,5800.568149055242
35531,5791.427138731743
34675,4443.818192760182
33819,0.0
32963,4412.1051999513675
32107,4412.1051999513675
31251,4412.1051999513675
30395,4412.1051999513675
29539,4460.774961339911
28683,4443.818192760182
27827,0.0
26971,8429.162011964303
26115,5806.322617971047
25259,5736.7816213817505
24403,5736.7816213817505
23547,5750.364283805365
22691,4443.818192760182
21835,0.0
20979,4412.1051999513675
20123,4412.1051999513675
19267,4412.1051999513675
18411,4412.1051999513675
17555,4465.641020312867
16699,4471.435421191472
15843,0.0
14987,10189.508654197782
14131,6375.09282061771
13275,6516.831942141077
12419,6309.517047651187
11563,6010.889006532187
10707,4443.818192760182
9851,0.0
8995,4412.1051999513675
8139,4412.1051999513675
7283,4412.1051999513675
6427,4412.1051999513675
5571,4460.774961339911
4715,4443.818192760182
3859,0.0
3003,8881.466673205568
2147,5814.876488344055
1291,5753.127423616625
435,5753.127423616625
40668,6553.210606666569
39812,0.0
38956,8032.399700239015
38100,7536.430276509184
37244,7516.445069282283
36388,7399.311863095412
35532,7399.311863095412
34676,6272.467007277367
33820,0.0
32964,5331.4224282747045
32108,5331.4224282747045
31252,5331.4224282747045
30396,5331.4224282747045
29540,6242.935352876287
28684,6272.467007277367
27828,0.0
26972,8203.860144010947
26116,7404.011655757233
25260,7399.311863095412
24404,7399.311863095412
23548,7399.311863095412
22692,6266.318099633544
21836,0.0
20980,5331.4224282747045
20124,5331.4224282747045
19268,5331.4224282747045
18412,5331.4224282747045
17556,6304.502063995243
16700,6371.249019516386
15844,0.0
14988,12191.666161602705
14132,7568.635816336498
13276,7677.5629821293705
12420,7613.320800791779
11564,7523.874576829411
10708,6399.076054140121
9852,0.0
8996,5331.4224282747045
8140,5331.4224282747045
7284,5331.4224282747045
6428,5331.4224282747045
5572,6242.935352876287
4716,6272.467007277367
3860,0.0
3004,8123.991194350217
2148,7453.784116983954
1292,7449.084324322133
436,7449.084324322133
40669,6770.517513058336
39813,0.0
38957,10797.652804572495
38101,8701.339255587689
37245,7772.366209719455
36389,7273.232209325784
35533,7252.503366733192
34677,5713.005046502196
33821,0.0
32965,5798.603008660497
32109,5824.586516179038
31253,5838.890900890602
30397,5776.7052738034745
29541,5723.457723035871
28685,5701.890930188862
27829,0.0
26973,9858.324626644668
26117,7727.524476043344
25261,7363.857442503176
24405,7157.094861054303
23549,7203.331607430688
22693,5639.59894567698
21837,0.0
20981,5756.932285009433
20125,5756.932285009433
19269,5751.954221517371
18413,5698.082683997429
17557,5842.178747972435
16701,6494.339159143681
15845,0.0
14989,10337.306875469338
14133,8942.620325558259
13277,9057.869120243242
12421,7663.136183187444
11565,7511.923561839013
10709,5818.226931458369
9853,0.0
8997,5931.708543575427
8141,5856.237762489165
7285,5790.764632129543
6429,5737.90606207838
5573,5698.5621395100625
4717,5691.127067395881
3861,0.0
3005,9940.757845422078
2149,7711.486767521957
1293,7329.682970001323
437,7166.450823355892
40670,4165.169793789603
39814,0.0
38958,7815.134729720142
38102,6478.308413534236
37246,6502.472277196237
36390,6350.204862245259
35534,6350.204862245259
34678,4106.543845116787
33822,0.0
32966,4485.767627640461
32110,4485.767627640461
31254,4485.767627640461
30398,4485.767627640461
29542,4578.134521999874
28686,4094.384400672343
27830,0.0
26974,7424.671810012594
26118,6349.991782071923
25262,6350.204862245259
24406,6350.204862245259
23550,6350.204862245259
22694,4094.384400672343
21838,0.0
20982,4485.767627640461
20126,4485.767627640461
19270,4485.767627640461
18414,4485.767627640461
17558,4684.674193832198
16702,4094.384400672343
15846,0.0
14990,10004.22916826086
14134,6601.281711343066
13278,6872.0312674993
12422,6830.2790060517245
11566,6544.555233438331
10710,4128.119291545359
9854,0.0
8998,4499.425544557979
8142,4499.425544557979
7286,4485.767627640461
6430,4485.767627640461
5574,4578.134521999874
4718,4094.384400672343
3862,0.0
3006,7843.070830902932
2150,6404.147833079055
1294,6404.360913252392
438,6404.360913252392
40671,4029.451823358062
39815,0.0
38959,7669.886747951376
38103,6266.692536168746
37247,6335.202114262752
36391,6335.202114262752
35535,6325.356915850053
34679,3859.620401255401
33823,0.0
32967,4480.196917216445
32111,4469.349136108248
31255,4459.10188092839
30399,4459.10188092839
29543,4506.244844468522
28687,3803.5354949043303
27831,0.0
26975,7416.07432080373
26119,6266.692536168746
25263,6325.356915850053
24407,6325.356915850053
23551,6325.356915850053
22695,3798.1984138702
21839,0.0
20983,4446.756291273314
20127,4428.172617898782
19271,4428.172617898782
18415,4435.443471390744
17559,4952.812350199747
16703,3896.4273686724136
15847,0.0
14991,7966.900427276151
14135,6364.180861425089
13279,6874.536734717275
12423,6538.112238902495
11567,6335.202114262752
10711,3859.620401255401
9855,0.0
8999,4473.5860159818785
8143,4462.738234873682
7287,4462.738234873682
6431,4462.738234873682
5575,4505.044938292354
4719,3803.5354949043303
3863,0.0
3007,7567.365971197935
2151,6266.692536168746
1295,6325.356915850053
439,6325.356915850053
40672,6284.146535568067
39816,0.0
38960,8396.237014073235
38104,7691.300661643551
37248,7649.9597204909305
36392,7631.0795305041975
35536,7631.0795305041975
34680,6004.552203473578
33824,0.0
32968,5215.208644741203
32112,5215.208644741203
31256,5215.208644741203
30400,5215.208644741203
29544,5869.536321937282
28688,5989.500994090591
27832,0.0
26976,8287.196932879642
26120,7635.779323166019
25264,7631.0795305041975
24408,7631.0795305041975
23552,7631.0795305041975
22696,5989.500994090591
21840,0.0
20984,5215.208644741203
20128,5215.208644741203
19272,5215.208644741203
18416,5215.208644741203
17560,5905.745331177755
16704,6015.489520920003
15848,0.0
14992,13902.171980553632
14136,7745.5332539406845
13280,7848.328255591671
12424,7841.667136986506
11568,7681.956498642224
10712,6113.894388758699
9856,0.0
9000,5215.208644741203
8144,5215.208644741203
7288,5215.208644741203
6432,5215.208644741203
5576,5869.536321937282
4720,5989.500994090591
3864,0.0
3008,8376.070818314005
2152,7635.779323166019
1296,7631.0795305041975
440,7631.0795305041975
40673,3794.435195137984
39817,0.0
38961,7138.647506230575
38105,6024.4744710102
37249,5832.891676360671
36393,5756.788111337014
35537,5744.2372314770555
34681,3456.575341075485
33825,0.0
32969,3771.4379329809112
32113,3756.0698112877894
31257,3751.9909091310174
30401,3741.8068598948134
29545,3741.8068598948134
28689,3415.183367720377
27833,0.0
26977,6895.387003521974
26121,5937.31493835044
25265,5742.169528572163
24409,5691.803221710146
23553,5691.803221710146
22697,3404.5240710068465
21841,0.0
20985,3698.337737110667
20129,3687.3441656820955
19273,3693.604459799742
18417,3714.056237203806
17561,4040.8524112910086
16705,3671.335126659336
15849,0.0
14993,7139.288131224111
14137,6017.69458139507
13281,5836.511295292549
12425,5762.710318195788
11569,5741.536685717156
10713,3554.8055511431958
9857,0.0
9001,3837.0767254521274
8145,3781.6959995867187
7289,3782.610688747514
6433,3768.98865265227
5577,3758.568864292481
4721,3422.317671693265
3865,0.0
3009,6920.858012781233
2153,5937.31493835044
1297,5742.169528572163
441,5691.803221710146
40674,5188.325989498192
39818,0.0
38962,8955.068108075571
38106,7006.474594167161
37250,6954.416841913162
36394,6833.353817614843
35538,6833.353817614843
34682,5188.325989498192
33826,0.0
32970,5092.925748451692
32114,5092.925748451692
31258,5092.925748451692
30402,5092.925748451692
29546,5218.763101981162
28690,0.0
27834,0.0
26978,9235.414558505396
26122,6804.289713300212
25266,6782.823208053195
24410,6804.998505672243
23554,6831.83565845002
22698,4892.781599782475
21842,0.0
20986,4984.918036402867
20130,4984.918036402867
19274,4998.243300953131
18418,5075.754516076728
17562,5306.037432374873
16706,4923.849834105907
15850,0.0
14994,11887.882658025557
14138,7417.0306931280065
13282,7660.891893701147
12426,7361.03532952631
11570,6967.721261836666
10714,4902.782790258664
9858,0.0
9002,4997.681658197738
8146,4997.681658197738
7290,5011.006922748003
6434,5088.518137871599
5578,5318.801054169745
4722,4876.733102307728
3866,0.0
3010,9858.245734687018
2154,6746.171796633545
1298,6724.705291386529
442,6765.886243767482
40675,7066.519839147734
39819,0.0
38963,10255.983600889624
38107,8222.328724671605
37251,8222.328724671605
36395,8222.328724671605
35539,8222.328724671605
34683,6581.870669253664
33827,0.0
32971,6577.287049324367
32115,6556.742146302702
31259,6556.742146302702
30403,6556.742146302702
29547,6556.742146302702
28691,6556.742146302702
27835,0.0
26979,9985.367301464375
26123,8222.328724671605
25267,8222.328724671605
24411,8222.328724671605
23555,8222.328724671605
22699,6556.742146302702
21843,0.0
20987,6556.742146302702
20131,6556.742146302702
19275,6556.742146302702
18419,6556.742146302702
17563,6801.7353032671845
16707,6925.435357130157
15851,0.0
14995,11320.49171374459
14139,9299.6635908066
13283,9470.574316685937
12427,8222.328724671605
11571,8222.328724671605
10715,6581.870669253664
9859,0.0
9003,6581.870669253664
8147,6581.870669253664
7291,6577.287049324367
6435,6577.287049324367
5579,6556.742146302702
4723,6556.742146302702
3867,0.0
3011,10163.240375566691
2155,8222.328724671605
1299,8222.328724671605
443,8222.328724671605
40676,4088.450035018288
39820,0.0
38964,8133.275785935025
38108,5854.893898808223
37252,5724.119883044495
36396,5465.224593905537
35540,5474.73865112515
34684,4088.450035018288
33828,0.0
32972,4201.204118587174
32116,4201.204118587174
31260,4201.204118587174
30404,4201.204118587174
29548,4201.204118587174
28692,0.0
27836,0.0
26980,7504.549255108969
26124,5644.633387964947
25268,5573.677302926247
24412,5555.354948428892
23556,5585.975487129987
22700,4088.450035018288
21844,0.0
20988,4201.204118587174
20132,4201.204118587174
19276,4201.204118587174
18420,4201.204118587174
17564,4201.204118587174
16708,4088.450035018288
15852,0.0
14996,10852.813754293378
14140,5872.550728333447
13284,5917.347801443228
12428,5893.304286164306
11572,5558.768616061717
10716,4135.21151345815
9860,0.0
9004,4247.965597027035
8148,4247.965597027035
7292,4247.965597027035
6436,4247.965597027035
5580,4247.965597027035
4724,4135.21151345815
3868,0.0
3012,7251.7067922116785
2156,5629.221393113996
1300,5522.9473442768
444,5526.946471647045
40677,7078.386757519124
39821,0.0
38965,12639.677865127169
38109,9660.86019673533
37253,9492.457954282627
36397,9446.286635424793
35541,9446.286635424793
34685,7060.621835415911
33829,0.0
32973,6140.353836327211
32117,6140.353836327211
31261,6140.353836327211
30405,6140.353836327211
29549,6521.745026997367
28693,7060.621835415911
27837,0.0
26981,12268.609260775576
26125,9596.250676699445
25269,9438.8768873408
24413,9387.323084265798
23557,9372.27907915044
22701,7060.621835415911
21845,0.0
20989,6140.353836327211
20133,6140.353836327211
19277,6140.353836327211
18421,6140.353836327211
17565,6521.745026997367
16709,7060.621835415911
15853,0.0
14997,13386.271769285526
14141,9694.585749482145
13285,9944.993359896862
12429,9452.702946197627
11573,9433.90694747541
10717,7060.621835415911
9861,0.0
9005,6140.353836327211
8149,6140.353836327211
7293,6140.353836327211
6437,6140.353836327211
5581,6521.745026997367
4725,7060.621835415911
3869,0.0
3013,12181.167951217172
2157,9549.474673641082
1301,9458.954492811738
445,9433.90694747541
40678,3408.664376435947
39822,0.0
38966,9159.492588864898
38110,7386.9104519363445
37254,6659.186334948912
36398,6659.186334948912
35542,6659.186334948912
34686,3362.8954900934273
33830,0.0
32974,4158.234378273564
32118,4158.234378273564
31262,4158.234378273564
30406,4158.234378273564
29550,4163.987212438422
28694,3362.8954900934273
27838,0.0
26982,10948.825528122932
26126,6857.402382950356
25270,6543.467717919107
24414,6543.467717919107
23558,6543.467717919107
22702,3362.8954900934273
21846,0.0
20990,4158.234378273564
20134,4158.234378273564
19278,4158.234378273564
18422,4151.216714455901
17566,4194.514054444884
16710,3368.107704379142
15854,0.0
14998,12783.97784653481
14142,6917.536767548613
13286,6823.69823141122
12430,6680.308454469771
11574,6599.892559985254
10718,3362.8954900934273
9862,0.0
9006,4158.234378273564
8150,4158.234378273564
7294,4158.234378273564
6438,4158.234378273564
5582,4163.987212438422
4726,3362.8954900934273
3870,0.0
3014,11015.936818688158
2158,6913.827225016503
1302,6599.892559985254
446,6599.892559985254
40679,4726.266634784942
39823,0.0
38967,8644.026389646117
38111,6998.375720325074
37255,6973.876429345926
36399,6860.2240717914165
35543,6860.2240717914165
34687,4726.266634784942
33831,0.0
32975,4748.449178481869
32119,4716.845663652092
31263,4716.845663652092
30407,4716.845663652092
29551,4726.266634784942
28695,4726.266634784942
27839,0.0
26983,7972.288395852466
26127,6877.061843089757
25271,6860.2240717914165
24415,6860.2240717914165
23559,6860.2240717914165
22703,4726.266634784942
21847,0.0
20991,4748.449178481869
20135,4716.845663652092
19279,4716.845663652092
18423,4716.845663652092
17567,4726.266634784942
16711,4790.684623151582
15855,0.0
14999,14079.585166668843
14143,7035.8410204449765
13287,7070.694262061186
12431,7117.203993007253
11575,6965.23522672799
10719,4726.266634784942
9863,0.0
9007,4748.449178481869
8151,4716.845663652092
7295,4716.845663652092
6439,4716.845663652092
5583,4726.266634784942
4727,4726.266634784942
3871,0.0
3015,8606.241251523055
2159,6952.937832092658
1303,6936.100060794318
447,6936.100060794318
40680,6496.569012165772
39824,6263.879236282493
38968,10251.695831571178
38112,7947.821090359956
37256,7537.152019277058
36400,7537.152019277058
35544,7537.152019277058
34688,6496.569012165772
33832,6263.879236282493
32976,6012.605719666995
32120,6012.605719666995
31264,6012.605719666995
30408,6012.605719666995
29552,6079.8758366035445
28696,6496.569012165772
27840,6263.879236282493
26984,10251.695831571178
26128,7947.821090359956
25272,7537.152019277058
24416,7537.152019277058
23560,7537.152019277058
22704,6496.569012165772
21848,6263.879236282493
20992,6012.605719666995
20136,6012.605719666995
19280,6012.605719666995
18424,6012.605719666995
17568,6079.8758366035445
16712,6496.569012165772
15856,6263.879236282493
15000,10387.150588483237
14144,8046.245986721216
13288,8606.717544022777
12432,7839.959430501609
11576,7537.152019277058
10720,6496.569012165772
9864,6263.879236282493
9008,6012.605719666995
8152,6012.605719666995
7296,6012.605719666995
6440,6012.605719666995
5584,6079.8758366035445
4728,6496.569012165772
3872,6263.879236282493
3016,10165.030875946582
2160,7947.821090359956
1304,7537.152019277058
448,7537.152019277058
40681,8172.118440077666
39825,0.0
38969,10227.580102269634
38113,7831.633486563483
37257,7388.009447097542
36401,7388.009447097542
35545,7388.009447097542
34689,7783.321630261471
33833,0.0
32977,6318.591528971515
32121,6318.591528971515
31265,6268.206075877611
30409,6278.2475787297735
29553,7255.92302616742
28697,7783.321630261471
27841,0.0
26985,10227.580102269634
26129,7831.633486563483
25273,7388.009447097542
24417,7388.009447097542
23561,7388.009447097542
22705,7783.321630261471
21849,0.0
20993,6268.206075877611
20137,6268.206075877611
19281,6268.206075877611
18425,6278.2475787297735
17569,7301.853413462308
16713,7809.042112262321
15857,0.0
15001,10338.211587935692
14145,7930.058382924743
13289,8555.265734912917
12433,7654.43392538916
11577,7388.009447097542
10721,7783.321630261471
9865,0.0
9009,6334.122109274572
8153,6334.122109274572
7297,6268.206075877611
6441,6278.2475787297735
5585,7255.92302616742
4729,7783.321630261471
3873,0.0
3017,10227.580102269634
2161,7831.633486563483
1305,7388.009447097542
449,7388.009447097542
40682,10233.034316886815
39826,0.0
38970,12396.399186507217
38114,10461.004285787154
37258,10281.337401422092
36402,10258.175780703628
35546,9835.136003096117
34690,8995.45035484051
33834,0.0
32978,9899.289527530489
32122,9020.10968994783
31266,8938.283369972394
30410,8944.991274044169
29554,8903.715471351346
28698,8801.658103909209
27842,0.0
26986,11717.223331539912
26130,10387.999263023668
25274,10215.35741764496
24418,10202.046869051253
23562,9808.568961974113
22706,8727.577902130313
21850,0.0
20994,9878.486112234417
20138,8927.05273271386
19282,8890.152544221795
18426,9013.127518225016
17570,9453.68384986386
16714,9988.885910163952
15858,0.0
15002,11745.501849758914
14146,11438.045569968472
13290,11495.806251891601
12434,10345.927411786319
11578,9862.94320029682
10722,9130.060435546698
9866,0.0
9010,9757.728314845792
8154,8965.27101298999
7298,8685.572786156452
6442,8683.573122031543
5586,8610.684137954931
4730,8600.579046918516
3874,0.0
3018,11378.446476068326
2162,10364.705424817043
1306,10216.045246104999
450,10202.734697511292
40683,2692.862046921618
39827,0.0
38971,9073.183005246974
38115,7496.806345708088
37259,7067.784882203213
36403,7067.784882203213
35547,7067.784882203213
34691,2646.34591053248
33835,0.0
32979,4903.092843933995
32123,4733.2597519809315
31267,4694.3293470163335
30411,4694.3293470163335
29555,4730.902946623459
28699,2646.34591053248
27843,0.0
26987,9073.183005246974
26131,7496.806345708088
25275,7067.784882203213
24419,7067.784882203213
23563,7067.784882203213
22707,2646.34591053248
21851,0.0
20995,4879.360346767879
20139,4733.2597519809315
19283,4694.3293470163335
18427,4694.3293470163335
17571,4735.654108063643
16715,2646.34591053248
15859,0.0
15003,9157.83119834998
14147,7596.851079308131
13291,8192.409778733843
12435,7382.496605642537
11579,7067.784882203213
10723,2646.34591053248
9867,0.0
9011,4939.648364030513
8155,4771.539403222064
7299,4712.073513313083
6443,4712.073513313083
5587,4730.902946623459
4731,2646.34591053248
3875,0.0
3019,9073.183005246974
2163,7496.806345708088
1307,7067.784882203213
451,7067.784882203213
40684,5891.836127369252
39828,0.0
38972,10414.276255133762
38116,8554.553736406766
37260,7918.796983012023
36404,7668.99973541417
35548,7645.437731848832
34692,5737.339570578417
33836,0.0
32980,5884.813072147513
32124,5884.813072147513
31268,5884.813072147513
30412,5890.216247607975
29556,5931.880168598469
28700,5729.778194917041
27844,0.0
26988,9961.890847997445
26132,8433.421283072674
25276,7660.6084523320515
24420,7648.063881624982
23564,7640.07532037142
22708,5713.2304282604355
21852,0.0
20996,5860.703929829531
20140,5860.703929829531
19284,5860.703929829531
18428,5866.107105289994
17572,5919.20130950489
16716,5740.647729012316
15860,0.0
15004,9927.99123197217
14148,8632.669793154624
13292,8146.234226142842
12436,8067.820404150506
11580,7943.315448843057
10724,5805.124770833658
9868,0.0
9012,6004.730792636245
8156,5884.813072147513
7300,5884.813072147513
6444,5890.216247607975
5588,5931.880168598469
4732,5720.1880791763
3876,0.0
3020,9818.530187352262
2164,8472.762913039931
1308,7653.49807683798
452,7640.953506130911
40685,4259.364632374506
39829,0.0
38973,6752.48886915205
38117,6307.846643711003
37261,6215.638568792444
36405,6200.128152125778
35549,6200.128152125778
34693,4259.364632374506
33837,0.0
32981,4173.555295830546
32125,4173.555295830546
31269,4173.555295830546
30413,4173.555295830546
29557,4228.689266190031
28701,4259.364632374506
27845,0.0
26989,6741.498515640557
26133,6297.573958525817
25277,6195.990883607259
24421,6195.990883607259
23565,6200.128152125778
22709,4259.364632374506
21853,0.0
20997,4173.555295830546
20141,4173.555295830546
19285,4173.555295830546
18429,4173.555295830546
17573,4240.2447477611895
16717,4270.920113945665
15861,0.0
15005,7071.5627041066155
14149,6356.40081860039
13293,6494.2900971165545
12437,6423.295288046719
11581,6215.638568792444
10725,4259.364632374506
9869,0.0
9013,4173.555295830546
8157,4173.555295830546
7301,4173.555295830546
6445,4173.555295830546
5589,4228.689266190031
4733,4259.364632374506
3877,0.0
3021,6741.498515640557
2165,6297.573958525817
1309,6195.990883607259
453,6195.990883607259
40686,4465.484198895015
39830,0.0
38974,8075.339142612101
38118,5975.210052082852
37262,5952.063303663089
36406,5952.063303663089
35550,5928.151442003289
34694,4399.49966649558
33838,0.0
32982,4343.433131628651
32126,4327.160221411932
31270,4327.160221411932
30414,4327.160221411932
29558,4391.066128995579
28702,4399.49966649558
27846,0.0
26990,7619.372121336391
26134,5948.004726063855
25278,5927.656980625401
24422,5927.656980625401
23566,5941.33685941328
22710,4392.499056990596
21854,0.0
20998,4336.432522123668
20142,4320.159611906949
19286,4320.159611906949
18430,4352.21491087881
17574,4503.666791332362
16718,5244.436175881313
15862,0.0
15006,9603.311502746843
14150,9187.124335901615
13294,9851.508291073389
12438,5991.078115099414
11582,5992.524212792765
10726,4426.561535182448
9870,0.0
9014,4343.433131628651
8158,4327.160221411932
7302,4327.160221411932
6446,4327.160221411932
5590,4391.066128995579
4734,4399.49966649558
3878,0.0
3022,7701.83961600786
2166,5948.004726063855
1310,5936.239943588365
454,5936.239943588365
40687,18215.48368003385
39831,0.0
38975,20750.938742182047
38119,17537.96963976819
37263,17352.933050758107
36407,15505.71888268671
35551,15235.440260977748
34695,17450.915037163486
33839,0.0
32983,13165.910023648634
32127,13213.354100743309
31271,13215.74393376908
30415,13748.897499146291
29559,13891.248011966805
28703,17030.936036366522
27847,0.0
26991,19990.40522237069
26135,16670.32282031482
25279,16660.259935061014
24423,15020.562613173059
23567,14834.168796417413
22711,17008.37386403755
21855,0.0
20999,13742.343430878773
20143,13749.658231301943
19287,13749.658231301943
18431,13779.905855024192
17575,13796.30592039863
16719,17127.259184573155
15863,0.0
15007,20273.175071159676
14151,18118.242795656806
13295,17940.345807449932
12439,16682.35973321119
11583,15552.097118226704
10727,17770.122859854917
9871,0.0
9015,14034.58174187541
8159,13372.56904344467
7303,13143.830872188852
6447,13098.13716380573
5591,13145.208684286128
4735,17146.46984630658
3879,0.0
3023,20069.892661945007
2167,16615.71864724597
1311,16470.321698733216
455,15201.362838288389
40688,11555.9773194439
39832,0.0
38976,14201.135234649608
38120,10597.487800746841
37264,10602.611924724717
36408,10578.781532570572
35552,10363.90324217743
34696,11347.133053152384
33840,0.0
32984,9418.576369982846
32128,9163.028839586996
31272,9066.440107459337
30416,9141.546475822772
29560,10137.44008018837
28704,0.0
27848,0.0
26992,14145.440881607212
26136,10658.332636257575
25280,10798.539942978632
24424,10965.732855436543
23568,11054.423207558295
22712,11733.824459142827
21856,0.0
21000,9197.450070820616
20144,9152.697530028077
19288,9154.200030028074
18432,9320.25229975726
17576,10218.804071559534
16720,11756.216729810223
15864,0.0
15008,14309.991801448536
14152,11436.937238830928
13296,11519.49079703199
12440,11448.744307965499
11584,11481.596769574984
10728,12192.812927285133
9872,0.0
9016,9490.501811395468
8160,9398.01623419489
7304,9331.106234194891
6448,9426.901827536734
5592,10277.993926347084
4736,11846.717478233868
3880,0.0
3024,14288.585719405579
2168,10343.629326429003
1312,10262.321058816982
456,10455.731811698357
40689,7893.898488845689
39833,0.0
38977,9079.139029054375
38121,7967.1106616434145
37265,7967.1106616434145
36409,7967.1106616434145
35553,7967.1106616434145
34697,6503.533960637068
33841,0.0
32985,6500.053453137175
32129,6481.367298311385
31273,6481.367298311385
30417,6481.367298311385
29561,6481.367298311385
28705,6481.367298311385
27849,0.0
26993,8761.230035966535
26137,7967.1106616434145
25281,7967.1106616434145
24425,7967.1106616434145
23569,7967.1106616434145
22713,6481.367298311385
21857,0.0
21001,6481.367298311385
20145,6481.367298311385
19289,6481.367298311385
18433,6481.367298311385
17577,6567.254284184283
16721,6582.330559939214
15865,0.0
15009,9361.750616594456
14153,8788.35730366373
13297,9641.088110267883
12441,7967.1106616434145
11585,7967.1106616434145
10729,6669.654083304161
9873,0.0
9017,6532.485760913693
8161,6532.485760913693
7305,6500.053453137175
6449,6500.053453137175
5593,6481.367298311385
4737,6481.367298311385
3881,0.0
3025,8944.400982963392
2169,7967.1106616434145
1313,7967.1106616434145
457,7967.1106616434145
40690,3507.2245278767014
39834,0.0
38978,8266.293015186848
38122,6907.4879102469795
37266,6743.7932010108
36410,6738.417472250567
35554,6667.6836956186735
34698,3078.8724330418427
33842,0.0
32986,4197.0630870066
32130,4157.397836524374
31274,4149.641424703913
30418,4143.6510500269105
29562,4103.541421122036
28706,2998.1177048465734
27850,0.0
26994,7984.6351961364535
26138,6775.657228359256
25282,6579.089585555719
24426,6576.330141111274
23570,6500.237100435403
22714,3003.6761267336624
21858,0.0
21002,4116.205085325085
20146,4065.390366977487
19290,4067.973948144403
18434,4069.0369240272626
17578,4188.064681044475
16722,3030.5650035268036
15866,0.0
15010,7306.596969188218
14154,6958.434858537587
13298,6882.5653522904695
12442,6896.4572907641905
11586,6750.319142571206
10730,3126.6014040703694
9874,0.0
9018,4207.415227202083
8162,4174.15004947118
7306,4162.050558736879
6450,4106.770021604999
5594,4065.2297208778355
4738,2981.7784712643615
3882,0.0
3026,8191.541232190186
2170,6878.431311761963
1314,6644.379025710804
458,6637.653038056483
40691,6183.529096036016
39835,0.0
38979,8595.75731182299
38123,6513.781294697332
37267,6509.3514902723455
36411,6419.989234043621
35555,6419.989234043621
34699,6057.650648464226
33843,0.0
32987,4952.0159574273475
32131,4952.0159574273475
31275,4952.0159574273475
30419,4952.0159574273475
29563,5919.160399193241
28707,6048.6291905035805
27851,0.0
26995,8192.171414660299
26139,6425.896660772781
25283,6419.989234043621
24427,6419.989234043621
23571,6419.989234043621
22715,6048.6291905035805
21859,0.0
21003,4952.0159574273475
20147,4952.0159574273475
19291,4952.0159574273475
18435,4952.0159574273475
17579,6268.933065396984
16723,6423.158328120783
15867,0.0
15011,10468.447839549268
14155,6789.357599422004
13299,6961.793943488005
12443,6898.274517525103
11587,6507.049567500382
10731,6296.751895924661
9875,0.0
9019,4971.282130853948
8163,4971.282130853948
7307,4971.282130853948
6451,4971.282130853948
5595,6130.556100539601
4739,6249.942488999629
3883,0.0
3027,8541.228641577281
2171,6425.896660772781
1315,6419.989234043621
459,6419.989234043621
40692,4726.266634784942
39836,0.0
38980,8181.45992398136
38124,6991.984117683663
37268,7029.634027788881
36412,6940.929620231841
35556,6940.929620231841
34700,4726.266634784942
33844,0.0
32988,5102.27642581704
32132,5093.9380128817165
31276,5093.9380128817165
30420,5093.9380128817165
29564,4726.266634784942
28708,4726.266634784942
27852,0.0
26996,8209.512176335838
26140,6957.767391530182
25284,6940.929620231841
24428,6940.929620231841
23572,6940.929620231841
22716,4726.266634784942
21860,0.0
21004,5213.095571813173
20148,5213.095571813173
19292,5213.095571813173
18436,5213.095571813173
17580,5209.90996608808
16724,5456.580050790697
15868,0.0
15012,13201.873856060643
14156,7160.321992874068
13300,7179.831058824841
12444,7215.428528701569
11588,7020.296509784015
10732,5055.196226570004
9876,0.0
9020,5197.5973318381975
8164,5197.5973318381975
7308,5197.5973318381975
6452,5197.5973318381975
5596,5070.69446654498
4740,5070.69446654498
3884,0.0
3028,9057.713090632744
2172,6991.556163705719
1316,6974.718392407378
460,6974.718392407378
40693,2715.3995179674416
39837,0.0
38981,6559.314562990554
38125,6333.972874256297
37269,5933.086177780485
36413,5933.086177780485
35557,5933.086177780485
34701,2715.3995179674416
33845,0.0
32989,4466.930510753108
32133,4440.0296320503085
31277,4440.0296320503085
30421,4492.872517271133
29565,4507.934051558927
28709,2715.3995179674416
27853,0.0
26997,6543.316884104202
26141,6333.972874256297
25285,5933.086177780485
24429,5933.086177780485
23573,5933.086177780485
22717,2715.3995179674416
21861,0.0
21005,4462.998229009155
20149,4461.142370984488
19293,4461.142370984488
18437,4501.028734555084
17581,4603.605625560818
16725,2720.80841931739
15869,0.0
15013,6565.206558891584
14157,6482.91854193077
13301,7011.119443705057
12445,6257.478668294313
11589,5933.086177780485
10733,2715.3995179674416
9877,0.0
9021,4492.091315287858
8165,4482.079239979241
7309,4451.212975219413
6453,4491.099338790009
5597,4501.815723454205
4741,2715.3995179674416
3885,0.0
3029,6534.797295359613
2173,6333.972874256297
1317,5933.086177780485
461,5933.086177780485
40694,7642.443456527832
39838,0.0
38982,12331.700062192724
38126,8546.341369114327
37270,8546.341369114327
36414,8546.341369114327
35558,8546.341369114327
34702,6684.443453870599
33846,0.0
32990,6719.341883023086
32134,6700.655728197296
31278,6700.655728197296
30422,6700.655728197296
29566,6700.655728197296
28710,6674.854490079514
27854,0.0
26998,11843.453720031563
26142,8546.341369114327
25286,8546.341369114327
24430,8546.341369114327
23574,8546.341369114327
22718,6674.854490079514
21862,0.0
21006,6700.655728197296
20150,6700.655728197296
19294,6700.655728197296
18438,6700.655728197296
17582,6806.821084276241
16726,6817.488974683133
15870,0.0
15014,11653.322999791571
14158,9084.961309800514
13302,10240.383375520365
12446,8546.341369114327
11590,8546.341369114327
10734,6862.097494247819
9878,0.0
9022,6739.196492265007
8166,6739.196492265007
7310,6719.341883023086
6454,6719.341883023086
5598,6700.655728197296
4742,6674.854490079514
3886,0.0
3030,11775.474272380638
2174,8546.341369114327
1318,8546.341369114327
462,8546.341369114327
40695,5781.4928837712805
39839,0.0
38983,7678.824235053866
38127,6429.627269506854
37271,6436.8331075072765
36415,6394.6511842367245
35559,6346.813906368226
34703,5366.982495008866
33847,0.0
32991,4868.31691758142
32135,4797.560838594074
31279,4797.560838594074
30423,4797.560838594074
29567,4843.355817789041
28711,5265.714037030227
27855,0.0
26999,7560.323616521476
26143,6365.578551420092
25287,6377.168546891102
24431,6346.813906368226
23575,6346.813906368226
22719,5255.328157400598
21863,0.0
21007,4843.868062478937
20151,4808.547346530582
19295,4823.658099218754
18439,4823.658099218754
17583,4940.8144861616875
16727,5562.8404926928515
15871,0.0
15015,7889.083280492504
14159,6449.97985496074
13303,6469.4243875924485
12447,6438.564835353643
11591,6414.0000024250085
10735,5465.402249240297
9879,0.0
9023,5045.736382712642
8167,4954.21029707411
7311,4863.8853722347085
6455,4835.977741239659
5599,4847.325589718866
4743,5254.72752909372
3887,0.0
3031,7546.9859722213305
2175,6377.712624291666
1319,6377.168546891102
463,6346.813906368226
40696,3854.441515973216
39840,0.0
38984,8170.177797303179
38128,7111.262673499964
37272,6952.677061058679
36416,6700.114105780051
35560,6738.415406998213
34704,3804.7716519184296
33848,0.0
32992,4183.156570818905
32136,4183.156570818905
31280,4187.235893610478
30424,4187.235893610478
29568,4215.199580465372
28712,0.0
27856,0.0
27000,7999.800891241571
26144,6661.846589779086
25288,6569.310627552252
24432,6569.310627552252
23576,6607.611928770412
22720,3783.2241796906324
21864,0.0
21008,4166.95016139304
20152,4166.95016139304
19296,4186.683534798571
18440,4185.944804144388
17584,4271.485809226704
16728,3959.270797132083
15872,0.0
15016,9944.74315093518
14160,6815.632832817075
13304,7052.902531935172
12448,6934.844711138279
11592,6539.759101095164
10736,3826.490308171712
9880,0.0
9024,4194.4922851046185
8168,4183.156570818905
7312,4202.889944224435
6456,4202.889944224435
5600,4220.610575523772
4744,3783.776538502541
3888,0.0
3032,7602.974051824177
2176,6558.3549872675685
1320,6465.819025040735
464,6465.819025040735
40697,7010.919501827724
39841,0.0
38985,10615.618523410922
38129,8332.431163093435
37273,8332.431163093435
36417,8314.491293812389
35561,8418.51581006937
34705,6521.440435637779
33849,0.0
32993,6516.856815708482
32137,6496.311912686818
31281,6496.311912686818
30425,6496.311912686818
29569,6496.311912686818
28713,6496.311912686818
27857,0.0
27001,10056.746279766372
26145,8332.431163093435
25289,8332.431163093435
24433,8314.491293812389
23577,8418.51581006937
22721,6496.311912686818
21865,0.0
21009,6496.311912686818
20153,6496.311912686818
19297,6496.311912686818
18441,6496.311912686818
17585,6744.270705547479
16729,6772.048435281457
15873,0.0
15017,14075.131265312562
14161,9608.765244792188
13305,10177.50048198657
12449,8314.491293812389
11593,8418.51581006937
10737,6521.440435637779
9881,0.0
9025,6521.440435637779
8169,6521.440435637779
7313,6516.856815708482
6457,6516.856815708482
5601,6496.311912686818
4745,6496.311912686818
3889,0.0
3033,10098.331909552517
2177,8332.431163093435
1321,8332.431163093435
465,8314.491293812389
40698,5796.75538828493
39842,0.0
38986,8264.946029557226
38130,7456.438784283611
37274,7093.398965157756
36418,7093.398965157756
35562,7093.398965157756
34706,5783.754662359003
33850,0.0
32994,3981.4970268770207
32138,3968.3878627723657
31282,3972.5186181717772
30426,3998.0149475368567
29570,5325.331630333484
28714,5778.084419321467
27858,0.0
27002,8264.946029557226
26146,7456.438784283611
25290,7093.398965157756
24434,7093.398965157756
23578,7093.398965157756
22722,5778.084419321467
21866,0.0
21010,4006.9933562421
20154,4006.9933562421
19298,4021.9157783081782
18442,4021.9157783081782
17586,5479.871034788648
16730,5909.35942830403
15874,0.0
15018,8399.109581780942
14162,7445.430154800062
13306,7407.869426634739
12450,7247.5346623008
11594,7093.398965157756
10738,6020.628576356117
9882,0.0
9026,3981.4970268770207
8170,3981.4970268770207
7314,3985.6277822764323
6458,3985.6277822764323
5602,5556.376077081793
4746,6014.958333318581
3890,0.0
3034,8315.515739027043
2178,7456.438784283611
1322,7093.398965157756
466,7093.398965157756
40699,5053.034721361416
39843,0.0
38987,8760.07560535923
38131,6808.820136773922
37275,6734.958474657146
36419,6608.051725429397
35563,6608.051725429397
34707,4901.6174896007105
33851,0.0
32995,5831.507255742008
32139,5814.604289888259
31283,5791.733061907787
30427,5808.905789180514
29571,5808.905789180514
28715,4901.6174896007105
27859,0.0
27003,8358.564964478766
26147,6624.203455641618
25291,6608.051725429397
24435,6608.051725429397
23579,6608.051725429397
22723,4901.6174896007105
21867,0.0
21011,5868.741253981065
20155,5857.423025612053
19299,5839.206299041024
18443,5890.978289427139
17587,5985.03926937164
16731,5242.532195478579
15875,0.0
15019,10693.264553427462
14163,6960.067852090316
13307,7059.274690541416
12451,6966.64988064967
11595,6722.77084752359
10739,4932.099713079229
9883,0.0
9027,5865.526102979834
8171,5848.623137126085
7315,5820.918910555057
6459,5803.366761312218
5603,5803.366761312218
4747,4911.71655210071
3891,0.0
3035,8270.004290853401
2179,6585.278581904245
1323,6569.126851692024
467,6569.126851692024
40700,6208.596956870359
39844,0.0
38988,9727.440409022991
38132,8664.691004559887
37276,7895.236644077507
36420,7676.46766803408
35564,7664.920760684184
34708,6196.051454224856
33852,0.0
32996,5899.383792414836
32140,5917.659160358384
31284,5897.317505265792
30428,5897.317505265792
29572,5897.317505265792
28716,6155.715170767027
27860,0.0
27004,9594.185069060808
26148,8583.659305317478
25292,7833.608604884725
24436,7680.850360341773
23580,7669.303452991876
22724,6233.109422061113
21868,0.0
21012,5915.926538769788
20156,5934.201906713337
19300,5913.860251620745
18444,5913.49845956493
17588,5935.369993409011
16732,6301.2298169489995
15876,0.0
15020,10094.450591285558
14164,8632.137351155061
13308,8103.483016330295
12452,7930.205180986687
11596,7730.931492184657
10740,6208.596956870359
9884,0.0
9028,5899.383792414836
8172,5917.659160358384
7316,5897.317505265792
6460,5897.317505265792
5604,5897.317505265792
4748,6155.715170767027
3892,0.0
3036,9603.101230676972
2180,8541.756091809853
1324,7791.7053913771
468,7638.947146834147
40701,5204.710863100719
39845,0.0
38989,9998.203083349976
38133,8043.243995798939
37277,7526.735197228005
36421,7526.735197228005
35565,7526.735197228005
34709,5160.906591158709
33853,0.0
32997,5610.4928225592
32141,5610.4928225592
31285,5610.4928225592
30429,5610.4928225592
29573,6046.80779090251
28717,0.0
27861,0.0
27005,11156.779477059397
26149,8438.705133524114
25293,8044.550334274989
24437,8044.550334274989
23581,8044.550334274989
22725,6445.032742580645
21869,0.0
21013,5656.448775571073
20157,5656.448775571073
19301,5656.448775571073
18445,5656.448775571073
17589,5837.697729608424
16733,6445.032742580645
15877,0.0
15021,11447.825488975428
14165,8449.376324190787
13309,8929.103785313662
12453,8281.801994063273
11597,8001.121010401724
10741,6445.032742580645
9885,0.0
9029,5656.448775571073
8173,5656.448775571073
7317,5656.448775571073
6461,5656.448775571073
5605,5837.697729608424
4749,6445.032742580645
3893,0.0
3037,11098.525992832581
2181,8411.344368368522
1325,8001.121010401724
469,8001.121010401724
40702,6811.084635186494
39846,0.0
38990,9681.982687013671
38134,7902.171992332535
37278,7490.380357765713
36422,7490.380357765713
35566,7490.380357765713
34710,6811.084635186494
33854,0.0
32998,5560.349976388194
32142,5560.349976388194
31286,5560.349976388194
30430,5560.349976388194
29574,5964.913658136875
28718,6811.084635186494
27862,0.0
27006,9681.982687013671
26150,7902.171992332535
25294,7490.380357765713
24438,7490.380357765713
23582,7490.380357765713
22726,6811.084635186494
21870,0.0
21014,5560.349976388194
20158,5560.349976388194
19302,5560.349976388194
18446,5560.349976388194
17590,5964.913658136875
16734,6811.084635186494
15878,0.0
15022,9815.27402989517
14166,7927.6306313361665
13310,7816.8215498153
12454,7659.147007125907
11598,7490.380357765713
10742,6811.084635186494
9886,0.0
9030,5560.349976388194
8174,5560.349976388194
7318,5560.349976388194
6462,5560.349976388194
5606,5964.913658136875
4750,6811.084635186494
3894,0.0
3038,9681.982687013671
2182,7902.171992332535
1326,7490.380357765713
470,7490.380357765713
40703,3555.1077389107973
39847,0.0
38991,7845.131420943154
38135,6824.283540325813
37279,5698.6690870030125
36423,5692.027302596943
35567,5692.027302596943
34711,3403.750997320951
33855,0.0
32999,3735.977871072151
32143,3732.692283728472
31287,3716.7548214630683
30431,3723.1357936852905
29575,3772.5136436847697
28719,3361.6881216984793
27863,0.0
27007,7691.773200345435
26151,6799.57218154118
25295,5692.027302596943
24439,5692.027302596943
23583,5692.027302596943
22727,3352.463111777845
21871,0.0
21015,3768.8074620574353
20159,3776.6141506539266
19303,3766.994856059632
18447,3761.0442712643107
17591,3880.9898950434217
16735,3445.3747928589382
15879,0.0
15023,7710.642946378513
14167,6799.775303973795
13311,6690.02095732127
12455,6050.127481435221
11599,5698.6690870030125
10743,3454.1996579383654
9887,0.0
9031,3742.3333308928322
8175,3742.3333308928322
7319,3696.274641292672
6463,3689.503252403783
5607,3765.4769863551714
4751,3377.228816475194
3895,0.0
3039,7785.8424473347795
2183,6817.981175050761
1327,5692.027302596943
471,5692.027302596943
40704,2620.6853640877953
39848,0.0
38992,7838.678286272708
38136,6632.7333345941015
37280,6611.641465412005
36424,6523.02991387521
35568,6523.02991387521
34712,2543.396105345969
33856,0.0
33000,3517.107420672315
32144,3517.107420672315
31288,3517.107420672315
30432,3517.107420672315
29576,3778.821706607831
28720,0.0
27864,0.0
27008,7672.015233353685
26152,6404.203856321291
25296,6392.236962135654
24440,6392.236962135654
23584,6392.236962135654
22728,3899.0642132475696
21872,0.0
21016,3626.472923541196
20160,3626.472923541196
19304,3626.472923541196
18448,3626.472923541196
17592,3962.7754784095987
16736,3899.0642132475696
15880,0.0
15024,10027.239995281274
14168,6785.398468570397
13312,7041.89292829509
12456,6932.201758569617
11600,6499.507148979985
10744,3923.816796580903
9888,0.0
9032,3646.3373140545164
8176,3646.3373140545164
7320,3646.3373140545164
6464,3646.3373140545164
5608,3929.241184404899
4752,3899.0642132475696
3896,0.0
3040,7722.828807837819
2184,6404.203856321291
1328,6404.416936494628
472,6404.416936494628
40705,6861.346437511843
39849,0.0
38993,9346.65408825453
38137,7497.669691807151
37281,7476.659446456104
36425,7476.659446456104
35569,7553.039553314054
34713,6463.679213011
33857,0.0
33001,5392.331101825303
32145,5399.287205170729
31289,5399.287205170729
30433,5393.9977015475415
29577,6222.614371749356
28721,6492.098778030223
27865,0.0
27009,9119.64976762099
26153,7434.412661529657
25297,7387.651608359272
24441,7368.683948609655
23585,7500.950233845888
22729,6492.098778030223
21873,0.0
21017,5379.200832438377
20161,5372.039483232029
19305,5372.039483232029
18449,5372.039483232029
17593,6909.741158452776
16737,7126.87047440928
15881,0.0
15025,12122.81559402944
14169,8478.589372247932
13313,8582.410231365591
12457,7476.659446456104
11601,7573.576538652884
10745,6486.835580121453
9889,0.0
9033,5445.362896237226
8177,5438.201547030877
7321,5363.420379619348
6465,5363.211534303443
5609,6228.511001540968
4753,6492.098778030223
3897,0.0
3041,9105.28837427723
2185,7471.975092449424
1329,7450.964847098377
473,7432.637956208669
40706,9060.16835821528
39850,0.0
38994,12835.941251538492
38138,9894.028114296836
37282,8905.023005268678
36426,8794.195659358435
35570,8794.195659358435
34714,7943.729822149735
33858,0.0
33002,7885.551291185205
32146,7799.18530519991
31290,7805.599232942959
30434,7805.599232942959
29578,7845.230810336369
28722,7906.507036320428
27866,0.0
27010,12534.938690307677
26154,9728.095123152665
25298,8798.951158169368
24442,8754.382581221878
23586,8754.382581221878
22730,7889.002428659571
21874,0.0
21018,7708.187028002476
20162,7667.078987764922
19306,7692.581671134153
18450,7692.581671134153
17594,7852.811070893921
16738,7955.213533260631
15882,0.0
15026,12460.267586096377
14170,9962.201284062472
13314,10189.715827116304
12458,9185.021418014081
11602,8843.307010263057
10746,8408.11381133373
9890,0.0
9034,7858.128516894314
8178,7789.6791856949185
7322,7785.250752852285
6466,7785.250752852285
5610,7981.885547377629
4754,8216.716595580752
3898,0.0
3042,12647.607105170322
2186,9760.450267099131
1330,8838.764236305924
474,8794.195659358435
40707,5882.180501881886
39851,0.0
38995,10359.789757885248
38139,8724.636110646967
37283,8724.636110646967
36427,8724.636110646967
35571,8724.636110646967
34715,5561.227916119957
33859,0.0
33003,5572.049263511669
32147,5614.5337303157785
31291,5614.5337303157785
30435,5614.5337303157785
29579,5614.5337303157785
28723,5599.12876299477
27867,0.0
27011,10257.813230498608
26155,8724.636110646967
25299,8724.636110646967
24443,8724.636110646967
23587,8724.636110646967
22731,5599.12876299477
21875,0.0
21019,5614.5337303157785
20163,5614.5337303157785
19307,5614.5337303157785
18451,5614.5337303157785
17595,5995.500958048084
16739,5855.976889618291
15883,0.0
15027,13127.568204104371
14171,9312.360074294249
13315,9489.607794732397
12459,8759.15814356137
11603,8759.15814356137
10747,5561.227916119957
9891,0.0
9035,5576.632883440966
8179,5576.632883440966
7323,5572.049263511669
6467,5572.049263511669
5611,5614.5337303157785
4755,5599.12876299477
3899,0.0
3043,10201.426613336758
2187,8759.15814356137
1331,8759.15814356137
475,8759.15814356137
40708,8542.563064147815
39852,0.0
38996,10733.923221514986
38140,7967.1106616434145
37284,7967.1106616434145
36428,7967.1106616434145
35572,7967.1106616434145
34716,6563.964194252953
33860,0.0
33004,6560.4836867530585
32148,6541.797531927269
31292,6541.797531927269
30436,6541.797531927269
29580,6541.797531927269
28724,6541.797531927269
27868,0.0
27012,10453.957093702387
26156,7967.1106616434145
25300,7967.1106616434145
24444,7967.1106616434145
23588,7967.1106616434145
22732,6541.797531927269
21876,0.0
21020,6541.797531927269
20164,6541.797531927269
19308,6541.797531927269
18452,6541.797531927269
17596,6651.857172973317
16740,7230.7054583690415
15884,0.0
15028,11548.846118113745
14172,9405.837291085027
13316,9955.799444045178
12460,7967.1106616434145
11604,7967.1106616434145
10748,6728.59095153543
9892,0.0
9036,6592.915994529579
8180,6592.915994529579
7324,6560.4836867530585
6468,6560.4836867530585
5612,6541.797531927269
4756,6541.797531927269
3900,0.0
3044,10551.14952101791
2188,7967.1106616434145
1332,7967.1106616434145
476,7967.1106616434145
40709,4416.743565771172
39853,0.0
38997,8232.137764861433
38141,7714.657285014889
37285,7037.155947864564
36429,6998.887637208984
35573,6998.887637208984
34717,4269.213398166109
33861,0.0
33005,4608.384895812423
32149,4608.384895812423
31293,4608.384895812423
30437,4608.384895812423
29581,4621.213794696112
28725,0.0
27869,0.0
27013,8605.289710027679
26157,7097.678940700985
25301,6707.30084978217
24445,6690.718953600274
23589,6690.718953600274
22733,3028.066364595586
21877,0.0
21021,4608.384895812423
20165,4608.384895812423
19309,4608.384895812423
18453,4608.384895812423
17597,4621.213794696112
16741,3028.066364595586
15885,0.0
15029,9996.165541606711
14173,7155.914551322323
13317,7024.897510259049
12461,6917.551601782365
11605,6712.405368073959
10749,3028.066364595586
9893,0.0
9037,4608.384895812423
8181,4608.384895812423
7325,4608.384895812423
6469,4608.384895812423
5613,4621.213794696112
4757,3028.066364595586
3901,0.0
3045,8659.001281997374
2189,7084.018105256166
1333,6693.64001433735
477,6677.058118155455
40710,6743.119390570633
39854,0.0
38998,8401.516013120856
38142,6683.237926978647
37286,6629.019545738733
36430,6333.639250172649
35574,6333.639250172649
34718,6734.171542585285
33862,0.0
33006,4861.10775593917
32150,4848.526499900522
31294,4848.526499900522
30438,4848.526499900522
29582,5984.614772967718
28726,0.0
27870,0.0
27014,7620.188168984605
26158,6332.107075103175
25302,6322.799038690846
24446,6322.799038690846
23590,6322.799038690846
22734,7973.4246641511445
21878,0.0
21022,5334.5078094058
20166,5334.5078094058
19310,5334.5078094058
18454,5334.5078094058
17598,7214.726835459622
16742,7983.285692800799
15886,0.0
15030,10343.146453450392
14174,7210.422098273424
13318,7399.1694538027195
12462,7179.74623309112
11606,6571.334322503831
10750,8032.231716537755
9894,0.0
9038,5334.5078094058
8182,5334.5078094058
7326,5334.5078094058
6470,5334.5078094058
5614,7111.911075745714
4758,7995.808241592222
3902,0.0
3046,8106.702645979027
2190,6332.107075103175
1334,6322.799038690846
478,6322.799038690846
40711,5241.148929182434
39855,0.0
38999,8484.552790621188
38143,7264.908065328211
37287,7199.021706899507
36431,6692.784451368862
35575,6589.5397930895215
34719,5044.37501306855
33863,0.0
33007,4976.508401618699
32151,4975.381369856959
31295,4951.554103621959
30439,4983.6027134659935
29583,4989.249149881061
28727,4940.185889052134
27871,0.0
27015,8018.379395415419
26159,7001.325907981562
25303,6612.240335392254
24447,6580.490883099907
23591,6601.773366614956
22735,4932.755149513894
21879,0.0
21023,4943.795095063628
20167,4947.856683122997
19311,4994.996660426705
18455,5003.96832124754
17599,5206.566401541133
16743,5005.907607332856
15887,0.0
15031,8399.722526260135
14175,7593.803694237221
13319,7517.701922204625
12463,7443.8430123875905
11607,7152.010582125158
10751,5103.536339143723
9895,0.0
9039,5058.786895280674
8183,5043.963856012486
7327,4995.356117593542
6471,4955.762784486562
5615,4964.055646605836
4759,4926.179218824213
3903,0.0
3047,7996.464781215166
2191,7079.3593770711905
1335,6571.668279525363
479,6566.997045720182
40712,3248.6243320927897
39856,0.0
39000,7534.414476098925
38144,4785.324002209884
37288,4774.430832703333
36432,4774.430832703333
35576,4965.690595156019
34720,2911.58934957712
33864,0.0
33008,3966.3527068884637
32152,3887.2692818014516
31296,3896.0028407973878
30440,3899.146069111627
29584,4370.856708000501
28728,2907.673007585778
27872,0.0
27016,7199.209499193295
26160,4734.419312887573
25304,4720.28124825642
24448,4720.28124825642
23592,4971.21005212784
22736,2897.7509666628976
21880,0.0
21024,3942.9494279568444
20168,3866.4774666551907
19312,3887.265656206613
18456,3891.235483847451
17600,4314.864325507499
16744,3055.2637022043173
15888,0.0
15032,8796.025480179067
14176,8390.689058799635
13320,8799.729924385061
12464,4795.599502317226
11608,5041.232558080569
10752,2909.3499423359294
9896,0.0
9040,4128.969017820554
8184,4017.642107451527
7328,3916.510297123837
6472,3923.2894637905038
5616,4376.32845687562
4760,2879.284027973379
3904,0.0
3048,7311.745502072769
2192,4766.6715923414495
1336,4747.962523712092
480,4747.962523712092
40713,4692.940097850338
39857,0.0
39001,9834.655338983945
38145,8268.956740916794
37289,8219.371473213863
36433,8210.95912389426
35577,8222.921713179974
34721,4618.421561559474
33865,0.0
33009,5876.074804643203
32153,5818.757169444727
31297,5818.757169444727
30441,5818.757169444727
29585,6020.622310126442
28729,4618.421561559474
27873,0.0
27017,9688.783482653116
26161,8236.925727120148
25305,8198.408517135427
24449,8198.408517135427
23593,8210.37110642114
22737,4618.421561559474
21881,0.0
21025,5836.276970084352
20169,5818.757169444727
19313,5818.757169444727
18457,5881.190349879286
17601,6272.785546390426
16745,4747.724980762964
15889,0.0
15033,10559.354478198478
14177,8362.459179250069
13321,8320.230667230897
12465,8263.070357307608
11609,8269.79910309357
10753,4631.363793097347
9897,0.0
9041,5886.297770762091
8185,5858.555004003577
7329,5858.555004003577
6473,5858.555004003577
5617,6020.622310126442
4761,4618.421561559474
3905,0.0
3049,9748.67056207048
2193,8264.32270999593
1337,8225.805500011209
481,8225.805500011209
40714,7094.630112796292
39858,0.0
39002,10027.785664195722
38146,7865.175412270472
37290,7865.175412270472
36434,7865.175412270472
35578,7865.175412270472
34722,6431.7297173997895
33866,0.0
33010,6428.249209899895
32154,6409.563055074105
31298,6409.563055074105
30442,6409.563055074105
29586,6409.563055074105
28730,6409.563055074105
27874,0.0
27018,9667.792188880014
26162,7865.175412270472
25306,7865.175412270472
24450,7865.175412270472
23594,7865.175412270472
22738,6409.563055074105
21882,0.0
21026,6409.563055074105
20170,6409.563055074105
19314,6409.563055074105
18458,6409.563055074105
17602,6561.731835451995
16746,5844.857053572155
15890,0.0
15034,10638.001820946962
14178,9676.940647424764
13322,10371.788978124916
12466,7865.175412270472
11610,7865.175412270472
10754,6543.800372683841
9898,0.0
9042,6460.681517676415
8186,6460.681517676415
7330,6428.249209899895
6474,6428.249209899895
5618,6409.563055074105
4762,6409.563055074105
3906,0.0
3050,9811.66111498166
2194,7865.175412270472
1338,7865.175412270472
482,7865.175412270472
40715,4893.138884133616
39859,0.0
39003,8859.44314922436
38147,6809.376243429779
37291,6794.875744828516
36435,6701.928752874586
35579,6701.928752874586
34723,4893.138884133616
33867,0.0
33011,4954.344503773292
32155,4954.344503773292
31299,4954.344503773292
30443,4954.344503773292
29587,4983.01539034587
28731,4893.138884133616
27875,0.0
27019,8492.82213372552
26163,6681.323251310027
25307,6682.97637691732
24451,6682.97637691732
23595,6682.97637691732
22739,4893.138884133616
21883,0.0
21027,4954.344503773292
20171,4954.344503773292
19315,4954.344503773292
18459,4954.344503773292
17603,5006.107473679204
16747,4893.138884133616
15891,0.0
15035,9444.97148099522
14179,7029.8731492055795
13323,7044.3419157943335
12467,6872.5173443619215
11611,6789.929352073349
10755,4893.138884133616
9899,0.0
9043,4954.344503773292
8187,4954.344503773292
7331,4954.344503773292
6475,4954.344503773292
5619,4983.01539034587
4763,4893.138884133616
3907,0.0
3051,8883.250953802934
2195,6681.323251310027
1339,6682.97637691732
483,6682.97637691732
40716,7588.121151608588
39860,0.0
39004,9821.309995188725
38148,7813.646755609896
37292,7813.646755609896
36436,7813.646755609896
35580,7813.646755609896
34724,5367.3247914876565
33868,0.0
33012,5336.7916414507445
32156,5294.946048470109
31300,5294.946048470109
30444,5294.946048470109
29588,5294.946048470109
28732,5321.998691007128
27876,0.0
27020,9396.027232069988
26164,7813.646755609896
25308,7813.646755609896
24452,7813.646755609896
23596,7813.646755609896
22740,5321.998691007128
21884,0.0
21028,5294.946048470109
20172,5294.946048470109
19316,5294.946048470109
18460,5294.946048470109
17604,5501.264601573467
16748,6277.97233048301
15892,0.0
15036,10428.26964480474
14180,8976.857702019111
13324,9889.088783788848
12468,7813.646755609896
11612,7813.646755609896
10756,5512.282200057252
9900,0.0
9044,5369.223949227263
8188,5369.223949227263
7332,5336.7916414507445
6476,5336.7916414507445
5620,5294.946048470109
4764,5321.998691007128
3908,0.0
3052,9488.51594095818
2196,7813.646755609896
1340,7813.646755609896
484,7813.646755609896
40717,5063.944720274722
39861,0.0
39005,9117.55995547193
38149,7658.776764918487
37293,6696.193369857254
36437,6660.868513589346
35581,6660.868513589346
34725,3684.650105986205
33869,0.0
33013,5339.268056693592
32157,5309.197786577668
31301,5292.226912834603
30445,5292.226912834603
29589,5412.057022242172
28733,3684.650105986205
27877,0.0
27021,8531.32684766565
26165,7407.855183283877
25309,6684.351944569898
24453,6651.783020222845
23597,6651.783020222845
22741,3684.650105986205
21885,0.0
21029,5178.076660936902
20173,5178.076660936902
19317,5178.076660936902
18461,5238.131298972643
17605,6109.880658776471
16749,4880.824864504232
15893,0.0
15037,9874.46789857857
14181,8357.985304638783
13325,8834.58185689886
12469,6660.868513589346
11613,6660.868513589346
10757,3730.8657675865293
9901,0.0
9045,5860.517030718027
8189,5467.745206062728
7333,5339.268056693592
6477,5339.268056693592
5621,5451.119482744388
4765,3684.650105986205
3909,0.0
3053,8646.2342520733
2197,7637.762591798212
1341,6696.193369857254
485,6660.868513589346
40718,5988.990069536614
39862,0.0
39006,9007.908939924755
38150,7351.811263777248
37294,7281.5985476971655
36438,7158.090094935321
35582,7182.666172376398
34726,5967.418854258837
33870,0.0
33014,5719.11073901657
32158,5719.11073901657
31302,5740.344175163755
30446,5772.643715097505
29590,6033.614336552467
28734,0.0
27878,0.0
27022,8670.963802726457
26166,7248.458682433325
25310,7183.305907751833
24454,7180.349829842532
23598,7190.696400609729
22742,5986.007852020334
21886,0.0
21030,5718.229303608295
20174,5718.229303608295
19318,5731.855710534701
18462,5745.610861386404
17606,5999.074594582567
16750,5986.007852020334
15894,0.0
15038,13885.133318070813
14182,7316.063213519544
13326,7524.759705174086
12470,7317.138331710066
11614,7128.203457901934
10758,5988.990069536614
9902,0.0
9046,5719.11073901657
8190,5719.11073901657
7334,5732.737145942976
6478,5746.492296794679
5622,5992.836396483279
4766,6028.73274915914
3910,0.0
3054,8304.86857565833
2198,7228.8103147205
1342,7193.128440913866
486,7146.41601685072
40719,5963.738848356829
39863,0.0
39007,9196.284326443343
38151,7828.341492088105
37295,7794.770345737915
36439,7698.7483905629615
35583,7698.7483905629615
34727,5714.575552305383
33871,0.0
33015,5204.156228981632
32159,5204.156228981632
31303,5204.156228981632
30447,5204.156228981632
29591,5683.319933460539
28735,5714.575552305383
27879,0.0
27023,8883.784601709074
26167,7703.448183224782
25311,7698.7483905629615
24455,7698.7483905629615
23599,7698.7483905629615
22743,5730.1308636606955
21887,0.0
21031,5204.156228981632
20175,5204.156228981632
19319,5204.156228981632
18463,5204.156228981632
17607,5755.59724561705
16751,5916.1123061715925
15895,0.0
15039,14418.82149707863
14183,7899.315164066571
13327,7915.268673035092
12471,7951.757407580375
11615,7778.361496061155
10759,5848.286103558969
9903,0.0
9047,5204.156228981632
8191,5204.156228981632
7335,5204.156228981632
6479,5204.156228981632
5623,5717.605467038072
4767,5748.861085882918
3911,0.0
3055,9167.79211216921
2199,7779.324172227683
1343,7774.624379565863
487,7774.624379565863
40720,8241.29387106521
39864,0.0
39008,9132.376090139074
38152,7344.088669992803
37296,7001.505082527385
36440,7001.505082527385
35584,7001.505082527385
34728,8011.700490699786
33872,0.0
33016,4913.145688574039
32160,4913.145688574039
31304,4913.145688574039
30448,4913.145688574039
29592,4912.176487182788
28736,7982.973897562531
27880,0.0
27024,9075.243113211858
26168,7334.361421315554
25312,6991.777833850137
24456,6991.777833850137
23600,7001.505082527385
22744,7982.973897562531
21888,0.0
21032,4913.145688574039
20176,4913.145688574039
19320,4913.145688574039
18464,4913.145688574039
17608,4912.176487182788
16752,8063.934174989348
15896,0.0
15040,9516.644731973118
14184,7592.503220317557
13328,8152.516172180503
12472,7394.97958870127
11616,7001.505082527385
10760,8132.25988339043
9904,0.0
9048,4781.3454082190665
8192,4781.3454082190665
7336,4781.3454082190665
6480,4781.3454082190665
5624,4780.376206827815
4768,7982.973897562531
3912,0.0
3056,9025.72134273608
2200,7334.361421315554
1344,6991.777833850137
488,6991.777833850137
40721,7845.822992367639
39865,0.0
39009,9474.26744273554
38153,7970.056719492334
37297,7505.994061734698
36441,7505.994061734698
35585,7505.994061734698
34729,7853.3298299744765
33873,0.0
33017,5385.392359543776
32161,5385.392359543776
31305,5368.556799155218
30449,5368.556799155218
29593,7117.985863049785
28737,0.0
27881,0.0
27025,9991.480148328777
26169,8101.825388627
25313,7701.971118167797
24457,7701.971118167797
23601,7701.971118167797
22745,7844.391954794101
21889,0.0
21033,5292.419788050333
20177,5292.419788050333
19321,5292.419788050333
18465,5292.419788050333
17609,7257.596649738584
16753,7856.706399238546
15897,0.0
15041,11526.088506078544
14185,8094.055314076263
13329,7887.9090864492
12473,7773.009254413812
11617,7701.971118167797
10761,7845.822992367639
9905,0.0
9049,5309.255348438893
8193,5309.255348438893
7337,5309.255348438893
6481,5309.255348438893
5625,7105.083716585138
4769,7826.908897434793
3913,0.0
3057,10188.236235362785
2201,8101.825388627
1345,7701.971118167797
489,7701.971118167797
40722,4473.898898576787
39866,0.0
39010,9921.521039402158
38154,7979.917170793925
37298,6990.813725781467
36442,6990.813725781467
35586,6990.813725781467
34730,4451.95118766391
33874,0.0
33018,4309.304998753566
32162,4309.304998753566
31306,4303.894003695165
30450,4303.894003695165
29594,4446.540192605509
28738,4446.540192605509
27882,0.0
27026,10720.599276018296
26170,7603.933433211015
25314,6977.333313827508
24458,6977.333313827508
23602,6977.333313827508
22746,4441.203111571379
21890,0.0
21034,4298.556922661035
20178,4298.556922661035
19322,4298.556922661035
18466,4297.818192006854
17610,4513.4225135010365
16754,4542.053923584009
15898,0.0
15042,12391.55434483184
14186,7588.880277516263
13330,7249.353216497768
12474,7157.661173575214
11618,6989.34886641218
10762,4451.95118766391
9906,0.0
9050,4309.304998753566
8194,4309.304998753566
7338,4309.304998753566
6482,4309.304998753566
5626,4451.95118766391
4770,4446.540192605509
3914,0.0
3058,10881.882802033257
2202,7609.285102832763
1346,6977.054421967735
490,6977.054421967735
40723,7487.76670634044
39867,0.0
39011,10264.638205142093
38155,8510.844377566147
37299,8510.844377566147
36443,8510.844377566147
35587,8523.799100912975
34731,6478.283228084842
33875,0.0
33019,6473.699608155545
32163,6453.154705133882
31307,6453.154705133882
30451,6453.154705133882
29595,6453.154705133882
28739,0.0
27883,0.0
27027,10069.9837541539
26171,8457.101018242882
25315,8457.101018242882
24459,8457.101018242882
23603,8470.055741589711
22747,6556.742146302702
21891,0.0
21035,6556.742146302702
20179,6556.742146302702
19323,6556.742146302702
18467,6556.742146302702
17611,6729.795926261406
16755,6939.032782186754
15899,0.0
15043,11483.086068633953
14187,9295.479567931814
13331,9326.416826714856
12475,8457.101018242882
11619,8470.055741589711
10763,6581.870669253664
9907,0.0
9051,6581.870669253664
8195,6581.870669253664
7339,6577.287049324367
6483,6577.287049324367
5627,6556.742146302702
4771,6556.742146302702
3915,0.0
3059,10247.856828256214
2203,8457.101018242882
1347,8457.101018242882
491,8457.101018242882
40724,3495.0365503401335
39868,0.0
39012,9522.998901849178
38156,8033.980047474676
37300,7508.126871230353
36444,7508.126871230353
35588,7508.126871230353
34732,3474.8828929156875
33876,0.0
33020,5421.866030821245
32164,5421.866030821245
31308,5421.866030821245
30452,5421.866030821245
29596,5397.4528559646005
28740,0.0
27884,0.0
27028,10651.885356980414
26172,8146.934942505639
25316,7704.103927663451
24460,7704.103927663451
23604,7704.103927663451
22748,6608.4237408325835
21892,0.0
21036,5461.401062847975
20180,5461.401062847975
19324,5461.401062847975
18468,5461.401062847975
17612,6062.2749589916975
16756,6608.4237408325835
15900,0.0
15044,11000.573250655116
14188,8240.430470612444
13332,8801.505173693598
12476,7957.76095214973
11620,7704.103927663451
10764,6608.4237408325835
9908,0.0
9052,5461.401062847975
8196,5461.401062847975
7340,5461.401062847975
6484,5461.401062847975
5628,6062.2749589916975
4772,6608.4237408325835
3916,0.0
3060,10651.885356980414
2204,8146.934942505639
1348,7704.103927663451
492,7704.103927663451
40725,2564.901874953783
39869,0.0
39013,7844.590005022529
38157,7414.351152060868
37301,7003.509961333457
36445,7003.509961333457
35589,7003.509961333457
34733,2492.3201493738875
33877,0.0
33021,4568.349437435142
32165,4568.349437435142
31309,4568.349437435142
30453,4568.349437435142
29597,4583.536096600543
28741,2492.3201493738875
27885,0.0
27029,7839.414180846706
26173,7414.351152060868
25317,7003.509961333457
24461,7003.509961333457
23605,7003.509961333457
22749,2492.3201493738875
21893,0.0
21037,4568.349437435142
20181,4568.349437435142
19325,4568.349437435142
18469,4568.349437435142
17613,4583.536096600543
16757,2523.6229799293997
15901,0.0
15045,7966.7204356068105
14189,7448.511324257403
13333,7781.7221745358365
12477,7202.358617420574
11621,7003.509961333457
10765,2492.3201493738875
9909,0.0
9053,4568.349437435142
8197,4568.349437435142
7341,4568.349437435142
6485,4568.349437435142
5629,4583.536096600543
4773,2492.3201493738875
3917,0.0
3061,7823.820485756266
2205,7414.351152060868
1349,7003.509961333457
493,7003.509961333457
40726,8951.42336564608
39870,0.0
39014,12534.64336159622
38158,8074.173103680094
37302,8074.173103680094
36446,8074.173103680094
35590,8074.173103680094
34734,6762.910425234607
33878,0.0
33022,6687.069938779887
32166,6668.383783954097
31310,6668.383783954097
30454,6668.383783954097
29598,6740.743762908925
28742,6740.743762908925
27886,0.0
27030,12106.60050689743
26174,8074.173103680094
25318,8074.173103680094
24462,8074.173103680094
23606,8074.173103680094
22750,6740.743762908925
21894,0.0
21038,6668.383783954097
20182,6668.383783954097
19326,6668.383783954097
18470,6668.383783954097
17614,6946.25368134322
16758,7363.353427496772
15902,0.0
15046,12756.460963826277
14190,10053.548544084877
13334,10412.385808734676
12478,8074.173103680094
11622,8074.173103680094
10766,6906.374468419587
9910,0.0
9054,6719.502246556407
8198,6719.502246556407
7342,6687.069938779887
6486,6687.069938779887
5630,6740.743762908925
4774,6740.743762908925
3918,0.0
3062,12474.949516374587
2206,8074.173103680094
1350,8074.173103680094
494,8074.173103680094
40727,3417.5119949899185
39871,0.0
39015,8113.241693353762
38159,6333.32458680235
37303,6336.266924086051
36447,6120.229349524512
35591,6120.229349524512
34735,3318.8803423019917
33879,0.0
33023,4954.719798836059
32167,4835.49224559463
31311,4757.523792732274
30455,4862.653154668991
29599,4522.806765363535
28743,3318.8803423019917
27887,0.0
27031,7337.229187639543
26175,6104.8064715536975
25319,6120.229349524512
24463,6120.229349524512
23607,6120.229349524512
22751,3310.192379339029
21895,0.0
21039,4851.645801823035
20183,4800.777306998487
19327,4834.597784191047
18471,4969.425893463132
17615,4886.188590987013
16759,3352.806094277893
15903,0.0
15047,10754.317235261815
14191,6684.397410698383
13335,6787.281250201298
12479,6693.910837859209
11623,6338.984613479991
10767,3318.8803423019917
9911,0.0
9055,5082.679394298364
8199,4912.928069463073
7343,4881.641729436263
6487,4965.47179309275
5631,4530.462907338844
4775,3318.8803423019917
3919,0.0
3063,8073.659501794055
2207,6104.8064715536975
1351,6120.229349524512
495,6120.229349524512
40728,3914.255414684637
39872,0.0
39016,6930.64288833696
38160,4907.276868665759
37304,4907.276868665759
36448,4859.402599814124
35592,4859.402599814124
34736,3708.3952647778797
33880,0.0
33024,3544.4566254476895
32168,3551.8827751111935
31312,3510.6066881228894
30456,3510.6066881228894
29600,3550.6462541278956
28744,3660.3621763691463
27888,0.0
27032,6442.576115306251
26176,4848.695085734637
25320,4848.695085734637
24464,4832.575560472746
23608,4832.575560472746
22752,3669.080720506168
21896,0.0
21040,3490.6271190644984
20184,3504.2262718239776
19328,3539.716705871563
18472,3545.956857386715
17616,3862.1701761898917
16760,3959.2985587912895
15904,0.0
15048,8628.887110682283
14192,7802.36643221005
13336,7959.257706402144
12480,4853.93551417645
11624,4853.93551417645
10768,3871.31318545823
9912,0.0
9056,3588.033526856862
8200,3555.1714827214014
7344,3538.289584513974
6488,3516.7796912188637
5632,3550.6462541278956
4776,3675.46113680508
3920,0.0
3064,6699.028303484154
2208,4856.427493142046
1352,4856.427493142046
496,4832.575560472746
40729,6895.79512539437
39873,0.0
39017,10221.067294946328
38161,8482.989299100642
37305,8422.41991013736
36449,8345.79709880895
35593,8376.168765475617
34737,6269.859323827673
33881,0.0
33025,6437.8213748550015
32169,6369.310463788772
31313,6362.490437982321
30457,6356.3438092739
29601,6434.528030253025
28745,6206.037128016019
27889,0.0
27033,9801.021122649317
26177,8362.260610036083
25321,8301.091555879657
24465,8275.397805879657
23609,8332.236536038388
22753,6195.932944804626
21897,0.0
21041,6354.773124889168
20185,6344.704990137396
19329,6344.704990137396
18473,6338.558361428975
17617,6694.518719734671
16761,6739.660719326774
15905,0.0
15049,10531.876336006871
14193,8480.196508562283
13337,8438.784245776313
12481,8354.319724458484
11625,8204.619760672598
10769,6260.4633192264555
9913,0.0
9057,6508.354376440245
8201,6465.767872736449
7345,6438.547633344396
6489,6421.606611394807
5633,6434.528030253025
4777,6180.115831719723
3921,0.0
3065,9842.96375972983
2209,8225.713546156518
1353,8175.0907191854585
497,8149.396969185458
40730,11353.323877929426
39874,0.0
39018,10207.519658409368
38162,8774.022320440808
37306,9008.353822151168
36450,9008.353822151168
35594,9008.353822151168
34738,10692.753359577704
33882,0.0
33026,8633.582088017674
32170,8301.470875896463
31314,7726.754180069141
30458,7739.1963487800585
29602,9425.680037156044
28746,0.0
27890,0.0
27034,9899.090971259513
26178,8737.080836075207
25322,9009.268190421784
24466,9009.268190421784
23610,9031.667579921173
22754,10575.262541969625
21898,0.0
21042,7813.279579900791
20186,7741.69961777958
19330,7703.596132931095
18474,7683.502085312047
17618,9845.220137933657
16762,10876.042607480642
15906,0.0
15050,11466.473032204194
14194,8800.189851091029
13338,8843.497098729793
12482,8948.632721658902
11626,9031.667579921173
10770,10828.111136837553
9914,0.0
9058,8633.582088017674
8202,8556.900459229795
7346,8518.79697438131
6490,8498.702926762264
5634,9634.05713702377
4778,10722.721768021114
3922,0.0
3066,9912.166124834048
2210,8737.080836075207
1354,9009.268190421784
498,9009.268190421784
40731,10535.331113675125
39875,0.0
39019,14961.158376662925
38163,13128.506058773917
37307,11851.399758075788
36451,11788.6274667446
35595,11397.19858615309
34739,8800.63610164126
33883,0.0
33027,8132.263825586933
32171,8106.989548440469
31315,8076.067044600223
30459,8076.067044600223
29603,8138.982131576169
28747,8704.329153735242
27891,0.0
27035,13919.13328499081
26179,12534.755520036542
25323,11231.972018624152
24467,11169.903682645316
23611,10980.283318982662
22755,8704.329153735242
21899,0.0
21043,8122.754971420266
20187,8111.225425965721
19331,8080.302922125476
18475,8080.302922125476
17619,8715.597311333959
16763,9264.217795790815
15907,0.0
15051,14498.213854890773
14195,13183.845116932533
13339,12040.334529618505
12483,11938.245390644219
11627,11449.25696758647
10771,9031.309672924144
9915,0.0
9059,8318.848458467506
8203,8274.278153959529
7347,8094.726671187788
6491,8062.915109625475
5635,8112.085464909502
4779,8651.657502876678
3923,0.0
3067,13766.606869346271
2211,12537.399520991852
1355,11189.582780700886
499,11179.61953404998
40732,4297.385406094479
39876,0.0
39020,8370.374651951739
38164,7409.178844896848
37308,6367.475735530772
36452,6328.919335799405
35596,6328.919335799405
34740,4179.354672351207
33884,0.0
33028,5142.22468277374
32172,5133.638479070036
31316,5028.7220074629395
30460,5000.139204432637
29604,4975.662785750199
28748,0.0
27892,0.0
27036,8823.28804375974
26180,7394.288712668392
25324,6350.097305683608
24468,6320.791725844715
23612,6320.791725844715
22756,4155.1580134545475
21900,0.0
21044,5095.21734837203
20188,5095.21734837203
19332,4998.650612214669
18476,4970.067809184367
17620,4963.1576832909295
16764,4186.119096751548
15908,0.0
15052,9423.021614373569
14196,7465.412501706049
13340,7383.775182745074
12484,6710.223452925191
11628,6330.042545737188
10772,4228.813322852581
9916,0.0
9060,5155.531122167679
8204,5155.531122167679
7348,5049.508169079101
6492,4999.032722951156
5636,4972.6792209353835
4780,4174.237212033747
3924,0.0
3068,8876.353333841844
2212,7394.288712668392
1356,6350.097305683608
500,6320.791725844715
40733,6938.132064409879
39877,0.0
39021,9443.653388637524
38165,7695.757175455006
37309,7695.757175455006
36453,7695.757175455006
35597,7695.757175455006
34741,6160.709795066698
33885,0.0
33029,6157.229287566804
32173,6138.543132741014
31317,6138.543132741014
30461,6138.543132741014
29605,6138.543132741014
28749,6138.543132741014
27893,0.0
27037,9213.424330927532
26181,7695.757175455006
25325,7695.757175455006
24469,7695.757175455006
23613,7695.757175455006
22757,6138.543132741014
21901,0.0
21045,6138.543132741014
20189,6138.543132741014
19333,6138.543132741014
18477,6138.543132741014
17621,6268.35535867905
16765,5714.666527440842
15909,0.0
15053,9822.554225563856
14197,10153.434753740574
13341,10920.158579454253
12485,7695.757175455006
11629,7695.757175455006
10773,6221.252652731701
9917,0.0
9061,6160.529834367713
8205,6160.529834367713
7349,6157.229287566804
6493,6157.229287566804
5637,6138.543132741014
4781,6138.543132741014
3925,0.0
3069,9441.952242254143
2213,7695.757175455006
1357,7695.757175455006
501,7695.757175455006
40734,4336.83560191683
39878,0.0
39022,8317.695889898763
38166,6667.344504651584
37310,6652.2651509242405
36454,6511.414045408261
35598,6511.414045408261
34742,4336.83560191683
33886,0.0
33030,4455.599089780246
32174,4449.795835838005
31318,4449.795835838005
30462,4449.795835838005
29606,4469.469922549107
28750,0.0
27894,0.0
27038,7625.3191066769905
26182,6267.032241360693
25326,6271.1148165530385
24470,6271.1148165530385
23614,6271.1148165530385
22758,4283.640114850953
21902,0.0
21046,4422.772934007461
20190,4422.772934007461
19334,4422.772934007461
18478,4422.772934007461
17622,4442.447020718563
16766,4283.640114850953
15910,0.0
15054,10900.336940842099
14198,6366.154065671737
13342,6496.298909591368
12486,6337.333806938571
11630,6125.227154393956
10774,4283.640114850953
9918,0.0
9062,4422.772934007461
8206,4422.772934007461
7350,4422.772934007461
6494,4422.772934007461
5638,4436.643766776322
4782,4283.640114850953
3926,0.0
3070,7418.152263737424
2214,6149.714137137383
1358,6153.796712329728
502,6153.796712329728
40735,7178.7572261783025
39879,0.0
39023,10045.584118728937
38167,8440.50602977935
37311,8235.010452295732
36455,7983.647984225046
35599,7911.024575113484
34743,7055.137755658035
33887,0.0
33031,6775.032316774412
32175,6711.332022758558
31319,6599.60251153402
30463,6507.256280168775
29607,6743.125720449429
28751,6998.406624029691
27895,0.0
27039,9854.640432001914
26183,8226.51738931206
25327,7922.935661980883
24471,7832.889379809115
23615,7892.492242892532
22759,6999.527416662983
21903,0.0
21047,6703.4773635736465
20191,6665.596601859535
19335,6621.049694125986
18479,6498.082839865118
17623,6785.793372294055
16767,7013.793282047599
15911,0.0
15055,10097.915381731287
14199,8447.123103393062
13343,8303.798108279927
12487,8203.099893962999
11631,8203.099893962999
10775,7069.22479269507
9919,0.0
9063,6739.483037165133
8207,6686.053201376947
7351,6616.534559636664
6495,6514.333782816874
5639,6739.932764869857
4783,6998.406624029691
3927,0.0
3071,9839.395261061745
2215,8310.661807075927
1359,7971.310197440951
503,7832.889379809115
40736,6743.8820959311815
39880,0.0
39024,9306.382390932415
38168,7078.465420800491
37312,7078.465420800491
36456,7078.465420800491
35600,7078.465420800491
34744,6126.297301687925
33888,0.0
33032,6121.713681758628
32176,6117.003461374897
31320,6117.003461374897
30464,6117.003461374897
29608,6117.003461374897
28752,6117.003461374897
27896,0.0
27040,8969.562661165928
26184,7078.465420800491
25328,7078.465420800491
24472,7078.465420800491
23616,7078.465420800491
22760,6117.003461374897
21904,0.0
21048,6117.003461374897
20192,6117.003461374897
19336,6117.003461374897
18480,6117.003461374897
17624,6312.131317842207
16768,6576.383461420308
15912,0.0
15056,10070.848341847071
14200,8938.653033814546
13344,9174.530918144832
12488,7095.029742035747
11632,7095.029742035747
10776,6126.297301687925
9920,0.0
9064,6126.297301687925
8208,6126.297301687925
7352,6121.713681758628
6496,6121.713681758628
5640,6117.003461374897
4784,6117.003461374897
3928,0.0
3072,9210.413813535637
2216,7095.029742035747
1360,7095.029742035747
504,7095.029742035747
40737,7596.490831465238
39881,0.0
39025,10450.657452114361
38169,8274.72244541225
37313,8272.034208552346
36457,8170.484673711353
35601,8170.484673711353
34745,7486.331981524042
33889,0.0
33033,6554.685435176783
32177,6525.970334490131
31321,6518.3002914608705
30465,6518.3002914608705
29609,7142.938864019629
28753,7486.331981524042
27897,0.0
27041,10257.53810528134
26185,8175.7925424280465
25329,8170.484673711353
24473,8170.484673711353
23617,8170.484673711353
22761,7486.331981524042
21905,0.0
21049,6514.798340654331
20193,6486.083239967677
19337,6529.852661243311
18481,6529.852661243311
17625,7422.292117878676
16769,7773.842092384243
15913,0.0
15057,10759.62889339977
14201,8750.810553294445
13345,8962.849250621106
12489,8633.099149219122
11633,8267.266935689098
10777,7485.949676762138
9921,0.0
9065,6572.495929399041
8209,6530.615072409868
7353,6524.161243581039
6497,6524.161243581039
5641,7142.938864019629
4785,7486.331981524042
3929,0.0
3073,10428.200862219881
2217,8175.7925424280465
1361,8170.484673711353
505,8170.484673711353
40738,3567.284242832028
39882,0.0
39026,4788.004697295664
38170,5325.87123780609
37314,5073.248809959789
36458,5004.464644412693
35602,5122.0934117921
34746,3346.4124713974206
33890,0.0
33034,2906.590951796914
32178,2903.077315433278
31322,2894.1747513307137
30466,2927.4216664988785
29610,2899.387874683438
28754,3181.595903280753
27898,0.0
27042,4764.4851296166125
26186,5283.018779792041
25330,5029.4049670850445
24474,5041.142484401247
23618,5131.632753423507
22762,3178.395998000849
21906,0.0
21050,2941.2149965728004
20194,2944.0153474499934
19338,2948.395208239788
18482,2930.1319390090193
17626,3101.895110197894
16770,3248.009740182152
15914,0.0
15058,5376.897529088273
14202,5337.656268479192
13346,5434.193074841883
12490,5348.8276597683525
11634,5157.124047773765
10778,3520.697429321281
9922,0.0
9066,2905.5611926935603
8210,2914.709218585448
7354,2913.3563980726276
6498,2913.5460277022576
5642,2920.9237454420772
4786,3188.993938208104
3930,0.0
3074,4787.6412826384285
2218,5313.723578326839
1362,5012.007636264237
506,5023.070728676639
40739,4754.094187798317
39883,0.0
39027,10469.356085704527
38171,7923.901729900708
37315,7771.438357722311
36459,7486.775161358662
35603,7322.31662411333
34747,4681.686458605296
33891,0.0
33035,4598.071138784128
32179,4598.071138784128
31323,4598.071138784128
30467,4598.071138784128
29611,4681.686458605296
28755,4681.686458605296
27899,0.0
27043,9027.366872464268
26187,7285.464901324581
25331,7061.198769802527
24475,6970.468043146052
23619,6949.02244327223
22763,4671.204430217017
21907,0.0
21051,4587.58911039585
20195,4587.58911039585
19339,4587.58911039585
18483,4595.659701572488
17627,4795.265703747701
16771,4880.162313841524
15915,0.0
15059,10893.319902576162
14203,8240.371281719848
13347,8315.538952326593
12491,8109.062054711865
11635,7701.763755846762
10779,4705.352153832012
9923,0.0
9067,4598.071138784128
8211,4598.071138784128
7355,4598.071138784128
6499,4598.071138784128
5643,4681.686458605296
4787,4681.686458605296
3931,0.0
3075,9151.015130207123
2219,7101.642661761086
1363,6916.991291576019
507,6883.095351837193
40740,4509.937895169773
39884,0.0
39028,8617.304047296011
38172,6522.8526626192515
37316,6511.349470776552
36460,6511.349470776552
35604,6511.349470776552
34748,4218.841418433836
33892,0.0
33036,4797.07583406324
32180,4796.4520680448095
31324,4796.4520680448095
30468,4828.9953546899105
29612,4799.672641295549
28756,4219.427996243876
27900,0.0
27044,8599.216555648438
26188,6517.385576981577
25332,6505.882385138878
24476,6505.882385138878
23620,6505.882385138878
22764,4213.443904439305
21908,0.0
21052,4798.52817231867
20196,4798.52817231867
19340,4814.742373653503
18484,4852.612572882787
17628,4961.309336503911
16772,4447.727453976488
15916,0.0
15060,9485.320410533262
14204,7970.535112388977
13348,8039.675324584912
12492,6505.882385138878
11636,6505.882385138878
10780,4328.179453604733
9924,0.0
9068,4831.250361042358
8212,4816.276187488638
7356,4797.07583406324
6500,4821.55892462991
5644,4791.612445217118
4788,4211.367800165444
3932,0.0
3076,8527.146670100077
2220,6517.385576981577
1364,6505.882385138878
508,6505.882385138878
40741,4222.767282762468
39885,0.0
39029,8642.8369645914
38173,7249.208784885767
37317,6748.209952545701
36461,6677.827208485946
35605,6677.827208485946
34749,4122.179471308924
33893,0.0
33037,4829.45247053417
32181,4829.45247053417
31325,4829.45247053417
30469,4829.45247053417
29613,4965.355132894746
28757,4096.892823143721
27901,0.0
27045,8610.502144071486
26189,7249.208784885767
25333,6748.209952545701
24477,6677.827208485946
23621,6677.827208485946
22765,4096.892823143721
21909,0.0
21053,4829.45247053417
20197,4829.45247053417
19341,4829.45247053417
18485,4829.45247053417
17629,5060.9641334813305
16773,4115.025074069654
15917,0.0
15061,8934.563575848122
14205,7435.333280708346
13349,7652.14876174964
12493,6937.066105490603
11637,6677.827208485946
10781,4187.805158089862
9925,0.0
9069,4829.45247053417
8213,4829.45247053417
7357,4829.45247053417
6501,4829.45247053417
5645,4965.355132894746
4789,4158.1449658395295
3933,0.0
3077,8588.109093990848
2221,7249.208784885767
1365,6748.209952545701
509,6677.827208485946
40742,4364.714438558093
39886,0.0
39030,8856.206928459847
38174,7008.4921533748575
37318,6974.818957699385
36462,6856.791760398265
35606,6856.791760398265
34750,4364.714438558093
33894,0.0
33038,4377.0093792567
32182,4377.0093792567
31326,4377.0093792567
30470,4377.0093792567
29614,4425.383166170743
28758,0.0
27902,0.0
27046,8830.737210632167
26190,6848.664174496279
25334,6837.80394776104
24478,6837.80394776104
23622,6837.80394776104
22766,4426.855447749448
21910,0.0
21054,4429.872428591436
20198,4429.872428591436
19342,4429.872428591436
18486,4429.872428591436
17630,4507.893506655189
16774,4426.855447749448
15918,0.0
15062,11081.560683924097
14206,7027.050386371456
13350,7049.154877527133
12494,6983.794648610739
11638,6836.131065063127
10782,4426.855447749448
9926,0.0
9070,4429.872428591436
8214,4429.872428591436
7358,4429.872428591436
6502,4429.872428591436
5646,4507.893506655189
4790,4426.855447749448
3934,0.0
3078,9302.402055989134
2222,6848.664174496279
1366,6837.80394776104
510,6837.80394776104
40743,7816.836293087148
39887,0.0
39031,9358.909453699704
38175,7702.665844219662
37319,6770.395770437234
36463,6770.395770437234
35607,6760.999134501219
34751,7056.386586019617
33895,0.0
33039,6041.470247500341
32183,5895.145939263887
31327,5895.145939263887
30471,5906.787605930554
29615,6080.972007228237
28759,6613.799024078922
27903,0.0
27047,8759.486744929329
26191,7454.189051936391
25335,6754.262835535957
24479,6754.262835535957
23623,6754.262835535957
22767,6613.799024078922
21911,0.0
21055,5905.9017801818245
20199,5898.718704011577
19343,5898.718704011577
18487,5912.51468102307
17631,6452.60878558001
16775,7014.924760912075
15919,0.0
15063,10641.44259124767
14207,8803.697137380594
13351,9518.116636656292
12495,6770.395770437234
11639,6770.395770437234
10783,7609.546116044526
9927,0.0
9071,6707.291212577856
8215,6441.441429110443
7359,5970.80820842744
6503,5958.709770214946
5647,6080.972007228237
4791,6613.799024078922
3935,0.0
3079,8887.149682662151
2223,7672.255035163371
1367,6760.999134501219
511,6760.999134501219
40744,8087.796597027545
39888,0.0
39032,12963.226037052826
38176,9307.57994160893
37320,8452.18813231598
36464,8452.18813231598
35608,8452.18813231598
34752,6841.769267229259
33896,0.0
33040,6682.396927866634
32184,6691.019345683192
31328,6697.017408453755
30472,6718.46938686699
29616,6738.321670001454
28760,6824.616247076753
27904,0.0
27048,12884.545954306663
26192,9307.57994160893
25336,8452.18813231598
24480,8452.18813231598
23624,8452.18813231598
22768,6782.362592745823
21912,0.0
21056,6711.847440401573
20200,6720.469858218132
19344,6749.102423912672
18488,6761.089604076681
17632,6990.288887976194
16776,7520.6423195796515
15920,0.0
15064,13336.778662489505
14208,9532.308556112606
13352,9650.650623976257
12496,8622.836120156655
11640,8452.18813231598
10784,6887.5409519228015
9928,0.0
9072,6656.563335232476
8216,6657.986551559277
7360,6672.594967837245
6504,6659.814315927491
5648,6710.982144675731
4792,6827.811385965641
3936,0.0
3080,12733.61954474777
2224,9307.57994160893
1368,8452.18813231598
512,8452.18813231598
40745,7059.096521315443
39889,0.0
39033,9212.390099962644
38177,7886.029347501089
37321,7886.029347501089
36465,7886.029347501089
35609,7886.029347501089
34753,6160.709795066698
33897,0.0
33041,6157.229287566804
32185,6138.543132741014
31329,6138.543132741014
30473,6138.543132741014
29617,6138.543132741014
28761,6138.543132741014
27905,0.0
27049,8935.357557054056
26193,7886.029347501089
25337,7886.029347501089
24481,7886.029347501089
23625,7886.029347501089
22769,6138.543132741014
21913,0.0
21057,6138.543132741014
20201,6138.543132741014
19345,6138.543132741014
18489,6138.543132741014
17633,6281.309819650831
16777,5804.763815871391
15921,0.0
15065,9948.016756892308
14209,9431.921460412594
13353,9894.252072578909
12497,7886.029347501089
11641,7886.029347501089
10785,6252.74670035075
9929,0.0
9073,6189.661595343323
8217,6189.661595343323
7361,6157.229287566804
6505,6157.229287566804
5649,6138.543132741014
4793,6138.543132741014
3937,0.0
3081,9150.188660448961
2225,7886.029347501089
1369,7886.029347501089
513,7886.029347501089
40746,6003.9840141754485
39890,0.0
39034,11824.751986334877
38178,10048.439098762938
37322,8798.088336415844
36466,8782.50467808606
35610,8770.035511419392
34754,5373.537172533126
33898,0.0
33042,6937.777729291975
32186,6869.972625783789
31330,6870.616158228333
30474,6883.62356563574
29618,6907.470977122891
28762,5359.600608132042
27906,0.0
27050,11299.923247849105
26194,9777.092077874791
25338,8685.90994169047
24482,8671.26823955778
23626,8665.035235071995
22770,5359.600608132042
21914,0.0
21058,6890.097891737225
20202,6861.554669631654
19346,6849.96983507283
18490,6849.96983507283
17634,6933.5490940971085
16778,5637.208336970435
15922,0.0
15066,12485.193470306052
14210,10124.079602984759
13354,8847.134961509533
12498,8804.073539319123
11642,8779.869145895087
10786,5590.377301576172
9930,0.0
9074,6976.257338413887
8218,6917.419584024917
7362,6882.174694459757
6506,6868.010907818518
5650,6879.563118593005
4794,5350.544069670504
3938,0.0
3082,11338.174683110756
2226,9789.11931068594
1370,8716.0028934899
514,8693.290504222708
40747,8682.465555258972
39891,0.0
39035,10089.761388422432
38179,8157.8493611349995
37323,8157.8493611349995
36467,8157.8493611349995
35611,8171.4778956357295
34755,7513.565812339647
33899,0.0
33043,5499.505902864505
32187,5445.159137240891
31331,5445.159137240891
30475,5445.159137240891
29619,6636.178047059558
28763,7464.111059319477
27907,0.0
27051,9989.896827398148
26195,8157.8493611349995
25339,8157.8493611349995
24483,8157.8493611349995
23627,8171.4778956357295
22771,7451.964630748049
21915,0.0
21059,5477.483548318755
20203,5450.67249264928
19347,5460.493146325344
18491,5483.5950768588955
17635,7050.114356393404
16779,7984.8237035496695
15923,0.0
15067,11443.815046800677
14211,8658.641827954187
13355,8741.432859935245
12499,8157.8493611349995
11643,8171.4778956357295
10787,7668.41811645326
9931,0.0
9075,5553.786594623253
8219,5526.975538953776
7363,5472.694847195028
6507,5472.694847195028
5651,6636.178047059558
4795,7464.111059319477
3939,0.0
3083,9885.748560446118
2227,8157.8493611349995
1371,8157.8493611349995
515,8157.8493611349995
40748,9027.520063377258
39892,0.0
39036,11369.143376452792
38180,7613.276011736161
37324,7613.276011736161
36468,7613.276011736161
35612,7613.276011736161
34756,7193.893202687565
33900,0.0
33044,6826.514664972891
32188,6795.272007453331
31332,6795.272007453331
30476,6795.272007453331
29620,7144.249000255463
28764,7196.311578727987
27908,0.0
27052,11046.25020788459
26196,7613.276011736161
25340,7613.276011736161
24484,7613.276011736161
23628,7613.276011736161
22772,7196.311578727987
21916,0.0
21060,6807.695513200457
20204,6795.272007453331
19348,6795.272007453331
18492,6795.272007453331
17636,7246.8202928962155
16780,7617.045139801117
15924,0.0
15068,11582.953589174604
14212,9041.289403871537
13356,9731.990896750396
12500,7617.690550784446
11644,7617.690550784446
10788,7389.5797445987055
9932,0.0
9076,6816.608530855796
8220,6804.185025108668
7364,6814.091159225765
6508,6814.091159225765
5652,7144.249000255463
4796,7196.311578727987
3940,0.0
3084,11085.286354782515
2228,7617.690550784446
1372,7617.690550784446
516,7617.690550784446
40749,5085.7014192624765
39893,0.0
39037,8028.536638453393
38181,6686.881287541586
37325,6720.7857860064
36469,6724.22826338684
35613,6793.299588344008
34757,5040.758460489688
33901,0.0
33045,4747.113922382779
32189,4739.769862858969
31333,4798.8850182428005
30477,4785.016823798356
29621,5078.454120637784
28765,0.0
27909,0.0
27053,7186.06349396321
26197,6690.323764922025
25341,6724.22826338684
24485,6724.22826338684
23629,6793.299588344008
22773,5031.999763944405
21917,0.0
21061,4698.886249003325
20205,4701.819582336659
19349,4763.756166291919
18493,4750.99535821111
17637,5189.866079598854
16781,5209.778871251019
15925,0.0
15069,10317.203817855658
14213,6701.631466654244
13357,6749.712022209799
12501,6703.15254016213
11645,6781.604011744682
10789,5065.637328136747
9933,0.0
9077,5370.7781683565245
8221,5370.7781683565245
7365,5370.7781683565245
6509,5370.7781683565245
5653,5102.246297108372
4797,5031.999763944405
3941,0.0
3085,7935.103209266269
2229,6563.037040938568
1373,6596.941539403383
517,6596.941539403383
40750,10125.613236556961
39894,0.0
39038,9943.057686985385
38182,8074.611857040454
37326,7500.539175303987
36470,7500.539175303987
35614,7500.539175303987
34758,0.0
33902,0.0
33046,10603.27015860559
32190,10097.11588300575
31334,9971.152053725586
30478,10051.525467885398
29622,10215.936306730633
28766,0.0
27910,0.0
27054,8266.1848958009
26198,8040.370141726695
25342,7475.684505142122
24486,7494.31935362697
23630,7494.31935362697
22774,9764.480516431404
21918,0.0
21062,10604.218805773407
20206,10092.451097647785
19350,10014.252231330582
18494,10046.837813799668
17638,10246.92466227728
16782,9949.429755773237
15926,0.0
15070,8581.212704122665
14214,8144.222688033185
13358,7761.612459359454
12502,7648.855232669764
11646,7529.292976488409
10790,10053.83295463941
9934,0.0
9078,10601.313662247978
8222,10086.522231638954
7366,10008.32336532175
6510,10029.876775919087
5654,10126.067437086716
4798,9761.419869786381
3942,0.0
3086,8291.582993443997
2230,8049.118289874842
1374,7475.684505142122
518,7494.31935362697
40751,6104.981542858646
39895,0.0
39039,9029.894929238608
38183,7818.928043459487
37327,7057.807007633969
36471,7057.807007633969
35615,7057.807007633969
34759,5791.653555698625
33903,0.0
33047,5380.199923973489
32191,5338.257472663473
31335,5302.102230955038
30479,5302.102230955038
29623,5390.034309886561
28767,0.0
27911,0.0
27055,8654.482642619832
26199,7555.673630257976
25343,7057.807007633969
24487,7057.807007633969
23631,7057.807007633969
22775,5698.616346843825
21919,0.0
21063,5199.841403702109
20207,5199.841403702109
19351,5199.841403702109
18495,5259.896041737849
17639,5873.777825869218
16783,5630.489778144866
15927,0.0
15071,13092.463493334983
14215,8774.838719350344
13359,8852.51597275369
12503,7057.807007633969
11647,7057.807007633969
10791,6019.516956121023
9935,0.0
9079,5753.746132163118
8223,5501.712180324607
7367,5380.199923973489
6511,5380.199923973489
5655,5429.096770388775
4799,5726.988843837573
3943,0.0
3087,8740.49039721979
2231,7797.913870339213
1375,7057.807007633969
519,7057.807007633969
40752,6949.028540555841
39896,0.0
39040,10577.605436131445
38184,8861.561561350196
37328,8874.934841773476
36472,8664.885023421779
35616,8664.885023421779
34760,6739.911317171367
33904,0.0
33048,5356.770789996171
32192,5356.770789996171
31336,5356.770789996171
30480,5356.770789996171
29624,6697.688462012689
28768,6686.014473377024
27912,0.0
27056,9813.58809318083
26200,8515.728114133504
25344,8517.976262281654
24488,8437.029398227636
23632,8499.14065199194
22776,6686.014473377024
21920,0.0
21064,5348.937039996171
20208,5348.937039996171
19352,5348.937039996171
18496,5348.937039996171
17640,6803.062870763043
16784,6817.302367700519
15928,0.0
15072,7979.642835881436
14216,8798.95980669268
13360,8788.323532182874
12504,8765.595184190268
11648,8777.581375822467
10792,6782.935718612295
9936,0.0
9080,5356.770789996171
8224,5356.770789996171
7368,5356.770789996171
6512,5356.770789996171
5656,6677.31703344126
4800,6665.643044805595
3944,0.0
3088,10473.725992289408
2232,8558.996642572032
1376,8544.24580435796
520,8405.848998474825
40753,5631.561222521669
39897,0.0
39041,9921.354182252679
38185,7114.901809469305
37329,7109.775505929207
36473,7088.205500761087
35617,7088.205500761087
34761,5399.364811267774
33905,0.0
33049,6674.895574565497
32193,6628.056715483402
31337,6575.821462169169
30481,6532.798545502502
29625,6821.147173042368
28769,5391.877309542446
27913,0.0
27057,9444.8802458654
26201,7087.99242058775
25345,7088.205500761087
24489,7088.205500761087
23633,7088.205500761087
22777,5391.877309542446
21921,0.0
21065,6568.004617992104
20209,6559.345876162039
19353,6551.661954593411
18497,6855.347931391047
17641,8676.04985030677
16785,5984.244941339749
15929,0.0
15073,9638.74227251915
14217,7307.015960071415
13361,7426.340894541224
12505,7347.617678106536
11649,7067.3000614847615
10793,5462.146232175658
9937,0.0
9081,6694.03645768191
8225,6677.550930137559
7369,6646.8390777779705
6513,6587.348358081001
5657,6821.623520160163
4801,5391.877309542446
3945,0.0
3089,9957.770592989382
2233,7087.99242058775
1377,7088.205500761087
521,7088.205500761087
40754,5025.024656095082
39898,0.0
39042,9129.390394174983
38186,7163.069613464108
37330,6633.937541592647
36474,6633.937541592647
35618,6633.937541592647
34762,5025.024656095082
33906,0.0
33050,5253.194022066721
32194,5253.194022066721
31338,5253.194022066721
30482,5258.256464125825
29626,5258.256464125825
28770,5025.024656095082
27914,0.0
27058,9106.596061440492
26202,7163.069613464108
25346,6633.937541592647
24490,6633.937541592647
23634,6633.937541592647
22778,5025.024656095082
21922,0.0
21066,5253.194022066721
20210,5253.194022066721
19354,5253.194022066721
18498,5269.643060584922
17642,5269.643060584922
16786,5047.703125822911
15930,0.0
15074,9897.567643734503
14218,7129.98514467046
13362,6830.017408897241
12506,6729.183198584445
11650,6633.937541592647
10794,5025.024656095082
9938,0.0
9082,5253.194022066721
8226,5253.194022066721
7370,5253.194022066721
6514,5258.256464125825
5658,5258.256464125825
4802,5025.024656095082
3946,0.0
3090,9058.475156372037
2234,7163.069613464108
1378,6633.937541592647
522,6633.937541592647
40755,6291.421862158808
39899,13809.578018578646
39043,10825.647836937822
38187,9092.638665889426
37331,9063.120768568882
36475,9046.092574124437
35619,9111.794489764627
34763,6180.992563459141
33907,13765.06840277778
33051,8489.624723321913
32195,8467.208453480644
31339,8479.369650570592
30483,8489.440483903925
29627,8589.841734505177
28771,6156.263989289576
27915,13697.144614898994
27059,10839.985025140648
26203,9034.348892584025
25347,8990.291958962092
24491,8968.016859755742
23635,9068.580749384631
22779,6091.894446910659
21923,13548.978392371519
21067,8440.934564591755
20211,8424.734961417153
19355,8422.140206126147
18499,8432.21103945948
17643,8581.447250378193
16787,6355.595068269148
15931,13680.789919548046
15075,11392.008288425031
14219,9092.638665889426
13363,9071.308387616502
12507,9061.32741539428
11651,9142.600369995507
10795,6296.428608190554
9939,13785.655439814818
9083,8481.153823851015
8227,8479.089934962125
7371,8480.166475967417
6515,8490.23730930075
5659,8584.421893235334
4803,6188.011721672932
3947,13777.365982744112
3091,10787.973762863749
2235,9219.419586922366
1379,9190.172340862326
523,9174.547918062903
40756,6335.018281452339
39900,0.0
39044,10418.099341114243
38188,8566.953926285742
37332,7566.655860954991
36476,7566.655860954991
35620,7566.655860954991
34764,6205.100815977102
33908,0.0
33052,9543.139626390515
32196,9405.645915698226
31340,9405.645915698226
30484,9405.645915698226
29628,8948.500318692702
28772,0.0
27916,0.0
27060,9108.182129741148
26204,8183.442473364639
25348,7476.892968916854
24492,7495.527817401703
23636,7527.885224809111
22780,6468.000952111463
21924,0.0
21068,9815.738457426713
20212,9737.336119600535
19356,9737.336119600535
18500,9745.064041678455
17644,8599.67332847781
16788,6531.018540751638
15932,0.0
15076,10369.635283336913
14220,8307.23325991841
13364,7953.657656190239
12508,7750.109926087005
11652,7562.85884767055
10796,6497.008641480428
9940,0.0
9084,10007.740508217106
8228,9887.981137619721
7372,9834.904810459228
6516,9842.632732537148
5660,8528.933179131802
4804,6482.756526572105
3948,0.0
3092,9150.068745902765
2236,8183.442473364639
1380,7476.892968916854
524,7495.527817401703
40757,6331.981826847816
39901,0.0
39045,10266.667255779654
38189,7702.04205931045
37333,7542.929494521871
36477,7337.31307319727
35621,7337.31307319727
34765,6054.598555977867
33909,0.0
33053,6094.516407119141
32197,6094.516407119141
31341,6087.467452635279
30485,6087.467452635279
29629,6067.142179437741
28773,6023.053648743367
27917,0.0
27061,9967.180114390363
26205,7414.64752371072
25349,7298.888767641715
24493,7298.888767641715
23637,7298.888767641715
22781,5990.589068883553
21925,0.0
21069,6087.467452635279
20213,6087.467452635279
19357,6087.467452635279
18501,6087.467452635279
17645,6760.747534582702
16789,6890.935074733893
15933,0.0
15077,10587.22922637854
14221,7944.377190062255
13365,7910.698043520218
12509,7812.854329056316
11653,7569.405882868944
10797,6103.800479138615
9941,0.0
9085,6110.189316349159
8229,6110.189316349159
7373,6056.791695059522
6517,6056.791695059522
5661,6067.142179437741
4805,6038.741286580598
3949,0.0
3093,9792.16511697056
2237,7470.717943332469
1381,7337.31307319727
525,7337.31307319727
40758,5926.463417011665
39902,0.0
39046,6219.490666064475
38190,5657.180800521441
37334,5551.868483310192
36478,5388.385909182092
35622,5388.385909182092
34766,5561.289151743501
33910,0.0
33054,4699.024696615641
32198,4658.363552720456
31342,4658.363552720456
30486,4658.363552720456
29630,4876.44257578845
28774,5519.998852046762
27918,0.0
27062,5699.308471093792
26206,5310.895375326446
25350,5255.510188223971
24494,5248.58120674249
23638,5250.299992693982
22782,5526.280760878671
21926,0.0
21070,4647.9703074268355
20214,4614.76582286694
19358,4614.76582286694
18502,4614.76582286694
17646,4938.784565085748
16790,5806.77282159857
15934,0.0
15078,6036.743738666803
14222,5895.93515439284
13366,6025.114855890997
12510,5633.409089602806
11654,5532.491582491905
10798,5633.694075849895
9942,0.0
9086,4679.185628487344
8230,4646.836203087863
7374,4571.407965145671
6518,4569.902801746979
5662,4761.125589801991
4806,5567.36854069145
3950,0.0
3094,5838.856923419277
2238,5349.290830034274
1382,5332.594275344832
526,5315.926689557748
40759,2832.5222166212893
39903,0.0
39047,7048.489790265696
38191,5515.079835581092
37335,5478.2291789339815
36479,5135.430749774344
35623,5135.430749774344
34767,2812.4111433808043
33911,0.0
33055,3372.3702387945286
32199,3325.8394815370348
31343,3245.997277046069
30487,3245.997277046069
29631,3302.032977344826
28775,2812.4111433808043
27919,0.0
27063,6565.266020174463
26207,5120.007871803527
25351,5135.430749774344
24495,5135.430749774344
23639,5135.430749774344
22783,2812.4111433808043
21927,0.0
21071,3254.1231299124397
20215,3238.323331958526
19359,3234.290097276696
18503,3240.5509306100294
17647,3324.29925888698
16791,2812.4111433808043
15935,0.0
15079,10838.568353982024
14223,5802.570673242147
13367,5846.360913025111
12511,5776.792588787302
11655,5522.178271904503
10799,2812.4111433808043
9943,0.0
9087,3378.9707346631453
8231,3369.503700347559
7375,3344.559997996886
6519,3320.3165293162992
5663,3302.032977344826
4807,2812.4111433808043
3951,0.0
3095,7050.677489268022
2239,5120.007871803527
1383,5135.430749774344
527,5135.430749774344
40760,8203.718864110471
39904,0.0
39048,10920.601682198805
38192,8193.258761234503
37336,8219.875014278805
36480,7934.798821015864
35624,7934.798821015864
34768,8095.925701677972
33912,0.0
33056,4708.895634755768
32200,4708.895634755768
31344,4708.895634755768
30488,4708.895634755768
29632,6609.967382263182
28776,0.0
27920,0.0
27064,10237.783243000466
26208,8148.8654653911535
25352,8144.165672729333
24496,8144.165672729333
23640,8144.165672729333
22784,9736.2370533592
21928,0.0
21072,5874.685686803012
20216,5874.685686803012
19360,5874.685686803012
18504,5874.685686803012
17648,6800.370480294429
16792,7575.913429402726
15936,0.0
15080,14115.53802124309
14224,8397.400465940955
13368,8428.151776325603
12512,8472.872645936752
11656,8276.087610943661
10800,7385.614924222869
9944,0.0
9088,5889.698513600398
8232,5889.698513600398
7376,5889.698513600398
6520,5874.685686803012
5664,6717.029647083453
4808,7305.911438084824
3952,0.0
3096,10504.695183120526
2240,8182.65423756669
1384,8177.95444490487
528,8177.95444490487
40761,3485.3130726103905
39905,0.0
39049,9618.073028091574
38193,7728.728501611536
37337,6891.735500260837
36481,6891.735500260837
35625,6891.735500260837
34769,3458.198590945102
33913,0.0
33057,5394.281521677713
32201,5388.194855011047
31345,5311.171994295375
30489,5329.364196676327
29633,5300.563826305956
28777,3458.198590945102
27921,0.0
27065,9548.814719030946
26209,7728.728501611536
25353,6891.735500260837
24497,6891.735500260837
23641,6891.735500260837
22785,3431.445952056213
21929,0.0
21073,5426.682638893832
20217,5426.682638893832
19361,5321.482483713364
18505,5306.358085565215
17649,5306.648599276043
16793,3449.956252463245
15937,0.0
15081,9990.83190668258
14225,7756.976910010651
13369,7429.233230157918
12513,7145.051684157867
11657,6891.735500260837
10801,3469.285508507826
9945,0.0
9089,5403.07540765285
8233,5403.07540765285
7377,5297.875252472382
6521,5269.909831596962
5665,5241.1094612265915
4809,3458.198590945102
3953,0.0
3097,9534.957099983327
2241,7728.728501611536
1385,6891.735500260837
529,6891.735500260837
40762,9794.596477791198
39906,0.0
39050,10522.296518058587
38194,7803.548183782244
37338,7803.548183782244
36482,7803.548183782244
35626,7803.548183782244
34770,8178.3230526691705
33914,0.0
33058,7357.623326868689
32202,7333.815377767645
31346,7333.815377767645
30490,7333.815377767645
29634,7480.8484411280215
28778,8197.141351529785
27922,0.0
27066,10173.530942617212
26210,7803.548183782244
25354,7803.548183782244
24498,7803.548183782244
23642,7803.548183782244
22786,8214.183851529784
21930,0.0
21074,7372.701464863226
20218,7343.4166849571875
19362,7343.4166849571875
18506,7343.4166849571875
17650,7694.204473408058
16794,8485.25137134875
15938,0.0
15082,11264.084205077366
14226,9755.955359466321
13370,9940.999401991587
12514,7803.548183782244
11658,7803.548183782244
10802,8523.55217560904
9946,0.0
9090,7376.848953727203
8234,7347.564173821165
7378,7328.338546962651
6522,7328.338546962651
5666,7480.8484411280215
4810,8197.141351529785
3954,0.0
3098,10346.493180926316
2242,7803.548183782244
1386,7803.548183782244
530,7803.548183782244
40763,5885.43065169746
39907,0.0
39051,9444.525151126418
38195,7838.248987314063
37339,7347.165805544225
36483,7347.165805544225
35627,7347.165805544225
34771,5885.43065169746
33915,0.0
33059,5434.858186791451
32203,5434.858186791451
31347,5434.858186791451
30491,5457.157076634152
29635,5926.668723814175
28779,5885.43065169746
27923,0.0
27067,9444.525151126418
26211,7838.248987314063
25355,7347.165805544225
24499,7347.165805544225
23643,7347.165805544225
22787,5885.43065169746
21931,0.0
21075,5434.858186791451
20219,5434.858186791451
19363,5434.858186791451
18507,5457.157076634152
17651,5926.668723814175
16795,5885.43065169746
15939,0.0
15083,9442.486636792477
14227,7979.742309538513
13371,8459.01818698891
12515,7550.857643800325
11659,7347.165805544225
10803,5885.43065169746
9947,0.0
9091,5434.858186791451
8235,5434.858186791451
7379,5434.858186791451
6523,5457.157076634152
5667,5926.668723814175
4811,5885.43065169746
3955,0.0
3099,9444.525151126418
2243,7838.248987314063
1387,7347.165805544225
531,7347.165805544225
40764,4880.747456687599
39908,0.0
39052,7998.73193459811
38196,7142.116652205308
37340,6518.011543882679
36484,6497.547721446313
35628,6497.547721446313
34772,4837.9274854400655
33916,0.0
33060,4950.803761356073
32204,4926.103461180529
31348,4907.633268872837
30492,4907.633268872837
29636,4925.826468728536
28780,4828.594064786874
27924,0.0
27068,7708.71719023379
26212,7135.30809626345
25356,6421.993372400334
24500,6419.163727461083
23644,6419.163727461083
22788,4828.594064786874
21932,0.0
21076,4940.2083399576195
20220,4932.418486433055
19364,4913.948294125362
18508,4913.948294125362
17652,4974.607633152739
16796,4867.534444835262
15940,0.0
15084,8075.089674286427
14228,7164.150796533202
13372,6527.406579823551
12516,6530.124495466977
11660,6515.181898943428
10804,4853.455207195434
9948,0.0
9092,4976.38522122495
8236,4960.362090389461
7380,4932.558477428577
6524,4924.543715523815
5668,4919.511443476012
4812,4835.888509231318
3956,0.0
3100,7764.345894602034
2244,7153.787365346858
1388,6458.5708696120155
532,6455.7412246727645
40765,7895.731280561536
39909,0.0
39053,10324.226187452734
38197,8312.309642944227
37341,8312.309642944227
36485,8312.309642944227
35629,8312.309642944227
34773,6933.161962975273
33917,0.0
33061,6660.060428604303
32205,6635.834489337759
31349,6635.834489337759
30493,6635.834489337759
29637,6919.757371100442
28781,6904.352403779431
27925,0.0
27069,9973.67512730144
26213,8312.309642944227
25357,8312.309642944227
24501,8312.309642944227
23645,8312.309642944227
22789,6904.352403779431
21933,0.0
21077,6635.834489337759
20221,6635.834489337759
19365,6635.834489337759
18509,6635.834489337759
17653,7188.490366530127
16797,7734.061434236142
15941,0.0
15085,11795.967394069003
14229,9203.422246570011
13373,9297.18853799007
12517,8312.309642944227
11661,8312.309642944227
10805,6955.1276703908925
9949,0.0
9093,6664.6440485336
8237,6664.6440485336
7381,6660.060428604303
6525,6660.060428604303
5669,6919.757371100442
4813,6904.352403779431
3957,0.0
3101,10163.433570175435
2245,8312.309642944227
1389,8312.309642944227
533,8312.309642944227
40766,4548.240957406472
39910,0.0
39054,10983.034362912087
38198,8853.665047865654
37342,8173.084440177221
36486,8059.929860855616
35630,7808.798669682956
34774,4289.9673503023305
33918,0.0
33062,5203.400422921584
32206,5196.416250602988
31350,5179.886244883648
30494,5206.114657332484
29638,5214.453410055796
28782,4254.620964010146
27926,0.0
27070,10700.641856023605
26214,8644.451973916439
25358,7871.800628637375
24502,7829.528795844357
23646,7776.705635448107
22790,4200.479223127362
21934,0.0
21078,5182.326034858967
20222,5184.633518754528
19366,5217.778085807844
18510,5249.60077795846
17654,5424.6845560481825
16798,4402.489385128737
15942,0.0
15086,10927.711223980798
14230,8874.291192646797
13374,8290.393955846735
12518,8272.17052992081
11662,7998.391305115118
10806,4388.413020975557
9950,0.0
9094,5343.972008336397
8238,5312.291776189762
7382,5185.955822065476
6526,5178.693989805318
5670,5171.637235304372
4814,4245.383464010146
3958,0.0
3102,10682.048395120775
2246,8668.809119779833
1390,7858.5701025431
534,7808.1245921782165
40767,4767.9366492215495
39911,0.0
39055,11784.731395116461
38199,8339.955273377936
37343,8044.382184059049
36487,7578.45777391647
35631,7638.478210424407
34775,4648.38616191317
33919,0.0
33063,4581.16369289399
32207,4557.509887517676
31351,4500.979155595278
30495,4604.19294340265
29639,4766.0437691988245
28783,4538.406183297941
27927,0.0
27071,11451.860430936556
26215,8123.801082008173
25359,7705.128081847209
24503,7453.72214560959
23647,7517.404939117386
22791,4539.364663491583
21935,0.0
21079,4569.660756386054
20223,4569.660756386054
19367,4507.996768290816
18511,4647.928108365591
17655,5281.041589061867
16799,4854.469270217016
15943,0.0
15087,12023.826444857235
14231,8527.06012455369
13375,8347.790784953997
12519,8056.77549276998
11663,7918.219580711928
10807,4769.670058146269
9951,0.0
9095,4546.578005506393
8239,4546.578005506393
7383,4521.600411544433
6527,4604.308746683559
5671,4798.2772161255725
4815,4580.856231979847
3959,0.0
3103,11319.089428260551
2247,8118.22516562472
1391,7730.101410867724
535,7480.726194627702
40768,6440.681301844585
39912,0.0
39056,9032.4936870169
38200,8637.21840616417
37344,8286.879610022652
36488,7844.770915582715
35632,7964.478607905327
34776,6413.294251297424
33920,0.0
33064,5610.967662053826
32208,5553.765876791458
31352,5534.509480256036
30496,5536.188637696007
29640,6494.16309334546
28784,0.0
27928,0.0
27072,8585.380031083878
26216,8609.430868346013
25360,8379.016608570642
24504,8407.624601549885
23648,8543.729912920116
22792,7664.670757879776
21936,0.0
21080,6213.222462221285
20224,6184.773548213047
19368,6203.710029530889
18512,6269.213741227802
17656,7459.864718927553
16800,7808.686439807999
15944,0.0
15088,11554.710070984846
14232,8233.935578190716
13376,8327.662732563547
12520,8096.471507566871
11664,8115.545006072918
10808,7675.877964136474
9952,0.0
9096,6383.3804241086755
8240,6323.283684473883
7384,6288.583356415353
6528,6298.553705113321
5672,7419.716703178455
4816,7675.877964136474
3960,0.0
3104,8019.33886472894
2248,8585.882580699923
1392,8267.377105222738
536,8267.377105222738
40769,3269.1733047109014
39913,0.0
39057,9864.75864720976
38201,7141.085205161984
37345,6938.162058123637
36489,6778.4993515960705
35633,6778.4993515960705
34777,3226.740576132987
33921,0.0
33065,4118.505484809196
32209,4118.505484809196
31353,4123.206913770282
30497,4123.206913770282
29641,4159.180175829271
28785,3222.424835392246
27929,0.0
27073,9628.441361189205
26217,7103.945324814805
25361,6778.253322561145
24505,6742.101961391678
23649,6742.101961391678
22793,3226.740576132987
21937,0.0
21081,4118.505484809196
20225,4118.505484809196
19369,4123.206913770282
18513,4131.895326468695
17657,4266.525782448404
16801,3336.7901511591253
15945,0.0
15089,11643.908790346653
14233,7355.820483687722
13377,7111.0670184736
12521,6903.242158174409
11665,6790.676417135586
10809,3232.172773102684
9953,0.0
9097,4118.505484809196
8241,4118.505484809196
7385,4123.206913770282
6529,4123.206913770282
5673,4159.180175829271
4817,3222.424835392246
3961,0.0
3105,9932.400814039578
2249,7015.768668620994
1393,6701.117587585162
537,6664.966226415694
40770,7454.126524927952
39914,0.0
39058,11458.949794643135
38202,9942.101775363642
37346,9760.200793202064
36490,9519.078909982283
35634,9175.415292534915
34778,7060.134551808461
33922,0.0
33066,7619.588577371838
32210,7619.588577371838
31354,7552.807947767525
30498,7552.807947767525
29642,7441.60678302903
28786,7014.048525980002
27930,0.0
27074,10967.406393277859
26218,9376.54361597673
25362,9271.366269531289
24506,9159.102249836875
23650,9171.309392694016
22794,7014.048525980002
21938,0.0
21082,7552.807947767525
20226,7576.433024928018
19370,7576.433024928018
18514,7492.304392777558
17658,7502.918729216865
16802,7370.888267496963
15946,0.0
15090,11551.346964717757
14234,10432.434560536876
13378,10869.778677765627
12522,9707.208817936393
11666,9658.60492697455
10810,7307.361075926948
9954,0.0
9098,7528.974372933147
8242,7472.674826173758
7386,7472.674826173758
6530,7472.674826173758
5674,7348.129289140892
4818,7014.048525980002
3962,0.0
3106,11002.422590569386
2250,9280.923787934404
1394,9099.022805772822
538,9039.269163062536
40771,11144.777645824204
39915,0.0
39059,14933.547609194766
38203,10772.162055965753
37347,10693.608358890451
36491,10479.142876976173
35635,10443.006700505586
34779,10024.67018350479
33923,0.0
33067,9621.736920017622
32211,9565.98703137191
31355,9528.612073058617
30499,9532.28587356367
29643,9852.920698081007
28787,10028.990976739333
27931,0.0
27075,14025.08509279119
26219,10363.841448556457
25363,10265.332089576388
24507,10267.255184814483
23651,10356.12931734862
22795,9842.13035274483
21939,0.0
21083,9441.66087529346
20227,9395.78490938437
19371,9433.901491875955
18515,9455.95175702747
17659,11101.047742287068
16803,11100.449548253046
15947,0.0
15091,15052.251874668307
14235,10684.670945669253
13379,10840.555236706065
12523,10881.620393632471
11667,10609.463014446004
10811,10274.138349446728
9955,0.0
9099,9593.31581912777
8243,9581.29422821868
7387,9531.763042552493
6531,9507.518913764616
5675,9906.709214593278
4819,10077.055988978102
3963,0.0
3107,14713.788713830461
2251,10388.592528803369
1395,10290.083169823303
539,10292.006265061396
40772,7384.074817633257
39916,0.0
39060,9757.262275175923
38204,9406.834716826193
37348,8633.91342503782
36492,8520.382460185447
35636,8384.698305999276
34780,6976.213535120289
33924,0.0
33068,6783.925021062342
32212,6647.221269798913
31356,6559.227995135951
30500,6559.227995135951
29644,6733.385390826823
28788,6803.198019824291
27932,0.0
27076,9685.14598649117
26220,9302.070129401063
25364,8389.999617238887
24508,8316.15908651851
23652,8353.769932150903
22796,6829.941664004185
21940,0.0
21084,6658.930297031126
20228,6673.9608525866815
19372,6593.810958406788
18516,6593.810958406788
17660,6870.816294087619
16804,6956.830260763932
15948,0.0
15092,11140.605910116932
14236,9403.393196358358
13380,8652.719952815598
12524,8614.336736233472
11668,8614.336736233472
10812,6993.453283886075
9956,0.0
9100,6871.083220790528
8244,6847.215540206559
7388,6806.737301978765
6532,6746.329968152289
5676,6747.608535737469
4820,6803.198019824291
3964,0.0
3108,9712.522916385351
2252,9141.730423808167
1396,8273.861300469527
540,8189.637908334248
40773,2968.237846726686
39917,0.0
39061,7528.457382089725
38205,5718.075524471707
37349,5675.727043465917
36493,5412.981713944041
35637,5412.981713944041
34781,2933.634083427721
33925,0.0
33069,4389.770712196283
32213,4389.770712196283
31357,4389.770712196283
30501,4389.770712196283
29645,3916.8048236795116
28789,2906.6100921258135
27933,0.0
27077,7189.530890447429
26221,5426.326740956748
25365,5412.981713944041
24509,5412.981713944041
23653,5412.981713944041
22797,2906.6100921258135
21941,0.0
21085,4423.529561739767
20229,4423.529561739767
19373,4423.529561739767
18517,4423.529561739767
17661,3932.3124704726456
16805,2925.53556868035
15949,0.0
15093,10862.418817122181
14237,6096.406028613154
13381,6122.412230770537
12525,6111.941031097297
11669,5857.310306168666
10813,2967.0522500407374
9957,0.0
9101,4445.57099722453
8245,4445.57099722453
7389,4445.57099722453
6533,4445.57099722453
5677,3916.8048236795116
4821,2925.53556868035
3965,0.0
3109,7519.42958963906
2253,5579.8577648535265
1397,5566.512737840821
541,5566.512737840821
40774,4630.809467368716
39918,0.0
39062,9256.912572759176
38206,7490.3513638154645
37350,6802.244601956841
36494,6802.244601956841
35638,6802.244601956841
34782,4630.809467368716
33926,0.0
33070,4162.918059948241
32214,4162.918059948241
31358,4162.918059948241
30502,4162.918059948241
29646,4629.081520290559
28790,0.0
27934,0.0
27078,9375.949368509919
26222,7137.307319245491
25366,6755.96887460655
24510,6774.603723091398
23654,6774.603723091398
22798,4592.947174274976
21942,0.0
21086,4145.425098147592
20230,4145.425098147592
19374,4145.425098147592
18518,4145.425098147592
17662,4645.907593147514
16806,4627.2662089325795
15950,0.0
15094,11263.932540175521
14238,7117.774117148688
13382,6910.952942630864
12526,6880.947777515854
11670,6774.603723091398
10814,4592.947174274976
9958,0.0
9102,4145.425098147592
8246,4145.425098147592
7390,4145.425098147592
6534,4145.425098147592
5678,4611.58855848991
4822,4592.947174274976
3966,0.0
3110,9371.961525797076
2254,7137.307319245491
1398,6755.96887460655
542,6774.603723091398
40775,3388.1863974987423
39919,0.0
39063,8287.93449731438
38207,7543.217639593512
37351,7022.3878890108035
36495,7022.3878890108035
35639,7022.3878890108035
34783,3287.5052745833987
33927,0.0
33071,10721.254146514588
32215,10267.346970061415
31359,10128.07300509034
30503,10142.65089014064
29647,10008.123493085988
28791,0.0
27935,0.0
27079,9992.816208762122
26223,7935.737395535694
25367,7585.833135431265
24511,7585.833135431265
23655,7585.833135431265
22799,3204.329025425357
21943,0.0
21087,10546.273874027002
20231,10128.66531805132
19375,10128.66531805132
18519,10173.938273303076
17663,10162.946822904692
16807,3220.6120338351434
15951,0.0
15095,10975.784790735504
14239,8000.997623943985
13383,7874.876412160855
12527,7724.844185869511
11671,7585.833135431265
10815,3276.082722676615
9959,0.0
9103,10873.533163173364
8247,10461.461630815555
7391,10349.746201614975
6535,10360.606369787582
5679,10128.669819969904
4823,3204.329025425357
3967,0.0
3111,10049.45311285882
2255,7919.282383880683
1399,7569.378123776253
543,7569.378123776253
40776,2628.213954078472
39920,0.0
39064,5272.265582137695
38208,4625.531167517725
37352,4226.608056873327
36496,4224.078493381264
35640,4213.777502649169
34784,2562.4296458711638
33928,0.0
33072,2979.278272748845
32216,3018.180478321051
31360,3009.2045122407785
30504,3012.7402748534287
29648,3030.862312728542
28792,2469.216038425977
27936,0.0
27080,5106.636672162868
26224,4547.017704509198
25368,4189.042814389324
24512,4186.51325089726
23656,4208.455308907239
22800,2469.7236670936054
21944,0.0
21088,2997.1864477284857
20232,2996.899410691449
19376,3005.1071484860618
18520,3006.6506167264174
17664,3037.9056575781374
16808,2496.3662201302373
15952,0.0
15096,5433.517708582912
14240,4605.7774149739735
13384,4342.402557117986
12528,4276.276681112003
11672,4231.564013582073
10816,2707.3125476751707
9960,0.0
9104,3066.8664378150543
8248,3064.5105455591615
7392,3067.7337989261655
6536,3075.412575714182
5680,3123.2318292462674
4824,2619.2031960083186
3968,0.0
3112,0.0
2256,0.0
1400,0.0
544,0.0
40777,5036.538285930782
39921,0.0
39065,13771.636498492495
38209,9536.532404572528
37353,9285.286101125193
36497,9285.286101125193
35641,9285.286101125193
34785,4962.019749639918
33929,0.0
33073,6522.665978499762
32217,6452.3265762929095
31361,6452.3265762929095
30505,6452.3265762929095
29649,6659.373028078958
28793,4962.019749639918
27937,0.0
27081,13148.30241442222
26225,9483.171875069733
25369,9262.886711625806
24513,9262.886711625806
23657,9285.286101125193
22801,4962.019749639918
21945,0.0
21089,6469.846376932535
20233,6452.3265762929095
19377,6452.3265762929095
18521,6633.874227046948
17665,7136.121821515372
16809,5091.323168843408
15953,0.0
15097,14034.451356696729
14241,9469.321502953779
13385,9148.09100101166
12529,9255.634859498003
11673,9285.286101125193
10817,4974.961981177792
9961,0.0
9105,6477.472113486121
8249,6449.729346727608
7393,6449.729346727608
6537,6449.729346727608
5681,6603.95619694643
4825,4962.019749639918
3969,0.0
3113,13147.558681780112
2257,9498.84660034446
1401,9262.886711625806
545,9262.886711625806
40778,5866.876623871701
39922,0.0
39066,7870.203173475927
38210,6361.576554105911
37354,6328.755894151385
36498,6279.611253924099
35642,6302.94162201713
34786,5866.876623871701
33930,0.0
33074,4552.993915070818
32218,4552.993915070818
31362,4561.160859515262
30506,4586.088438880341
29650,5299.789606583241
28794,0.0
27938,0.0
27082,7777.211744689836
26226,6245.949727219984
25370,6210.243417249445
24514,6210.243417249445
23658,6213.324225758542
22802,5691.720881674124
21946,0.0
21090,4660.481278965313
20234,4668.023232988302
19378,4679.75101076608
18522,4679.75101076608
17666,5503.5218246373715
16810,5739.8138666147715
15954,0.0
15098,10780.487861376683
14242,6574.704907208551
13386,6790.426262854859
12530,6703.651135684504
11674,6324.346062792935
10818,5742.471754979876
9962,0.0
9106,4346.560670267394
8250,4346.560670267394
7394,4346.560670267394
6538,4346.560670267394
5682,5292.816952781849
4826,5466.764379602423
3970,0.0
3114,7930.15288314656
2258,6171.362867256387
1402,6104.372721638389
546,6104.372721638389
40779,7632.546375753938
39923,0.0
39067,10666.586513683042
38211,7856.082677859816
37355,7856.082677859816
36499,7856.082677859816
35643,7856.082677859816
34787,6588.410040101196
33931,0.0
33075,6708.852695352839
32219,6690.0335435804045
31363,6690.0335435804045
30507,6690.0335435804045
29651,6668.1345960775225
28795,6566.110380828867
27939,0.0
27083,10208.429484251172
26227,7856.082677859816
25371,7856.082677859816
24515,7856.082677859816
23659,7856.082677859816
22803,6566.110380828867
21947,0.0
21091,6690.0335435804045
20235,6690.0335435804045
19379,6690.0335435804045
18523,6690.0335435804045
17667,6852.4507043651065
16811,6246.583882852098
15955,0.0
15099,11422.502143039723
14243,9731.19584776324
13387,10118.806709709752
12531,7856.082677859816
11675,7856.082677859816
10819,6702.412652800866
9963,0.0
9107,6741.285003129359
8251,6741.285003129359
7395,6708.852695352839
6539,6708.852695352839
5683,6668.1345960775225
4827,6566.110380828867
3971,0.0
3115,10481.468615363474
2259,7856.082677859816
1403,7856.082677859816
547,7856.082677859816
40780,4654.700696825921
39924,0.0
39068,8331.487691157865
38212,7059.359359698764
37356,6300.754772280576
36500,6300.754772280576
35644,6300.754772280576
34788,4654.700696825921
33932,0.0
33076,4016.2612301041067
32220,4007.8712048515818
31364,4007.8712048515818
30508,4007.8712048515818
29652,4582.724236840918
28796,0.0
27940,0.0
27084,9305.671207919399
26228,6810.214226905883
25372,6348.353154375805
24516,6348.353154375805
23660,6348.353154375805
22804,4624.071063056658
21948,0.0
21092,3975.462890162223
20236,3975.462890162223
19380,3975.462890162223
18524,3990.7764213070045
17668,4739.092200394593
16812,4740.6273515160165
15956,0.0
15100,11642.168918399102
14244,6801.62604968717
13388,6426.050647303817
12532,6420.895405529789
11676,6348.353154375805
10820,4646.545174504032
9964,0.0
9108,3975.462890162223
8252,3975.462890162223
7396,3975.462890162223
6540,3975.462890162223
5684,4652.745440049274
4828,4646.545174504032
3972,0.0
3116,9393.987978142639
2260,6810.214226905883
1404,6348.353154375805
548,6348.353154375805
40781,5548.676124531304
39925,0.0
39069,9642.492731779768
38213,7904.800228201477
37357,7357.437509326677
36501,7357.437509326677
35645,7357.437509326677
34789,5528.577269219948
33933,0.0
33077,5617.044653583051
32221,5602.099278466276
31365,5602.099278466276
30509,5602.099278466276
29653,5792.0761238028945
28797,5535.763665645435
27941,0.0
27085,10233.785095055722
26229,8102.221894451801
25373,7663.678797245882
24517,7663.678797245882
23661,7663.678797245882
22805,5460.475728858715
21949,0.0
21093,5551.766564920432
20237,5551.766564920432
19381,5551.766564920432
18525,5551.766564920432
17669,5760.473051804603
16813,5475.180803181371
15957,0.0
15101,11465.468444877139
14245,8157.8595359875035
13389,7942.001222455877
12533,7771.693458320461
11677,7663.678797245882
10821,5509.583368847606
9965,0.0
9109,5551.766564920432
8253,5551.766564920432
7397,5551.766564920432
6541,5551.766564920432
5685,5755.578845492815
4829,5471.515728858716
3973,0.0
3117,10354.81557343693
2261,8092.599307579213
1405,7663.678797245882
549,7663.678797245882
40782,3019.1601307779833
39926,0.0
39070,9728.157418788578
38214,7709.989025277757
37358,7210.449005045182
36502,7210.449005045182
35646,7210.449005045182
34790,3007.8396297736113
33934,0.0
33078,6244.791852879007
32222,6229.999036780073
31366,6229.999036780073
30510,6229.999036780073
29654,6234.301968898542
28798,0.0
27942,0.0
27086,9536.230832689042
26230,8074.2510150362095
25374,7681.342098283132
24518,7681.342098283132
23662,7681.342098283132
22806,5478.9388899348805
21950,0.0
21094,6233.510020811328
20238,6224.338213370403
19382,6224.338213370403
18526,6224.338213370403
17670,6241.555621232223
16814,5478.9388899348805
15958,0.0
15102,10474.130264142528
14246,8083.42418205081
13390,7904.000172981368
12534,7810.055008083715
11678,7681.342098283132
10822,5478.9388899348805
9966,0.0
9110,6250.161047700121
8254,6240.989240259196
7398,6235.620045438082
6542,6235.620045438082
5686,6234.301968898542
4830,5478.9388899348805
3974,0.0
3118,9480.112082689042
2262,8074.2510150362095
1406,7681.342098283132
550,7681.342098283132
40783,10434.094905430342
39927,0.0
39071,13746.552514268666
38215,11752.64940144736
37359,11653.301508362061
36503,10760.006251253848
35647,10491.397298212383
34791,9565.697234416322
33935,0.0
33079,8275.404056606876
32223,8249.269946886188
31367,7967.882687603282
30511,7926.277542304137
29655,7910.845531086188
28799,9436.081234243658
27943,0.0
27087,13339.910884457851
26231,11403.093808883172
25375,11366.350348138407
24519,10201.430969744872
23663,10118.650524319302
22807,9367.768780913855
21951,0.0
21095,7806.5392436565835
20239,7819.550647165355
19383,7843.353040327748
18527,7855.464605040814
17671,8208.95861877249
16815,9447.78918486176
15959,0.0
15103,13928.211828763388
14247,11901.049200822328
13391,12001.072521864031
12535,11805.248544265112
11679,11402.043837385254
10823,10077.930879706219
9967,0.0
9111,8450.239730736163
8255,8124.451692382662
7399,8085.219634089901
6543,8032.705599901867
5687,8017.247081302412
4831,9493.292846520268
3975,0.0
3119,13357.126407286714
2263,11576.733790642516
1407,11674.53479843847
551,10348.661360654272
40784,6433.310940799455
39928,0.0
39072,7528.913114187684
38216,6592.8354184683085
37360,6612.997645269191
36504,6558.291595685221
35648,6571.74027592655
34792,5888.901369729617
33936,0.0
33080,4977.728936588055
32224,4977.728936588055
31368,4977.728936588055
30512,4977.728936588055
29656,5852.555664922836
28800,5838.045037097108
27944,0.0
27088,7608.950454489211
26232,6545.80112485725
25376,6558.291595685221
24520,6542.95483097934
23664,6556.403511220666
22808,5891.382629684481
21952,0.0
21096,4977.728936588055
20240,4977.728936588055
19384,4977.728936588055
18528,4977.728936588055
17672,5977.243903199857
16816,5996.554848639706
15960,0.0
15104,12012.17023064898
14248,6767.240764894874
13392,6810.888293614849
12536,6987.410065877116
11680,6918.732863477221
10824,6171.192577842401
9968,0.0
9112,4977.728936588055
8256,4977.728936588055
7400,4977.728936588055
6544,4977.728936588055
5688,5860.9668560002765
4832,5851.4526296897
3976,0.0
3120,7432.838358111925
2264,6852.383188757662
1408,6864.873659585632
552,6864.873659585632
40785,5766.632617204263
39929,0.0
39073,8470.752690362337
38217,7086.178341820711
37361,6600.415311112462
36505,6600.415311112462
35649,6600.415311112462
34793,5546.115395122853
33937,0.0
33081,4685.072007264284
32225,4667.097035446472
31369,4667.097035446472
30513,4667.097035446472
29657,5348.547925712728
28801,0.0
27945,0.0
27089,8992.29614967351
26233,7098.264161474513
25377,6572.060657966963
24521,6572.060657966963
23665,6572.060657966963
22809,5559.97157004311
21953,0.0
21097,4750.16286938183
20241,4745.571140428515
19385,4745.571140428515
18529,4745.571140428515
17673,5665.381728357441
16817,5822.073090227784
15961,0.0
15105,11025.386456796214
14249,7088.797759603707
13393,6767.541769649136
12537,6650.483551211693
11681,6572.060657966963
10825,5662.7078873724195
9969,0.0
9113,4755.29560241767
8257,4742.4533636357
7401,4742.4533636357
6545,4742.4533636357
5689,5432.996204622495
4833,5633.357676974313
3977,0.0
3121,8980.01148156384
2265,7098.264161474513
1409,6572.060657966963
553,6572.060657966963
40786,6358.285924929457
39930,0.0
39074,10028.89213621114
38218,7270.772950865405
37362,6950.622889932143
36506,6660.34312678393
35650,6626.795221783439
34794,6188.760669128313
33938,0.0
33082,5589.759146639765
32226,5489.401078457946
31370,5520.828828265217
30514,5575.94193779823
29658,5870.156693207608
28802,6023.804389620783
27946,0.0
27090,9314.404512440024
26234,6925.294400120165
25378,6688.235160515652
24522,6564.432106767026
23666,6541.702197269546
22810,5991.66333227535
21954,0.0
21098,5761.932462113449
20242,5748.893155643663
19386,5796.125219135728
18530,5762.06551416642
17674,6228.304990998734
16818,6417.127075299001
15962,0.0
15106,10782.27760732323
14250,7323.971561976517
13394,7190.0240412266585
12538,7117.46538559051
11682,7096.304571045858
10826,6448.169197881694
9970,0.0
9114,6490.9936693892005
8258,6445.371731988255
7402,6373.123223225776
6546,6214.52455858472
5690,6442.569365639439
4834,6627.961853671814
3978,0.0
3122,10087.263300256513
2266,6949.067974720711
1410,6702.214830737095
554,6598.773771036087
40787,6176.513251747877
39931,0.0
39075,10450.610156027788
38219,8687.10913213758
37363,7989.399043974821
36507,7989.399043974821
35651,7989.399043974821
34795,6157.9751933286325
33939,0.0
33083,6496.248321669193
32227,6455.3333679142825
31371,6455.3333679142825
30515,6455.3333679142825
29659,6466.115070279093
28803,6157.9751933286325
27947,0.0
27091,10376.608095207313
26235,8687.10913213758
25379,7989.399043974821
24523,7989.399043974821
23667,7989.399043974821
22811,6157.9751933286325
21955,0.0
21099,6490.587498259524
20243,6449.672544504614
19387,6449.672544504614
18531,6449.672544504614
17675,6473.368722612774
16819,6157.9751933286325
15963,0.0
15107,10401.493563635499
14251,8894.835419339897
13395,9263.956992244694
12539,8345.086319728642
11683,7989.399043974821
10827,6157.9751933286325
9971,0.0
9115,6508.301823665953
8259,6469.802032058042
7403,6455.3333679142825
6547,6455.3333679142825
5691,6466.115070279093
4835,6157.9751933286325
3979,0.0
3123,10391.101132966201
2267,8687.10913213758
1411,7989.399043974821
555,7989.399043974821
40788,7117.569662445831
39932,0.0
39076,8574.223924352571
38220,5845.552969495291
37364,5861.1782383124955
36508,5872.882725491983
35652,5872.882725491983
34796,6206.487277498392
33940,0.0
33084,6174.851015032076
32228,6170.140794648344
31372,6170.140794648344
30516,6170.140794648344
29660,6170.140794648344
28804,0.0
27948,0.0
27092,8747.422865580455
26236,5962.075948411683
25380,5977.701217228887
24524,5989.405704408374
23668,5989.405704408374
22812,6337.005777682884
21956,0.0
21100,6309.953135145865
20244,6309.953135145865
19388,6309.953135145865
18532,6309.953135145865
17676,6514.752546982962
16820,6704.509717922895
15964,0.0
15108,11752.101608465362
14252,8840.627066689804
13396,8883.018922703619
12540,6019.4898974385005
11684,6019.4898974385005
10828,6346.299617995914
9972,0.0
9116,6319.246975458895
8260,6319.246975458895
7404,6314.6633555295975
6548,6314.6633555295975
5692,6309.953135145865
4836,6337.005777682884
3980,0.0
3124,9698.551791164433
2268,5967.014327617953
1412,5982.639596435158
556,5994.344083614645
40789,6493.575857925633
39933,0.0
39077,9861.89382520674
38221,7826.920238454524
37365,7806.683781928219
36509,7685.799161514833
35653,7673.696284530707
34797,5909.350063234547
33941,0.0
33085,6055.746665967731
32229,6012.021985606698
31373,6024.093776496967
30517,5933.470675027745
29661,5469.20393205112
28805,5909.350063234547
27949,0.0
27093,9629.452921496862
26237,7783.704892329495
25381,7748.403830424001
24525,7632.105070577065
23669,7632.105070577065
22813,5909.350063234547
21957,0.0
21101,6009.537939357275
20245,5949.856278939261
19389,5961.92806982953
18533,5917.513694970765
17677,6302.105770510428
16821,6181.682034168742
15965,0.0
15109,7245.341515517649
14253,7949.89539520967
13397,7891.85381883516
12541,7517.112887764906
11685,7529.424524572723
10829,5891.190923022908
9973,0.0
9117,6134.360861562326
8261,6074.950425144484
7405,6078.643655077599
6549,6034.229280218834
5693,5615.755427444778
4837,5891.190923022908
3981,0.0
3125,9612.797734987127
2269,7666.729564859094
1413,7621.1289217317535
557,7504.830161884816
40790,8554.08409152671
39934,0.0
39078,9520.05353788446
38222,8161.626644135774
37366,8200.757546811492
36510,8234.464477767864
35654,8278.018531563206
34798,7724.118008438531
33942,0.0
33086,6476.993797397841
32230,6362.343121123086
31374,6337.304344949071
30518,6337.304344949071
29662,7672.528167694765
28806,7708.4203893909125
27950,0.0
27094,9438.919966579635
26238,8207.598490918394
25382,8222.51387390313
24526,8234.464477767864
23670,8278.018531563206
22814,7699.521566909219
21958,0.0
21102,6296.188283759991
20246,6327.264246278052
19390,6358.245893951368
18534,6367.071825674682
17678,7189.732137024276
16822,6594.7902140195065
15966,0.0
15110,12736.971158092287
14254,8436.358939131047
13398,8583.31906577131
12542,8493.698167611406
11686,8262.020038445928
10830,6829.133294152748
9974,0.0
9118,6403.6038200715675
8262,6386.378254595377
7406,6371.155260768216
6550,6364.505260768216
5694,6796.602385149078
4838,6702.160705435701
3982,0.0
3126,10160.959667910492
2270,8232.294418520203
1414,8247.20980150494
558,8259.160405369674
40791,9846.481277901681
39935,0.0
39079,12967.531500050925
38223,11115.335405339529
37367,10620.869653020696
36511,10313.323516895545
35655,10134.27436315041
34799,9229.723519277617
33943,0.0
33087,9232.992061262914
32231,9152.305698316042
31375,9140.891022991367
30519,9127.311161880256
29663,9157.896210893428
28807,9200.202097451971
27951,0.0
27095,11908.591520653159
26239,10517.493021581739
25383,10136.47760959619
24527,9844.59841449053
23671,9800.628341739208
22815,9220.639408638957
21959,0.0
21103,9292.266376179015
20247,9276.326098401238
19391,9276.326098401238
18535,9277.846336496475
17679,9592.239604494609
16823,9872.672575779094
15967,0.0
15111,12242.84370356742
14255,11294.119098201112
13399,11217.906745585387
12543,10746.407425731715
11687,10487.923333788185
10831,9207.584977402823
9975,0.0
9119,9319.888622200811
8263,9287.972603682292
7407,9176.642392910286
6551,9162.2070480354
5695,9116.914852067068
4839,9048.924438976186
3983,0.0
3127,11789.793796617936
2271,10565.086133892439
1415,10211.186827298767
559,10113.86698879384
40792,8202.30657860615
39936,0.0
39080,9181.835149669882
38224,7544.890865270851
37368,7548.095239948558
36512,7503.24466141142
35656,7503.24466141142
34800,8033.430209891498
33944,0.0
33088,5526.581037102964
32232,5526.581037102964
31376,5526.581037102964
30520,5526.581037102964
29664,7618.298534870587
28808,8033.430209891498
27952,0.0
27096,9232.87549379681
26240,7507.712042706625
25384,7503.24466141142
24528,7503.24466141142
23672,7503.24466141142
22816,8033.430209891498
21960,0.0
21104,5526.581037102964
20248,5526.581037102964
19392,5526.581037102964
18536,5526.581037102964
17680,7736.917518277705
16824,8129.642183462903
15968,0.0
15112,9681.640580289806
14256,7732.4560458467195
13400,7855.931547043287
12544,7900.280551206452
11688,7554.77811679263
10832,8219.785222841874
9976,0.0
9120,5526.581037102964
8264,5526.581037102964
7408,5526.581037102964
6552,5526.581037102964
5696,7760.020076572063
4840,8149.481612704085
3984,0.0
3128,9168.601147920757
2272,7507.712042706625
1416,7503.24466141142
560,7503.24466141142
40793,8164.04843290451
39937,0.0
39081,10412.055926460342
38225,7886.029347501089
37369,7886.029347501089
36513,7886.029347501089
35657,7886.029347501089
34801,6300.058464367854
33945,0.0
33089,6296.577956867959
32233,6277.89180204217
31377,6277.89180204217
30521,6277.89180204217
29665,6277.89180204217
28809,6277.89180204217
27953,0.0
27097,10065.486494697338
26241,7886.029347501089
25385,7886.029347501089
24529,7886.029347501089
23673,7886.029347501089
22817,6277.89180204217
21961,0.0
21105,6277.89180204217
20249,6277.89180204217
19393,6277.89180204217
18537,6277.89180204217
17681,6486.122351889062
16825,7093.721943637898
15969,0.0
15113,11278.578581457343
14257,9588.951314039183
13401,9957.390865491394
12545,7886.029347501089
11689,7886.029347501089
10833,6443.522507552833
9977,0.0
9121,6329.010264644478
8265,6329.010264644478
7409,6296.577956867959
6553,6296.577956867959
5697,6277.89180204217
4841,6277.89180204217
3985,0.0
3129,10157.233762017751
2273,7886.029347501089
1417,7886.029347501089
561,7886.029347501089
40794,7756.182526960737
39938,0.0
39082,7995.88779728747
38226,7581.591832454029
37370,7581.591832454029
36514,7581.591832454029
35658,7581.591832454029
34802,6251.165600713297
33946,0.0
33090,6247.685093213402
32234,6228.998938387613
31378,6228.998938387613
30522,6228.998938387613
29666,6228.998938387613
28810,6228.998938387613
27954,0.0
27098,7796.438438604408
26242,7581.591832454029
25386,7581.591832454029
24530,7581.591832454029
23674,7581.591832454029
22818,6228.998938387613
21962,0.0
21106,6228.998938387613
20250,6228.998938387613
19394,6228.998938387613
18538,6228.998938387613
17682,6366.725112144302
16826,6420.10801039653
15970,0.0
15114,8488.505108980926
14258,8630.815430420578
13402,9373.596524649533
12546,7717.856926505298
11690,7717.856926505298
10834,6417.285723380389
9978,0.0
9122,6250.985640014313
8266,6250.985640014313
7410,6247.685093213402
6554,6247.685093213402
5698,6228.998938387613
4842,6228.998938387613
3986,0.0
3130,7901.342146321844
2274,7717.856926505298
1418,7717.856926505298
562,7717.856926505298
40795,4010.6382333720744
39939,0.0
39083,7375.669319891343
38227,6784.961567420456
37371,6329.814902389814
36515,6329.814902389814
35659,6329.814902389814
34803,4010.6382333720744
33947,0.0
33091,4823.556658654852
32235,4785.840400042802
31379,4785.840400042802
30523,4785.840400042802
29667,4842.066707730293
28811,4010.6382333720744
27955,0.0
27099,7351.211811344333
26243,6784.961567420456
25387,6329.814902389814
24531,6329.814902389814
23675,6329.814902389814
22819,4010.6382333720744
21963,0.0
21107,4823.556658654852
20251,4786.2090901289575
19395,4786.2090901289575
18539,4798.540876955086
17683,4873.5014266309045
16827,4010.6382333720744
15971,0.0
15115,7507.394930747812
14259,6827.323335197111
13403,7257.1085999906145
12547,6535.968086103582
11691,6329.814902389814
10835,4010.6382333720744
9979,0.0
9123,4844.64911576731
8267,4807.301547241414
7411,4786.2090901289575
6555,4786.2090901289575
5699,4842.066707730293
4843,4010.6382333720744
3987,0.0
3131,7351.211811344333
2275,6784.961567420456
1419,6329.814902389814
563,6329.814902389814
40796,5710.6740779951215
39940,0.0
39084,9821.577029876393
38228,7851.447985729442
37372,7477.240763793075
36516,7477.240763793075
35660,7477.240763793075
34804,5591.127501689291
33948,0.0
33092,4744.951231287642
32236,4744.951231287642
31380,4744.951231287642
30524,4744.951231287642
29668,5623.378222496214
28812,5576.085596927385
27956,0.0
27100,9821.577029876393
26244,7851.447985729442
25388,7477.240763793075
24532,7477.240763793075
23676,7477.240763793075
22820,5576.085596927385
21964,0.0
21108,4728.55808673377
20252,4728.55808673377
19396,4733.931746911612
18540,4733.931746911612
17684,5651.195942861942
16828,5631.312610222407
15972,0.0
15116,9925.541293320228
14260,7918.660389837033
13404,7843.537042712803
12548,7674.2118162036295
11692,7477.240763793075
10836,5611.226357000647
9980,0.0
9124,4728.55808673377
8268,4728.55808673377
7412,4728.55808673377
6556,4728.55808673377
5700,5623.378222496214
4844,5576.085596927385
3988,0.0
3132,9821.577029876393
2276,7851.447985729442
1420,7477.240763793075
564,7477.240763793075
40797,8648.049265117483
39941,0.0
39085,13691.951388579688
38229,11525.750325874538
37373,11190.9137781573
36517,11190.9137781573
35661,11190.9137781573
34805,6819.504907160925
33949,0.0
33093,6817.801806381294
32237,6799.115651555505
31381,6799.115651555505
30525,6799.115651555505
29669,6818.090723261892
28813,6797.338244835241
27957,0.0
27101,12887.59156128841
26245,11525.750325874538
25389,11190.9137781573
24533,11190.9137781573
23677,11190.9137781573
22821,6797.338244835241
21965,0.0
21109,6799.115651555505
20253,6799.115651555505
19397,6799.115651555505
18541,6799.115651555505
17685,6982.594811904953
16829,7181.1866264746495
15973,0.0
15117,13282.775674233044
14261,9783.699729486265
13405,10344.442539436339
12549,11190.9137781573
11693,11190.9137781573
10837,6964.4623157305205
9981,0.0
9125,6850.234114157814
8269,6850.234114157814
7413,6817.801806381294
6557,6817.801806381294
5701,6818.090723261892
4845,6797.338244835241
3989,0.0
3133,12933.47976686542
2277,11525.750325874538
1421,11190.9137781573
565,11190.9137781573
40798,6315.225755626942
39942,0.0
39086,13065.023085765008
38230,10393.583056211193
37374,10221.437117444704
36518,9909.121322245559
35662,9838.33551268043
34806,6117.964122371056
33950,0.0
33094,7278.4111955005465
32238,7251.825602066203
31382,7198.7923733241905
30526,7547.121610134852
29670,7498.181409177944
28814,6094.069455180692
27958,0.0
27102,12507.186277053239
26246,9962.669394129864
25390,9871.388488741783
24534,9753.114937207713
23678,9742.52769879919
22822,6031.990307823736
21966,0.0
21110,7046.031916242564
20254,7033.435434761083
19398,7033.435434761083
18542,7075.059623711872
17686,7437.841906670317
16830,5968.927989702043
15974,0.0
15118,11275.258556371158
14262,10337.658001688338
13406,10349.497709207873
12550,10195.28352167782
11694,10101.874273915471
10838,5840.137345514764
9982,0.0
9126,7153.907587371198
8270,7153.907587371198
7414,7144.165049244836
6558,7144.165049244836
5702,7243.393094836927
4846,5782.030219797537
3990,0.0
3134,12906.811770420869
2278,10037.19869683972
1422,9849.663756237465
566,9753.125319834975
40799,7512.6778451139535
39943,3438.3286315305063
39087,9579.397997730624
38231,8057.403929663067
37375,8057.403929663067
36519,8057.403929663067
35663,8057.403929663067
34807,6727.703347404195
33951,3391.6064610512026
33095,6644.566249285795
32239,6625.880094460005
31383,6625.880094460005
30527,6625.880094460005
29671,6703.571376759149
28815,6718.11438361311
27959,3309.8968547778454
27103,9037.812710465734
26247,8057.403929663067
25391,8057.403929663067
24535,8057.403929663067
23679,8057.403929663067
22823,6718.11438361311
21967,3041.3109072531493
21111,6625.880094460005
20255,6625.880094460005
19399,6625.880094460005
18543,6625.880094460005
17687,6872.797144803169
16831,6552.488590625013
15975,3029.4736730059153
15119,10468.825669211803
14263,9266.937162503693
13407,10073.800059992072
12551,8057.403929663067
11695,8057.403929663067
10839,6916.250167787356
9983,2886.0021845978094
9127,6664.420858527715
8271,6664.420858527715
7415,6644.566249285795
6559,6644.566249285795
5703,6703.571376759149
4847,6718.11438361311
3991,2806.0212796585215
3135,9017.88526057705
2279,8057.403929663067
1423,8057.403929663067
567,8057.403929663067
40800,14500.281481813752
39944,16444.50990042637
39088,14722.698372063323
38232,16137.758357069346
37376,15723.104661279027
36520,15141.454691422956
35664,15939.680383343506
34808,14097.753583432177
33952,16095.209211994432
33096,14393.834610166523
32240,14565.440477145403
31384,14648.506507612758
30528,14653.173270071793
29672,15277.686913257303
28816,14839.658918490635
27960,16269.506452439173
27104,14183.18323421857
26248,15033.74370877983
25392,14915.869005231743
24536,14817.043137337458
23680,16025.944857549855
22824,13848.638645060362
21968,16004.488705024549
21112,14003.825357189107
20256,13893.563084438707
19400,13935.93589587428
18544,14299.90240843579
17688,15301.918093745848
16832,15043.11072384723
15976,15958.512575875922
15120,14155.77689095097
14264,16328.630643070383
13408,16257.990829758695
12552,16226.78277420314
11696,16469.724109385985
10840,14149.090435284028
9984,16145.297593427811
9128,14308.4023867418
8272,14147.220735891287
7416,14072.619252761127
6560,14117.656912147308
5704,15139.577402074043
4848,14742.780785373752
3992,16133.11981944254
3136,14247.091981260231
2280,15051.181908125773
1424,15010.76150468662
568,15003.320848120964
40801,4070.378472378113
39945,0.0
39089,9310.951154900955
38233,8172.474156122045
37377,7256.175494111367
36521,7208.368001869289
35665,7190.087529105346
34809,3684.171390501215
33953,0.0
33097,4970.451666018882
32241,4817.699943885879
31385,4836.208711611719
30529,4834.562600500608
29673,4887.484359776768
28817,3705.3981911543974
27961,0.0
27105,8910.654628453194
26249,7955.988789256228
25393,7110.796633749592
24537,7110.796633749592
23681,7083.027992429227
22825,3655.807179823727
21969,0.0
21113,4954.6958859176
20257,4796.189782287189
19401,4818.278622593752
18545,4834.394180546015
17689,5388.523265136622
16833,3811.882685729417
15977,0.0
15121,10118.35437805418
14265,8144.524939126767
13409,7367.302581359445
12553,7258.703321863335
11697,7123.2437588952835
10841,3780.5870119854817
9985,0.0
9129,4971.335088488479
8273,4825.029270060793
7417,4841.929270060793
6561,4839.198370589894
5705,4892.1201298660535
4849,3709.993663090356
3993,0.0
3137,9040.630162138259
2281,7975.8562149767795
1425,7035.590555007258
569,7035.590555007258
40802,5065.395514642091
39946,0.0
39090,7212.105665437327
38234,5844.366805958237
37378,5819.097854677208
36522,5750.049133882237
35666,5737.635125945729
34810,4920.037864777446
33954,0.0
33098,4171.831665600251
32242,4147.752740919267
31386,4166.771580968108
30530,4174.9372504076
29674,4382.024408768905
28818,0.0
27962,0.0
27106,7337.190502588092
26250,5583.921731453045
25394,5559.083147952383
24538,5548.7997677215035
23682,5599.63850398524
22826,4762.7302980386285
21970,0.0
21114,4210.878981231243
20258,4224.167316686638
19402,4295.40895884078
18546,4290.863191645013
17690,4504.4933779106805
16834,4788.862164490501
15978,0.0
15122,9042.527974696064
14266,7351.492319469852
13410,7335.311385288984
12554,5849.987253551436
11698,5845.472404639257
10842,5065.395514642091
9986,0.0
9130,4271.490807569393
8274,4196.287356992192
7418,4182.569443378028
6562,4154.56440489799
5706,4357.381527467201
4850,4747.571120179451
3994,0.0
3138,7376.009356588257
2282,5600.707935256957
1426,5561.109924146867
570,5533.376754353698
40803,5527.32907322089
39947,0.0
39091,10422.932734474973
38235,7531.449172558454
37379,6530.479498787443
36523,6463.784680751933
35667,6426.93045489609
34811,4690.662070993179
33955,0.0
33099,5344.691470667132
32243,5306.481780469681
31387,5300.886782381319
30531,5299.568700601987
29675,5371.101772774622
28819,4627.260838525506
27963,0.0
27107,9056.448949646909
26251,7391.017934396721
25395,6414.773798056467
24539,6414.773798056467
23683,6396.422037077981
22827,4599.18852056569
21971,0.0
21115,5262.424930667103
20259,5272.9762464565765
19403,5266.62727400852
18547,5303.401336023146
17691,5962.658245047377
16835,5218.059047614024
15979,0.0
15123,11150.769867801728
14267,7549.803980250761
13411,6873.180855535538
12555,6728.174525016384
11699,6530.479498787443
10843,4819.480625868912
9987,0.0
9131,5404.119851299281
8275,5399.39971664481
7419,5345.54997502547
6563,5354.310012904259
5707,5387.633394879443
4851,4656.309294608897
3995,0.0
3139,9212.970358786466
2283,7425.957516025217
1427,6426.93045489609
571,6414.773798056467
40804,8261.286141614566
39948,0.0
39092,10778.696426678687
38236,8651.565609856696
37380,8651.565609856696
36524,8651.565609856696
35668,8651.565609856696
34812,6651.004364846502
33956,0.0
33100,6608.964145225395
32244,6590.277990399606
31388,6590.277990399606
30532,6590.277990399606
29676,6628.837702520817
28820,6628.837702520817
27964,0.0
27108,10405.07376173912
26252,8651.565609856696
25396,8651.565609856696
24540,8651.565609856696
23684,8651.565609856696
22828,6628.837702520817
21972,0.0
21116,6590.277990399606
20260,6590.277990399606
19404,6590.277990399606
18548,6590.277990399606
17692,6764.316790698082
16836,7104.1688004297985
15980,0.0
15124,11465.818060978334
14268,9887.987283768976
13412,10273.117365016094
12556,8651.565609856696
11700,8651.565609856696
10844,6794.468408031481
9988,0.0
9132,6641.396453001914
8276,6641.396453001914
7420,6608.964145225395
6564,6608.964145225395
5708,6628.837702520817
4852,6628.837702520817
3996,0.0
3140,10584.022391928247
2284,8651.565609856696
1428,8651.565609856696
572,8651.565609856696
40805,8486.530481542906
39949,0.0
39093,12024.499864110481
38237,8881.772997514405
37381,8881.772997514405
36525,8881.772997514405
35669,8881.772997514405
34813,8318.571200469003
33957,0.0
33101,7277.363618690728
32245,7254.394085508031
31389,7254.394085508031
30533,7254.394085508031
29677,7480.676198687931
28821,0.0
27965,0.0
27109,12557.999188118752
26253,8937.579189295227
25397,8937.579189295227
24541,8937.579189295227
23685,8937.579189295227
22829,8278.34000572128
21973,0.0
21117,7252.688009476264
20261,7239.201775843772
19405,7239.201775843772
18549,7239.201775843772
17693,7672.994535052979
16837,8228.62272876949
15981,0.0
15125,15629.393096978987
14269,9438.742315910633
13413,9270.095750875642
12557,8937.579189295227
11701,8937.579189295227
10845,8427.499507034883
9989,0.0
9133,7255.575387028771
8277,7242.0891533962795
7421,7239.083768204434
6565,7239.083768204434
5709,7457.35706571056
4853,8278.34000572128
3997,0.0
3141,12288.486515297962
2285,8937.579189295227
1429,8937.579189295227
573,8937.579189295227
40806,6090.23613368224
39950,0.0
39094,9748.126672500039
38238,7599.586563601176
37382,7195.522098890652
36526,7195.522098890652
35670,7195.522098890652
34814,6090.23613368224
33958,0.0
33102,4944.147818795572
32246,4944.147818795572
31390,4944.147818795572
30534,4944.147818795572
29678,5647.222006012418
28822,6090.23613368224
27966,0.0
27110,9748.126672500039
26254,7599.586563601176
25398,7195.522098890652
24542,7195.522098890652
23686,7195.522098890652
22830,6090.23613368224
21974,0.0
21118,4944.147818795572
20262,4944.147818795572
19406,4944.147818795572
18550,4944.147818795572
17694,5647.222006012418
16838,6090.23613368224
15982,0.0
15126,9909.796161899341
14270,7661.2165672760475
13414,8464.0333622959
12558,7693.388617713804
11702,7195.522098890652
10846,6090.23613368224
9990,0.0
9134,4944.147818795572
8278,4944.147818795572
7422,4944.147818795572
6566,4944.147818795572
5710,5647.222006012418
4854,6090.23613368224
3998,0.0
3142,9748.126672500039
2286,7599.586563601176
1430,7195.522098890652
574,7195.522098890652
40807,8519.583501153526
39951,0.0
39095,11013.71669096585
38239,8409.871018384167
37383,8409.871018384167
36527,8409.871018384167
35671,8409.871018384167
34815,6621.0957964309655
33959,0.0
33103,6525.380999777966
32247,6506.694844952177
31391,6506.694844952177
30535,6506.694844952177
29679,6584.386127251321
28823,6598.929134105283
27967,0.0
27111,10626.448853074033
26255,8409.871018384167
25399,8409.871018384167
24543,8409.871018384167
23687,8409.871018384167
22831,6598.929134105283
21975,0.0
21119,6506.694844952177
20263,6506.694844952177
19407,6506.694844952177
18551,6506.694844952177
17695,6718.119057963152
16839,7244.887964798557
15983,0.0
15127,11594.811015028798
14271,9642.51592043465
13415,10127.782439856468
12559,8409.871018384167
11703,8409.871018384167
10847,6816.649083719384
9991,0.0
9135,6557.8133075544865
8279,6557.8133075544865
7423,6525.380999777966
6567,6525.380999777966
5711,6584.386127251321
4855,6598.929134105283
3999,0.0
3143,10787.586666885434
2287,8409.871018384167
1431,8409.871018384167
575,8409.871018384167
40808,8636.56232843647
39952,0.0
39096,10732.76670509237
38240,8310.44509114272
37384,8310.44509114272
36528,8310.44509114272
35672,8310.44509114272
34816,6982.379415590476
33960,0.0
33104,6503.527104127411
32248,6537.003561521182
31392,6537.003561521182
30536,6537.003561521182
29680,6997.832358630391
28824,7012.375365484352
27968,0.0
27112,10346.942367451022
26256,8310.44509114272
25400,8310.44509114272
24544,8310.44509114272
23688,8310.44509114272
22832,7012.375365484352
21976,0.0
21120,6537.003561521182
20264,6537.003561521182
19408,6537.003561521182
18552,6537.003561521182
17696,7194.667259541914
16840,7770.556753405973
15984,0.0
15128,11468.32887986658
14272,9813.244536721613
13416,10123.170622631897
12560,8310.44509114272
11704,8310.44509114272
10848,7156.769988781397
9992,0.0
9136,6549.058644708163
8280,6549.058644708163
7424,6503.527104127411
6568,6503.527104127411
5712,6997.832358630391
4856,7012.375365484352
4000,0.0
3144,10492.616068427558
2288,8310.44509114272
1432,8310.44509114272
576,8310.44509114272
40809,4069.4943055355025
39953,0.0
39097,8668.889200985
38241,6742.634289985656
37385,6718.699675444097
36529,6663.2050389527185
35673,6663.2050389527185
34817,4069.4943055355025
33961,0.0
33105,4379.390904565925
32249,4371.000879313399
31393,4371.000879313399
30537,4371.000879313399
29681,4429.130513638313
28825,0.0
27969,0.0
27113,8108.039879585531
26257,6472.273442456176
25401,6472.486522629512
24545,6472.486522629512
23689,6472.486522629512
22833,3985.6823999773633
21977,0.0
21121,4294.859204176017
20265,4294.859204176017
19409,4291.253549414111
18553,4315.255493257306
17697,4589.241097217987
16841,4067.919653779118
15985,0.0
15129,11047.257270928678
14273,6497.620673358747
13417,6606.332850611711
12561,6447.974940863574
11705,6257.640976651686
10849,4012.253386424737
9993,0.0
9137,4302.429210860229
8281,4302.429210860229
7425,4298.823556098325
6569,4291.253549414111
5713,4466.224653391127
4857,4012.253386424737
4001,0.0
3145,8256.944693340312
2289,6505.923001848272
1433,6506.136082021609
577,6506.136082021609
40810,7198.897176914604
39954,0.0
39098,10406.1696162306
38242,7754.28915395649
37386,7762.802371493566
36530,7757.916636459107
35674,7757.916636459107
34818,6465.216323640827
33962,0.0
33106,6277.8992842676535
32250,6207.337563039665
31394,6207.337563039665
30538,6207.337563039665
29682,6418.789696669426
28826,6390.070982483544
27970,0.0
27114,10126.357822723228
26258,7757.916636459107
25402,7757.916636459107
24546,7757.916636459107
23690,7757.916636459107
22834,6390.070982483544
21978,0.0
21122,6207.337563039665
20266,6207.337563039665
19410,6207.337563039665
18554,6207.337563039665
17698,6722.258326834474
16842,6816.650804783547
15986,0.0
15130,13579.31106380798
14274,8828.87462580656
13418,9034.781832365325
12562,8157.875445176261
11706,8157.875445176261
10850,6487.182031056446
9994,0.0
9138,6282.482904196951
8282,6282.482904196951
7426,6277.8992842676535
6570,6277.8992842676535
5714,6418.789696669426
4858,6390.070982483544
4002,0.0
3146,10502.004026927347
2290,8157.875445176261
1434,8157.875445176261
578,8157.875445176261
40811,4716.731467693767
39955,0.0
39099,8018.2114199390435
38243,7201.293929308924
37387,6664.381394723079
36531,6664.381394723079
35675,6664.381394723079
34819,4677.856270588567
33963,0.0
33107,4295.445226210692
32251,4295.445226210692
31395,4295.445226210692
30539,4295.445226210692
29683,4784.165332405565
28827,4677.856270588567
27971,0.0
27115,8018.2114199390435
26259,7201.293929308924
25403,6664.381394723079
24547,6664.381394723079
23691,6664.381394723079
22835,4670.02132667831
21979,0.0
21123,4295.445226210692
20267,4295.445226210692
19411,4295.445226210692
18555,4308.148921951889
17699,4938.367598068412
16843,4783.140431894718
15987,0.0
15131,9037.039377916264
14275,7168.209460515276
13419,6805.470768961217
12563,6762.4060449825765
11707,6664.381394723079
10851,4716.731467693767
9995,0.0
9139,4295.445226210692
8283,4295.445226210692
7427,4295.445226210692
6571,4295.445226210692
5715,4784.165332405565
4859,4677.856270588567
4003,0.0
3147,8018.2114199390435
2291,7201.293929308924
1435,6664.381394723079
579,6664.381394723079
40812,2893.926167642893
39956,0.0
39100,7874.496816504076
38244,6077.620141165074
37388,5919.984291191458
36532,5664.62429833259
35676,5664.62429833259
34820,2615.3644549892842
33964,0.0
33108,4260.428224301328
32252,4231.251938207362
31396,4208.534972642721
30540,4198.101548141296
29684,4421.867466442586
28828,2615.3644549892842
27972,0.0
27116,7655.609984418892
26260,5761.021717447713
25404,5650.745705121375
24548,5650.745705121375
23692,5650.745705121375
22836,2615.3644549892842
21980,0.0
21124,4204.084379558921
20268,4198.101548141296
19412,4198.101548141296
18556,4198.101548141296
17700,4592.993747582025
16844,2649.5010831759123
15988,0.0
15132,10169.479001040485
14276,6327.801639145819
13420,6356.923177874183
12564,6296.388122357407
11708,5982.416265711017
10852,2647.209826873538
9996,0.0
9140,4269.875845534065
8284,4263.89301411644
7428,4254.445392883704
6572,4254.445392883704
5716,4492.460400604418
4860,2615.3644549892842
4004,0.0
3148,7809.730942235354
2292,5787.394747537882
1436,5644.103486616736
580,5644.103486616736
40813,4948.228558796982
39957,0.0
39101,8468.35936391725
38245,7488.559663057558
37389,7084.198759666484
36533,7084.198759666484
35677,7084.198759666484
34821,4897.0458994882065
33965,0.0
33109,4255.22739912116
32253,4260.131054371139
31397,4272.837147167231
30541,4264.723813833897
29685,5011.471437662247
28829,0.0
27973,0.0
27117,10138.84089756445
26261,7899.893193103441
25405,7608.646923523519
24549,7608.646923523519
23693,7608.646923523519
22837,5140.573619241448
21981,0.0
21125,4361.974399114748
20269,4361.974399114748
19413,4367.34805929259
18557,4359.234725959256
17701,5255.336878021634
16845,5225.807886385375
15989,0.0
15133,11342.095713043538
14277,7892.123118552703
13421,7805.305743324516
12565,7710.681449133204
11709,7608.646923523519
10853,5162.451411804029
9997,0.0
9141,4319.000019938837
8285,4319.000019938837
7429,4315.664437928255
6573,4307.5511045949215
5717,5188.814386727334
4861,5142.352556492673
4005,0.0
3149,10267.214470839508
2293,7899.893193103441
1437,7608.646923523519
581,7608.646923523519
40814,3705.8723634788485
39958,0.0
39102,7047.450697237296
38246,6097.311325461729
37390,5867.55821627609
36534,5824.005536561542
35678,5792.943531649661
34822,3555.669485091487
33966,0.0
33110,3659.3160618988863
32254,3637.3221762623984
31398,3631.315284031822
30542,3625.7693105804947
29686,3631.6080676037723
28830,3528.9084723957076
27974,0.0
27118,7012.608812216508
26262,6093.789329775965
25406,5858.8988669854625
24550,5796.044603509565
23694,5785.637488844561
22838,3518.033075943489
21982,0.0
21126,3632.426507751766
20270,3621.5687012673566
19414,3615.5618090367802
18558,3609.611224241459
17702,3623.7905376289605
16846,3614.8980652557466
15990,0.0
15134,7030.416720416438
14278,6167.626417936761
13422,6747.420259168346
12566,6139.042141342957
11710,5854.462282593288
10854,3590.8173402095767
9998,0.0
9142,3687.5771126781733
8286,3638.8365750143016
7430,3620.641398888971
6574,3620.641398888971
5718,3637.1540410550997
4862,3534.454445847035
4006,0.0
3150,7086.875880048753
2294,6093.789329775965
1438,5858.8988669854625
582,5796.044603509565
40815,2975.46777435617
39959,0.0
39103,9124.920904791747
38247,6691.646929948091
37391,6722.99473450435
36535,6684.527287328547
35679,6684.527287328547
34823,2914.862951397147
33967,0.0
33111,4039.7858139521836
32255,4039.7858139521836
31399,4039.7858139521836
30543,4039.7858139521836
29687,4054.0593141070444
28831,2908.8516411184905
27975,0.0
27119,8768.651896255255
26263,6680.444712136202
25407,6670.749472348388
24551,6670.749472348388
23695,6670.749472348388
22839,2908.8516411184905
21983,0.0
21127,4039.7858139521836
20271,4039.7858139521836
19415,4039.7858139521836
18559,4064.9208518256505
17703,4167.309954405963
16847,2911.6974278284138
15991,0.0
15135,10634.0696484549
14279,6839.320572257545
13423,6908.262180135974
12567,6802.295285479432
11711,6707.537419689536
10855,2895.2523092622605
9999,0.0
9143,4039.7858139521836
8287,4039.7858139521836
7431,4039.7858139521836
6575,4039.7858139521836
5719,4054.0593141070444
4863,2883.7328236236763
4007,0.0
3151,9078.532470045233
2295,6680.444712136202
1439,6684.527287328547
583,6684.527287328547
40816,7048.872238774315
39960,0.0
39104,11364.308925474992
38248,9439.343440235903
37392,9426.475209036662
36536,9395.074858195461
35680,9459.138616241535
34824,7029.513568933045
33968,0.0
33112,6423.165759315967
32256,6409.380525397838
31400,6390.04509866676
30544,6390.04509866676
29688,7019.731037183318
28832,7029.513568933045
27976,0.0
27120,11267.48509588911
26264,9395.074858195461
25408,9395.074858195461
24552,9395.074858195461
23696,9459.138616241535
22840,7029.513568933045
21984,0.0
21128,6403.830332584887
20272,6390.04509866676
19416,6390.04509866676
18560,6409.631512357238
17704,7169.250166060275
16848,7160.837602201748
15992,0.0
15136,12168.426477633913
14280,9309.052008607625
13424,9545.098397670687
12568,9439.343440235903
11712,9503.407198281977
10856,7029.513568933045
10000,0.0
9144,6403.830332584887
8288,6390.04509866676
7432,6390.04509866676
6576,6390.04509866676
5720,7019.731037183318
4864,7029.513568933045
4008,0.0
3152,11240.607885976571
2296,9372.92540452783
1440,9372.92540452783
584,9372.92540452783
40817,20425.601864596243
39961,0.0
39105,19700.58967733734
38249,18190.558579005767
37393,18178.6667025286
36537,17917.1650202766
35681,17994.853797836065
34825,18374.369415934016
33969,0.0
33113,15190.084475763886
32257,15042.406392874553
31401,14872.316154455568
30545,14927.26186670628
29689,15508.59747141518
28833,18217.29075059744
27977,0.0
27121,19259.11713130358
26265,17913.457800547927
25409,17812.806069619324
24553,17785.378136618645
23697,17761.604366408683
22841,17592.786345872268
21985,0.0
21129,14871.860393850435
20273,14813.740691469484
19417,14783.008688403106
18561,14805.58493160435
17705,16760.41721644548
16849,19354.255352697408
15993,0.0
15137,19840.71789266558
14281,18590.733431191347
13425,18630.492131102543
12569,18429.957844509503
11713,18298.33763015996
10857,18872.87002517363
10001,0.0
9145,15101.622263156234
8289,14829.232586629056
7433,14784.932770709682
6577,14808.268484995397
5721,15463.47723589362
4865,18277.317706766273
4009,0.0
3153,18533.90646536413
2297,17797.889967855914
1441,17671.09687551095
585,17602.10640928326
40818,6906.529147930524
39962,0.0
39106,10095.3397345599
38250,7966.235025931052
37394,7966.235025931052
36538,7966.235025931052
35682,7966.235025931052
34826,5238.944127113109
33970,0.0
33114,5218.642252018614
32258,5155.647255620535
31402,5155.647255620535
30546,5155.647255620535
29690,5155.647255620535
28834,5155.647255620535
27978,0.0
27122,9712.493217678037
26266,7966.235025931052
25410,7966.235025931052
24554,7966.235025931052
23698,7966.235025931052
22842,5155.647255620535
21986,0.0
21130,5155.647255620535
20274,5155.647255620535
19418,5155.647255620535
18562,5155.647255620535
17706,5414.805719804846
16850,5290.125864198674
15994,0.0
15138,10296.707268986038
14282,9430.592974867019
13426,9883.52782426788
12570,7966.235025931052
11714,7966.235025931052
10858,5330.981032397161
10002,0.0
9146,5246.990458733018
8290,5246.990458733018
7434,5218.642252018614
6578,5218.642252018614
5722,5155.647255620535
4866,5155.647255620535
4010,0.0
3154,9929.19284125798
2298,7966.235025931052
1442,7966.235025931052
586,7966.235025931052
40819,6378.670570789236
39963,0.0
39107,7612.201530845193
38251,6299.554831890545
37395,6299.554831890545
36539,6299.554831890545
35683,6299.554831890545
34827,5090.547769609596
33971,0.0
33115,5070.245894515102
32259,4995.112825024468
31403,4995.112825024468
30547,4995.112825024468
29691,4995.112825024468
28835,4995.112825024468
27979,0.0
27123,7417.054253325056
26267,6299.554831890545
25411,6299.554831890545
24555,6299.554831890545
23699,6299.554831890545
22843,4995.112825024468
21987,0.0
21131,4995.112825024468
20275,4995.112825024468
19419,4995.112825024468
18563,4995.112825024468
17707,5290.382640827962
16851,4818.313050939078
15995,0.0
15139,8850.326657606467
14283,8821.008526397472
13427,9417.6238023205
12571,6299.554831890545
11715,6299.554831890545
10859,5258.240907509664
10003,0.0
9147,5098.594101229505
8291,5098.594101229505
7435,5070.245894515102
6579,5070.245894515102
5723,4995.112825024468
4867,4995.112825024468
4011,0.0
3155,7441.835015365889
2299,6299.554831890545
1443,6299.554831890545
587,6299.554831890545
40820,5652.78264927914
39964,0.0
39108,11679.714571512748
38252,9149.148405670363
37396,8401.037549094279
36540,8206.562367182776
35684,8182.263891864262
34828,5127.074233629956
33972,0.0
33116,6000.95037859246
32260,5946.984370307232
31404,5923.550653720635
30548,5899.900347103005
29692,6230.947320521199
28836,5048.546454720904
27980,0.0
27124,10698.725150726872
26268,8826.648101609528
25412,8162.28159234086
24556,8134.293743756981
23700,8109.360410423647
22844,5053.497357824863
21988,0.0
21132,5904.742355857362
20276,5904.742355857362
19420,5897.447911412917
18564,5901.495063915442
17708,6404.182064156791
16852,5582.38211919618
15996,0.0
15140,12008.19258474454
14284,9368.129892270621
13428,8901.35389749677
12572,8865.250094540184
11716,8738.91838818271
10860,5170.047124872654
10004,0.0
9148,6068.404115883889
8292,6050.474037758889
7436,5979.986571305805
6580,5966.414384346294
5724,6202.165515391116
4868,5053.441293414301
4012,0.0
3156,10662.055706499696
2300,8871.848213760075
1444,8310.26969310257
588,8296.54823340758
40821,5860.0516789579715
39965,0.0
39109,8796.780106998202
38253,7620.908401410134
37397,7578.2441197188455
36541,7496.345896544796
35685,7496.345896544796
34829,5666.274241492384
33973,0.0
33117,5215.299350490222
32261,5215.299350490222
31405,5215.299350490222
30549,5215.299350490222
29693,5589.1865585487085
28837,5641.181384349527
27981,0.0
27125,8939.907719490231
26269,7501.045689206617
25413,7496.345896544796
24557,7496.345896544796
23701,7496.345896544796
22845,5610.44260729325
21989,0.0
21133,5215.299350490222
20277,5215.299350490222
19421,5215.299350490222
18565,5215.299350490222
17709,5589.8415380286615
16853,5704.056358824297
15997,0.0
15141,14732.044648784522
14285,8101.159804273483
13429,8174.126590407729
12573,8129.4916541594785
11717,7836.316321503154
10861,5710.313400582576
10005,0.0
9149,5215.299350490222
8293,5215.299350490222
7437,5215.299350490222
6581,5215.299350490222
5725,5605.5770347391845
4869,5641.181384349527
4013,0.0
3157,9008.894310663
2301,7729.477843608863
1445,7724.778050947042
589,7724.778050947042
40822,7545.5200547601
39966,0.0
39110,9502.77995460067
38254,7534.670441178468
37398,7534.670441178468
36542,7534.670441178468
35686,7534.670441178468
34830,5493.824499490332
33974,0.0
33118,5394.0236332197
32262,5328.649686225728
31406,5328.649686225728
30550,5337.137374397771
29694,5408.148677401865
28838,5408.148677401865
27982,0.0
27126,9158.21207503684
26270,7534.670441178468
25414,7534.670441178468
24558,7534.670441178468
23702,7534.670441178468
22846,5408.148677401865
21990,0.0
21134,5328.649686225728
20278,5328.649686225728
19422,5328.649686225728
18566,5337.137374397771
17710,5729.808031892148
16854,5991.580813127709
15998,0.0
15142,10158.575883548749
14286,8600.140912853665
13430,9429.769564490143
12574,7534.670441178468
11718,7534.670441178468
10862,5659.9446221574235
10006,0.0
9150,5455.085171538203
8294,5422.371839934103
7438,5394.0236332197
6582,5402.511321391744
5726,5408.148677401865
4870,5408.148677401865
4014,0.0
3158,9102.10422628558
2302,7534.670441178468
1446,7534.670441178468
590,7534.670441178468
40823,2320.2470100140304
39967,0.0
39111,5691.203578319829
38255,5234.563016273795
37399,5231.309243125646
36543,5257.6821154847685
35687,5247.02015721156
34831,2217.2464564118222
33975,0.0
33119,3842.5596166580945
32263,3830.849978578905
31407,3830.849978578905
30551,3830.849978578905
29695,4166.105935785793
28839,2129.0819876861037
27983,0.0
27127,5395.483269462019
26271,5021.8684210174715
25415,5022.508292049218
24559,5087.02746380339
23703,5139.80165350258
22847,2141.4068319428025
21991,0.0
21135,3828.2262235087196
20279,3828.2262235087196
19423,3828.2262235087196
18567,3832.5949735087197
17711,4538.278724166093
16855,2144.3032674517376
15999,0.0
15143,13862.699347808266
14287,5521.205319246393
13431,5548.714843055916
12575,5376.080513336916
11719,5306.542203961106
10863,2280.065866999638
10007,0.0
9151,3833.5309854134816
8295,3833.5309854134816
7439,3833.5309854134816
6583,3833.5309854134816
5727,4166.105935785793
4871,2173.2266738795397
4015,0.0
3159,5633.438108141858
2303,4992.22886802417
1447,4993.303798579725
591,5038.842110545536
40824,6337.063882959401
39968,0.0
39112,11303.67282509117
38256,9004.546282013629
37400,8993.178528390443
36544,8993.178528390443
35688,8993.178528390443
34832,6143.299229168983
33976,0.0
33120,6264.141749860582
32264,6308.275642784542
31408,6308.275642784542
30552,6308.275642784542
29696,6356.218486420831
28840,6154.313749663861
27984,0.0
27128,10704.866396108915
26272,9004.546282013629
25416,8993.178528390443
24560,8993.178528390443
23704,8993.178528390443
22848,6154.313749663861
21992,0.0
21136,6308.275642784542
20280,6308.275642784542
19424,6308.275642784542
18568,6308.275642784542
17712,6632.485249334967
16856,6501.125135264973
16000,0.0
15144,11764.296127406455
14288,9741.401359940348
13432,10201.07321735329
12576,8993.178528390443
11720,8993.178528390443
10864,6143.299229168983
10008,0.0
9152,6266.143370413994
8296,6266.143370413994
7440,6264.141749860582
6584,6264.141749860582
5728,6356.218486420831
4872,6154.313749663861
4016,0.0
3160,10584.579314124763
2304,9004.546282013629
1448,8993.178528390443
592,8993.178528390443
40825,7176.5065061275145
39969,0.0
39113,10140.649024836484
38257,6373.973072145435
37401,6373.973072145435
36545,6373.973072145435
35689,6373.973072145435
34833,4691.381023504244
33977,0.0
33121,4759.441090453095
32265,4684.30802096246
31409,4684.30802096246
30553,4684.30802096246
29697,4684.30802096246
28841,0.0
27985,0.0
27129,10090.350676486489
26273,6373.973072145435
25417,6373.973072145435
24561,6373.973072145435
23705,6373.973072145435
22849,5164.584690978775
21993,0.0
21137,5164.584690978775
20281,5164.584690978775
19425,5164.584690978775
18569,5164.584690978775
17713,5410.843125147722
16857,6084.589911272184
16001,0.0
15145,11036.884488211275
14289,9069.744726782354
13433,9611.605647979133
12577,6373.973072145435
11721,6373.973072145435
10865,5476.265623193328
10009,0.0
9153,5268.065967183812
8297,5268.065967183812
7441,5239.71776046941
6585,5239.71776046941
5729,5164.584690978775
4873,5164.584690978775
4017,0.0
3161,10184.317648410848
2305,6373.973072145435
1449,6373.973072145435
593,6373.973072145435
40826,6596.274790461994
39970,0.0
39114,9996.560404808919
38258,6373.973072145435
37402,6373.973072145435
36546,6373.973072145435
35690,6373.973072145435
34834,5260.019635563904
33978,0.0
33122,5239.71776046941
32266,5164.584690978775
31410,5164.584690978775
30554,5164.584690978775
29698,5164.584690978775
28842,5164.584690978775
27986,0.0
27130,9923.755501119253
26274,6373.973072145435
25418,6373.973072145435
24562,6373.973072145435
23706,6373.973072145435
22850,5164.584690978775
21994,0.0
21138,5164.584690978775
20282,5164.584690978775
19426,5164.584690978775
18570,5164.584690978775
17714,5410.843125147722
16858,5199.019845605575
16002,0.0
15146,10260.498769082078
14290,8830.280966999115
13434,9416.033470676126
12578,6373.973072145435
11722,6373.973072145435
10866,5373.219254945452
10010,0.0
9154,5268.065967183812
8298,5268.065967183812
7442,5239.71776046941
6586,5239.71776046941
5730,5164.584690978775
4874,5164.584690978775
4018,0.0
3162,9909.526422209945
2306,6373.973072145435
1450,6373.973072145435
594,6373.973072145435
40827,11148.677245729525
39971,0.0
39115,19726.345339277843
38259,15208.231210154134
37403,13781.623683174268
36547,13781.623683174268
35691,13781.623683174268
34835,10779.646026050852
33979,0.0
33123,10986.371668895072
32267,10784.010017780383
31411,10764.596438177712
30555,10797.418902750178
29699,10859.575942108228
28843,10810.896366004463
27987,0.0
27131,18669.86940661488
26275,14595.652759040026
25419,13384.585678662183
24563,13384.585678662183
23707,13378.550969066222
22851,10545.654062810554
21995,0.0
21139,10678.621622077739
20283,10522.175382225043
19427,10574.767130645567
18571,10703.04529696367
17715,11232.917299583409
16859,12141.716668204335
16003,0.0
15147,15855.963773008962
14291,9655.896287242742
13435,10509.716024961834
12579,13804.6405114192
11723,13804.6405114192
10867,11130.43031577183
10011,0.0
9155,11071.888193325638
8299,10684.067863236602
7443,10713.22801318138
6587,10742.687134675827
5731,10821.138888019193
4875,10816.800680753691
4019,0.0
3163,18617.66808460769
2307,15103.263242607476
1451,13711.005264832398
595,13637.30526529258
40828,12239.21714456109
39972,12306.55762574657
39116,10325.824194128068
38260,10974.10424537095
37404,10941.896226434264
36548,10596.561795582122
35692,10889.793414065763
34836,11763.625321206571
33980,11765.101624902874
33124,11431.279671401584
32268,11430.186309578223
31412,11378.96055921747
30556,11426.453482497895
29700,12195.182148915897
28844,11862.281396705146
27988,11799.77591829467
27132,9577.235220814344
26276,10490.044905045996
25420,10482.802518108507
24564,10470.303275684264
23708,10891.208732266083
22852,11768.217339982142
21996,11758.259131893936
21140,11192.72365220614
20284,11245.48110234859
19428,11194.176662537311
18572,11369.24176835742
17716,12415.68314769295
16860,12458.111404993926
16004,12681.397183520954
15148,13668.712465777355
14292,10855.100511681218
13436,10911.29504221728
12580,11035.093438593765
11724,11261.714941126294
10868,12111.30734658129
10012,12060.223907520352
9156,11461.717510506924
8300,11430.315923205337
7444,11351.603524215436
6588,11353.812571834484
5732,12117.567870324121
4876,11793.589737160986
4020,11828.929220270471
3164,10795.381269114996
2308,10619.735345855186
1452,10612.492958917695
596,10586.011328326065
40829,4380.189187016686
39973,0.0
39117,9569.960984763014
38261,6849.264715397543
37405,6488.174487288275
36549,6342.329730309141
35693,6332.469313642475
34837,3466.239344388646
33981,0.0
33125,4296.553393439462
32269,4192.269749629569
31413,4232.120426267746
30557,4186.0548851422045
29701,4298.123345769936
28845,3446.8410687753703
27989,0.0
27133,8964.466957322078
26277,6554.510119648043
25421,6431.071615849406
24565,6303.216700140116
23709,6274.895492227658
22853,3446.8410687753703
21997,0.0
21141,4384.607043909363
20285,4384.607043909363
19429,4419.73897054754
18573,4423.08309142666
17717,4634.892401696579
16861,3713.3180976759318
16005,0.0
15149,9339.93465572738
14293,7110.727571060963
13437,7413.0784833337275
12581,6514.454419516496
11725,6379.388015896589
10869,3540.326328635104
10013,0.0
9157,4398.285176720385
8301,4286.718265234334
7445,4309.3089797512985
6589,4244.192491656061
5733,4267.764074710806
4877,3430.4135741866257
4021,0.0
3165,9038.434559313166
2309,6641.300153382563
1453,6512.26536306331
597,6358.49653693779
40830,6187.394469255859
39974,0.0
39118,9827.528534244037
38262,7938.3930950313525
37406,7361.06682114319
36550,7361.06682114319
35694,7361.06682114319
34838,5837.403105891439
33982,0.0
33126,6349.045590262181
32270,6349.045590262181
31414,6349.045590262181
30558,6349.045590262181
29702,6406.749356189699
28846,0.0
27990,0.0
27134,10780.54134860889
26278,8155.356473485683
25422,7683.966599861241
24566,7683.966599861241
23710,7683.966599861241
22854,5776.039192803367
21998,0.0
21142,6066.157300791932
20286,6066.157300791932
19430,6066.157300791932
18574,6066.157300791932
17718,6116.488910310837
16862,5792.471084573375
16006,0.0
15150,10967.084355557106
14294,8306.398253869353
13438,8877.197428893396
12582,8162.893148809231
11726,7683.966599861241
10870,5937.142367844795
10014,0.0
9158,6073.844728163052
8302,6073.844728163052
7446,6073.844728163052
6590,6073.844728163052
5734,6083.457109842993
4878,5788.974017170177
4022,0.0
3166,10828.969434051927
2310,8155.356473485683
1454,7683.966599861241
598,7683.966599861241
40831,4094.725120276396
39975,0.0
39119,5597.9360064382345
38263,4199.575666482183
37407,4189.743480689833
36551,4185.714909261261
35695,4226.313724620738
34839,3905.191899901042
33983,0.0
33127,3355.379275438192
32271,3348.894969475338
31415,3348.894969475338
30559,3348.894969475338
29703,3471.1541303191666
28847,3890.3902442863105
27991,0.0
27135,4942.969789121419
26279,4153.578775041893
25423,4153.578775041893
24567,4149.550203613322
23711,4201.538503099783
22855,3905.191899901042
21999,0.0
21143,3355.379275438192
20287,3348.894969475338
19431,3348.894969475338
18575,3357.840486979143
17719,3610.00268326969
16863,4068.1129172918727
16007,0.0
15151,6251.300633725409
14295,8206.368195355859
13439,8516.675411808334
12583,4204.947223061803
11727,4236.145910413088
10871,3963.5306459815633
10015,0.0
9159,3385.8000294064464
8303,3358.0691758245443
7447,3358.0691758245443
6591,3348.894969475338
5735,3471.1541303191666
4879,3890.3902442863105
4023,0.0
3167,5198.260745719886
2311,4164.502181904639
1455,4164.502181904639
599,4149.550203613322
40832,4465.970049802143
39976,0.0
39120,7068.933177259141
38264,6654.737776145874
37408,6366.655600213949
36552,6353.344991888214
35696,6353.344991888214
34840,4180.585267404681
33984,0.0
33128,5404.390705647145
32272,5076.3390753053
31416,5087.907380818056
30560,5043.336741309812
29704,5145.938723055419
28848,4186.399512222297
27992,0.0
27136,6981.323455639657
26280,6605.9218556208625
25424,6295.867962669999
24568,6291.17230208404
23712,6291.17230208404
22856,4125.253423134755
22000,0.0
21144,5304.875954174204
20288,5022.604073870288
19432,5036.795347708144
18576,4992.2247081999
17720,5128.686105456945
16864,4189.817893133662
16008,0.0
15152,7347.166868335648
14296,6841.194814969771
13440,6574.951517713923
12584,6563.683772078782
11728,6374.142082485133
10872,4399.39769273959
10016,0.0
9160,5296.455706294647
8304,5070.4085954175935
7448,5073.0117246077525
6592,5026.850860740535
5736,5190.4341301639215
4880,4191.151238837339
4024,0.0
3168,7055.517914954386
2312,6650.004245037055
1456,6363.855728178769
600,6359.16006759281
40833,4888.126637249129
39977,0.0
39121,8435.455483301599
38265,6123.1460683078885
37409,6075.543071829097
36553,6075.543071829097
35697,6075.543071829097
34841,4747.757402958848
33985,0.0
33129,5398.805741818938
32273,5321.675936063229
31417,5318.423324263085
30561,5318.423324263085
29705,5338.5453859197005
28849,4713.391332726987
27993,0.0
27137,8013.3570743656155
26281,6123.1460683078885
25425,6075.543071829097
24569,6075.543071829097
23713,6075.543071829097
22857,4700.0498376040605
22001,0.0
21145,5499.181673923692
20289,5431.793654898054
19433,5431.793654898054
18577,5551.193598758792
17721,5616.735122578397
16865,5003.951394149081
16009,0.0
15153,9619.841703028296
14297,9678.371025810337
13441,10900.786388285718
12585,6075.543071829097
11729,6075.543071829097
10873,4908.096730050282
10017,0.0
9161,5545.7251237579785
8305,5505.713359068513
7449,5412.319845527748
6593,5412.319845527748
5737,5422.700120454292
4881,4845.025770580755
4025,0.0
3169,8036.713131066304
2313,6123.1460683078885
1457,6075.543071829097
601,6075.543071829097
40834,6155.261462180466
39978,0.0
39122,10357.469163303718
38266,6992.842317061455
37410,6992.842317061455
36554,6992.842317061455
35698,6992.842317061455
34842,5334.742837269279
33986,0.0
33130,5431.827827382432
32274,5401.95492516957
31418,5401.95492516957
30562,5401.95492516957
29706,5422.7344810906225
28850,0.0
27994,0.0
27138,10116.042663272325
26282,7146.794380098912
25426,7146.794380098912
24570,7146.794380098912
23714,7146.794380098912
22858,6018.2419119913675
22002,0.0
21146,5973.173050849015
20290,5973.173050849015
19434,5973.173050849015
18578,5973.173050849015
17722,6167.204991912043
16866,6257.370407155032
16010,0.0
15154,14031.502913684499
14298,8952.396184086014
13442,9023.574714309136
12586,7146.794380098912
11730,7146.794380098912
10874,6059.385103155556
10018,0.0
9162,6019.234456331338
8306,6019.234456331338
7450,6017.232835777927
6594,6017.232835777927
5738,6008.139489486118
4882,6018.2419119913675
4026,0.0
3170,10400.015986940874
2314,7146.794380098912
1458,7146.794380098912
602,7146.794380098912
40835,3961.966946551092
39979,0.0
39123,7557.542504574948
38267,6324.940291215486
37411,6003.867047773157
36555,6003.867047773157
35699,6003.867047773157
34843,3961.966946551092
33987,0.0
33131,3800.852413295464
32275,3797.7405673074945
31419,3797.7405673074945
30563,3797.7405673074945
29707,4009.496030970521
28851,3961.966946551092
27995,0.0
27139,7557.542504574948
26283,6324.940291215486
25427,6003.867047773157
24571,6003.867047773157
23715,6003.867047773157
22859,3961.966946551092
22003,0.0
21147,3797.7405673074945
20291,3797.7405673074945
19435,3797.7405673074945
18579,3797.7405673074945
17723,4076.245862015957
16867,4054.788706931437
16011,0.0
15155,8393.84520131084
14299,6349.535992281188
13443,6394.2424248080515
12587,6215.239735314421
11731,6003.867047773157
10875,3961.966946551092
10019,0.0
9163,3800.852413295464
8307,3800.852413295464
7451,3800.852413295464
6595,3800.852413295464
5739,4009.496030970521
4883,3961.966946551092
4027,0.0
3171,7557.542504574948
2315,6324.940291215486
1459,6003.867047773157
603,6003.867047773157
40836,6005.589401693165
39980,0.0
39124,7528.197730856564
38268,6559.509673014452
37412,6562.7140476921595
36556,6556.533784356933
35700,6569.98246459826
34844,5259.814079115726
33988,0.0
33132,5113.672291508307
32276,5113.672291508307
31420,5113.672291508307
30564,5113.672291508307
29708,5244.132616093572
28852,5183.418039696819
27996,0.0
27140,7784.562510159128
26284,6561.0011656521365
25428,6536.454225952375
24572,6521.117461246492
23716,6534.5661414878205
22860,5190.682531400054
22004,0.0
21148,5113.672291508307
20292,5113.672291508307
19436,5113.672291508307
18580,5113.672291508307
17724,5489.049902523157
16868,5477.492864058451
16012,0.0
15156,11734.10460105798
14300,6902.075200669702
13444,7047.09067488652
12588,7123.828448510484
11732,6888.72431131676
10876,5589.451867509125
10020,0.0
9164,5113.672291508307
8308,5113.672291508307
7452,5113.672291508307
6596,5113.672291508307
5740,5274.189443106588
4884,5192.586353911844
4028,0.0
3172,7494.012353274686
2316,6866.87987219134
1460,6862.412490896136
604,6862.412490896136
40837,2777.411090301013
39981,0.0
39125,8882.810285066877
38269,7726.512746298151
37413,7253.203865374321
36557,7026.958097572954
35701,7037.787282846746
34845,2740.7961527195635
33989,0.0
33133,5241.249287872831
32277,5208.55599969549
31421,5202.930401609366
30565,5196.9012349426985
29709,5229.857215607792
28853,0.0
27997,0.0
27141,8637.289686832519
26285,7012.310401703283
25429,6709.719162232831
24573,6585.35748411661
23717,6578.301669390401
22861,2708.5123242951304
22005,0.0
21149,5041.747883720715
20293,5018.256536731817
19437,5018.256536731817
18581,5119.866574554866
17725,5287.844302762194
16869,3085.6378162017563
16013,0.0
15157,10536.770818043942
14301,7277.416122935594
13445,7031.482981943519
12589,6825.864813824515
11733,6667.095767247504
10877,2739.5490087427183
10021,0.0
9165,5090.537403101544
8309,5067.0460561126465
7453,5067.0460561126465
6597,5067.0460561126465
5741,5110.42153665122
4885,2738.073729049232
4029,0.0
3173,9094.489322263018
2317,7040.6453908252715
1461,6662.642943336953
605,6489.766581662528
40838,6078.76336330232
39982,0.0
39126,8289.513574099208
38270,6440.808222715064
37414,6410.125671774204
36558,6404.269221468321
35702,6414.046254861284
34846,5275.334936360233
33990,0.0
33134,5298.452571600777
32278,5273.997476875117
31422,5273.997476875117
30566,5343.285354478763
29710,5389.688442975938
28854,5283.44895962815
27998,0.0
27142,8114.03830027791
26286,6376.104144802213
25430,6376.104144802213
24574,6376.104144802213
23718,6385.881178195176
22862,5248.505441529744
22006,0.0
21150,5271.536006427397
20294,5263.907281679922
19438,5263.907281679922
18582,5305.646465589874
17726,5659.907643432161
16870,5947.634935188933
16014,0.0
15158,10117.81822568065
14302,7633.306046533189
13446,8128.058062592713
12590,6800.6527598659495
11734,6452.865144776515
10878,5287.341186360233
10022,0.0
9166,5300.454192154189
8310,5292.825467406714
7454,5290.823846853303
6598,5332.279432879656
5742,5389.688442975938
4886,5295.45520962815
4030,0.0
3174,8246.296316356915
2318,6291.45612301157
1462,6291.45612301157
606,6291.45612301157
40839,4107.7959507909145
39983,0.0
39127,9906.626490690842
38271,7483.46571106454
37415,7334.4998574975725
36559,7167.1020598790765
35703,7162.292877927499
34847,4107.7959507909145
33991,0.0
33135,5068.711226100596
32279,5068.711226100596
31423,5043.049476738847
30567,5043.049476738847
29711,5188.122637973286
28855,4066.6685758711483
27999,0.0
27143,9487.972596363506
26287,7226.006213067916
25431,7151.658797467729
24575,7151.658797467729
23719,7162.292877927499
22863,4019.4900687486415
22007,0.0
21151,5068.529811635431
20295,5068.529811635431
19439,5058.321886525116
18583,5140.285096232657
17727,5319.341049244425
16871,4172.810331871634
16015,0.0
15159,10753.468897236908
14303,7440.33614073662
13447,7577.143302681397
12591,7461.195429037193
11735,7399.63460125368
10879,4073.7016174575815
10023,0.0
9167,4904.186527171483
8311,4904.186527171483
7455,4872.341420195126
6599,4872.341420195126
5743,4987.459736542882
4887,4044.1128596875733
4031,0.0
3175,9913.454204569967
2319,7232.129517841358
1463,7157.782102241171
607,7157.782102241171
40840,6913.87706570973
39984,0.0
39128,9027.77745494541
38272,7145.083643573842
37416,7126.610662889817
36560,6979.904241132906
35704,6979.904241132906
34848,6770.053547788867
33992,0.0
33136,4984.117973192217
32280,4984.117973192217
31424,4984.117973192217
30568,4984.117973192217
29712,6242.78026700436
28856,6735.32244070352
28000,0.0
27144,8388.539507128882
26288,6985.811667862066
25432,6979.904241132906
24576,6979.904241132906
23720,6979.904241132906
22864,6735.32244070352
22008,0.0
21152,4984.117973192217
20296,4984.117973192217
19440,4984.117973192217
18584,4984.117973192217
17728,6544.011647546646
16872,6987.715179713423
16016,0.0
15160,8250.668988141488
14304,7466.376375039139
13448,7778.206450497831
12592,7595.785038243589
11736,7139.100919664061
10880,6480.201185662288
10024,0.0
9168,4978.980090451266
8312,4978.980090451266
7456,4978.980090451266
6600,4978.980090451266
5744,5999.194738462806
4888,6441.987554031278
4032,0.0
3176,8914.245791985557
2320,6985.811667862066
1464,6979.904241132906
608,6979.904241132906
40841,6409.856043179851
39985,0.0
39129,5476.412163502261
38273,6373.973072145435
37417,6373.973072145435
36561,6373.973072145435
35705,6373.973072145435
34849,4812.805509937982
33993,0.0
33137,4868.194275440493
32281,4775.012160386323
31425,4775.012160386323
30569,4775.012160386323
29713,4775.012160386323
28857,4699.624130800733
28001,0.0
27145,5115.999618368634
26289,6373.973072145435
25433,6373.973072145435
24577,6373.973072145435
23721,6373.973072145435
22865,4693.307464134066
22009,0.0
21153,4775.012160386323
20297,4775.012160386323
19441,4775.012160386323
18585,4775.012160386323
17729,5132.412537818352
16873,4933.667158138402
16017,0.0
15161,6935.285329766
14305,8769.124822385496
13449,9231.867351047356
12593,6373.973072145435
11737,6373.973072145435
10881,4904.842415222034
10025,0.0
9169,4896.542482154896
8313,4896.542482154896
7457,4868.194275440493
6601,4873.583164329381
5745,4775.012160386323
4889,4699.624130800733
4033,0.0
3177,5493.571237984766
2321,6373.973072145435
1465,6373.973072145435
609,6373.973072145435
40842,8275.870903204515
39986,0.0
39130,9672.636587802514
38274,6392.304719052272
37418,6392.304719052272
36562,6392.304719052272
35706,6392.304719052272
34850,5953.928544791401
33994,0.0
33138,5621.781261807901
32282,5580.972293550844
31426,5569.179464421847
30570,5569.179464421847
29714,5735.744712492047
28858,5908.366979173966
28002,0.0
27146,9093.413294859289
26290,6392.304719052272
25434,6392.304719052272
24578,6392.304719052272
23722,6392.304719052272
22866,5908.366979173966
22010,0.0
21154,5574.789153327394
20298,5574.789153327394
19442,5574.789153327394
18586,5574.789153327394
17730,5900.2484728842155
16874,6531.580025924053
16018,0.0
15162,9987.042598178266
14306,9039.19714056471
13450,9540.544645579492
12594,6392.304719052272
11738,6392.304719052272
10882,6121.9336759393445
10026,0.0
9170,5652.026252657439
8314,5665.429560405975
7458,5623.752259614918
6602,5623.752259614918
5746,5714.606196482195
4890,5920.623692136928
4034,0.0
3178,9278.985220090599
2322,6392.304719052272
1466,6392.304719052272
610,6392.304719052272
40843,5537.252090896506
39987,0.0
39131,8606.964491185261
38275,7635.798485644826
37419,7171.40431541045
36563,7171.40431541045
35707,7171.40431541045
34851,5537.252090896506
33995,0.0
33139,6421.523519135962
32283,6421.523519135962
31427,6421.523519135962
30571,6421.523519135962
29715,6425.826451254431
28859,5537.252090896506
28003,0.0
27147,8601.788667009438
26291,7635.798485644826
25435,7171.40431541045
24579,7171.40431541045
23723,7171.40431541045
22867,5537.252090896506
22011,0.0
21155,6421.523519135962
20299,6421.523519135962
19443,6421.523519135962
18587,6421.523519135962
17731,6425.826451254431
16875,5537.252090896506
16019,0.0
15163,8747.267143991765
14307,7689.68971047294
13451,8272.094752135188
12595,7496.0723131281575
11739,7171.40431541045
10883,5537.252090896506
10027,0.0
9171,6421.523519135962
8315,6421.523519135962
7459,6421.523519135962
6603,6421.523519135962
5747,6425.826451254431
4891,5537.252090896506
4035,0.0
3179,8601.788667009438
2323,7635.798485644826
1467,7171.40431541045
611,7171.40431541045
40844,5403.5058038918705
39988,0.0
39132,9955.685213943745
38276,7841.738691100481
37420,7394.041262147768
36564,7394.517462365989
35708,7394.517462365989
34852,5352.323144583094
33996,0.0
33140,5598.35463595567
32284,5592.108677505562
31428,5587.094786968477
30572,5587.094786968477
29716,5649.7945971311365
28860,5352.323144583094
28004,0.0
27148,9945.430611002568
26292,7840.767975171786
25436,7393.070546219073
24580,7376.960411083937
23724,7376.960411083937
22868,5352.323144583094
22012,0.0
21156,5579.489207102268
20300,5579.489207102268
19444,5579.489207102268
18588,5579.489207102268
17732,5698.414653361585
16876,5417.876039411946
16020,0.0
15164,10128.720021341416
14308,7863.633490590467
13452,7733.766848681936
12596,7551.464051250777
11740,7394.517462365989
10884,5372.42199989445
10028,0.0
9172,5579.489207102268
8316,5579.489207102268
7460,5579.489207102268
6604,5579.489207102268
5748,5649.7945971311365
4892,5352.323144583094
4036,0.0
3180,9945.430611002568
2324,7851.422583626396
1468,7403.725154673681
612,7385.03277950499
40845,4495.301862375365
39989,0.0
39133,8649.77324684025
38277,6792.800750703792
37421,6375.334521568597
36565,6375.334521568597
35709,6375.334521568597
34853,4495.301862375365
33997,0.0
33141,4613.294239843662
32285,4613.294239843662
31429,4613.294239843662
30573,4613.294239843662
29717,4618.430812468889
28861,4495.301862375365
28005,0.0
27149,8626.319654886227
26293,6792.800750703792
25437,6375.334521568597
24581,6375.334521568597
23725,6375.334521568597
22869,4495.301862375365
22013,0.0
21157,4613.294239843662
20301,4613.294239843662
19445,4613.294239843662
18589,4613.294239843662
17733,4618.430812468889
16877,4495.301862375365
16021,0.0
15165,8765.374802149356
14309,6835.162518480446
13453,7361.682925422451
12597,6587.04220425987
11741,6375.334521568597
10885,4495.301862375365
10029,0.0
9173,4613.294239843662
8317,4613.294239843662
7461,4613.294239843662
6605,4613.294239843662
5749,4618.430812468889
4893,4495.301862375365
4037,0.0
3181,8610.998821552894
2325,6792.800750703792
1469,6375.334521568597
613,6375.334521568597
40846,4016.403703319861
39990,0.0
39134,7519.212927891207
38278,6482.77847350706
37422,6133.207815018824
36566,6133.207815018824
35710,6133.207815018824
34854,4016.403703319861
33998,0.0
33142,3493.8302406777266
32286,3493.8302406777266
31430,3493.8302406777266
30574,3493.8302406777266
29718,3784.0891113099574
28862,4016.403703319861
28006,0.0
27150,7442.914733668972
26294,6496.396760544098
25438,6133.207815018824
24582,6133.207815018824
23726,6133.207815018824
22870,4016.403703319861
22014,0.0
21158,3493.8302406777266
20302,3493.8302406777266
19446,3493.8302406777266
18590,3493.8302406777266
17734,3936.6037219263103
16878,4143.077236379377
16022,0.0
15166,8242.284461709938
14310,6439.746803569902
13454,6383.083681868672
12598,6319.315850695301
11742,6133.207815018824
10886,4016.403703319861
10030,0.0
9174,3493.8302406777266
8318,3493.8302406777266
7462,3493.8302406777266
6606,3493.8302406777266
5750,3784.0891113099574
4894,4016.403703319861
4038,0.0
3182,7446.061823616063
2326,6482.77847350706
1470,6133.207815018824
614,6133.207815018824
40847,6616.17670097182
39991,0.0
39135,10294.593821377553
38279,7015.435962306717
37423,7015.435962306717
36567,7015.435962306717
35711,7015.435962306717
34855,5336.635441970462
33999,0.0
33143,5316.333566875967
32287,5245.274729165611
31431,5245.274729165611
30575,5245.274729165611
29719,5245.274729165611
28863,5245.274729165611
28007,0.0
27151,9981.32538816903
26295,7015.435962306717
25439,7015.435962306717
24583,7015.435962306717
23727,7015.435962306717
22871,5245.274729165611
22015,0.0
21159,5245.274729165611
20303,5245.274729165611
19447,5245.274729165611
18591,5245.274729165611
17735,5604.43768511544
16879,5101.102871019861
16023,0.0
15167,10403.732365462165
14311,9612.133361839422
13455,9995.023109331578
12599,7015.435962306717
11743,7015.435962306717
10887,5448.706097254514
10031,0.0
9175,5336.455481271478
8319,5336.455481271478
7463,5316.333566875967
6607,5316.333566875967
5751,5245.274729165611
4895,5245.274729165611
4039,0.0
3183,10080.209511033567
2327,7015.435962306717
1471,7015.435962306717
615,7015.435962306717
40848,3003.267181273025
39992,0.0
39136,6922.125889199935
38280,6329.513424716819
37424,6194.759128742023
36568,6012.086186343153
35712,5993.5791823749
34856,2931.0664550040246
34000,0.0
33144,4377.52498935113
32288,4372.91002219364
31432,4364.014784098402
30576,4369.077226157506
29720,4476.330451766279
28864,0.0
28008,0.0
27152,6656.181467540953
26296,5980.657016085101
25440,5920.345142042168
24584,5913.654885788148
23728,5895.147881819895
22872,2546.544218575766
22016,0.0
21160,4044.204399146595
20304,4044.204399146595
19448,4035.309161051357
18592,4049.5907793556717
17736,4209.518638072764
16880,2561.4121671051776
16024,0.0
15168,10664.85951261852
14312,6307.660270067947
13456,6436.453049514154
12600,6370.1216735236685
11744,6067.194694274922
10888,2561.4913298452097
10032,0.0
9176,4076.28046974936
8320,4076.28046974936
7464,4039.924128208847
6608,4054.2057465131616
5752,4156.844004964445
4896,2550.6410935757663
4040,0.0
3184,6848.509581325988
2328,5996.866690724188
1472,5920.345142042168
616,5913.654885788148
40849,9724.218177756913
39993,0.0
39137,11389.487105973758
38281,7966.235025931052
37425,7966.235025931052
36569,7966.235025931052
35713,7966.235025931052
34857,9153.882935728994
34001,0.0
33145,8535.978583206006
32289,8443.14854434147
31433,8408.429861892238
30577,8408.429861892238
29721,9102.411303263048
28865,9252.364205424365
28009,0.0
27153,10815.428823463038
26297,7966.235025931052
25441,7966.235025931052
24585,7966.235025931052
23729,7966.235025931052
22873,9192.832640578186
22017,0.0
21161,8434.324014519307
20305,8346.785970267458
19449,8354.212958264457
18593,8354.212958264457
17737,9164.722629085598
16881,10189.554196117928
16025,0.0
15169,12195.392951587446
14313,9706.24165080528
13457,9981.974500536457
12601,7966.235025931052
11745,7966.235025931052
10889,9380.09285542741
10033,0.0
9177,8727.126652096329
8321,8659.309192279256
7465,8551.43272307917
6609,8490.262419982633
5753,9106.7996746252
4897,9252.364205424365
4041,0.0
3185,11045.466643121012
2329,7966.235025931052
1473,7966.235025931052
617,7966.235025931052
40850,4731.852254346417
39994,0.0
39138,8216.600048612858
38282,7500.720954212847
37426,7138.2933519238495
36570,7138.2933519238495
35714,7138.2933519238495
34858,4731.852254346417
34002,0.0
33146,4714.894668238345
32290,4714.894668238345
31434,4714.894668238345
30578,4714.894668238345
29722,4703.002187821434
28866,4731.852254346417
28010,0.0
27154,8216.600048612858
26298,7500.720954212847
25442,7138.2933519238495
24586,7138.2933519238495
23730,7138.2933519238495
22874,4731.852254346417
22018,0.0
21162,4714.894668238345
20306,4714.894668238345
19450,4714.894668238345
18594,4714.894668238345
17738,4703.002187821434
16882,4731.852254346417
16026,0.0
15170,8303.910740571207
14314,7583.880731481681
13458,8373.180997307652
12602,7539.133027993196
11746,7138.2933519238495
10890,4731.852254346417
10034,0.0
9178,4714.894668238345
8322,4714.894668238345
7466,4714.894668238345
6610,4714.894668238345
5754,4703.002187821434
4898,4731.852254346417
4042,0.0
3186,8183.160382308711
2330,7500.720954212847
1474,7138.2933519238495
618,7138.2933519238495
40851,4486.303616095233
39995,0.0
39139,8019.604872688584
38283,5932.854564991441
37427,5628.669371759773
36571,5616.957968263786
35715,5607.683665168352
34859,4321.117979995222
34003,0.0
33147,4558.604861418355
32291,4516.926204412439
31435,4495.59783518613
30579,4569.209565625008
29723,4606.0045334933975
28867,4248.927337859581
28011,0.0
27155,7560.0003232147965
26299,5775.796971134586
25443,5430.792413965996
24587,5376.650415201614
23731,5393.328838067611
22875,4197.9121144718565
22019,0.0
21163,4429.972595837749
20307,4398.8637197851895
19451,4349.2314316794545
18595,4427.305712262683
17739,4607.959230572431
16883,4431.129496464864
16027,0.0
15171,7571.440464092437
14315,6317.99792846043
13459,6658.472906034026
12603,5990.590311790475
11747,5468.0249146509295
10891,4344.112869596362
10035,0.0
9179,4707.984453195187
8323,4555.478386997294
7467,4302.2280691165915
6611,4317.043035128512
5755,4322.834888053219
4899,4231.10745713845
4043,0.0
3187,7190.809534354963
2331,5740.160434812023
1475,5238.053919466198
619,5191.773684467146
40852,6177.185930005564
39996,0.0
39140,9956.970266546721
38284,7913.784727905398
37428,7669.599188480038
36572,7655.918013940469
35716,7655.918013940469
34860,5930.489523136335
34004,0.0
33148,5708.367421548905
32292,5708.367421548905
31436,5708.367421548905
30580,5708.367421548905
29724,5921.537637811752
28868,5915.086399675896
28012,0.0
27156,9757.307539082658
26300,7891.239465808624
25444,7669.599188480038
24588,7655.918013940469
23732,7655.918013940469
22876,5915.086399675896
22020,0.0
21164,5708.367421548905
20308,5708.367421548905
19452,5708.367421548905
18596,5716.776893890577
17740,5979.1011463936475
16884,6345.409195373982
16028,0.0
15172,10426.317302396224
14316,8728.952354013007
13460,8784.01820999728
12604,7655.918013940469
11748,7655.918013940469
10892,5973.251738210167
10036,0.0
9180,5723.770545009345
8324,5723.770545009345
7468,5708.367421548905
6612,5708.367421548905
5756,5921.537637811752
4900,5915.086399675896
4044,0.0
3188,9839.323320311787
2332,7891.239465808624
1476,7669.599188480038
620,7655.918013940469
40853,4907.585172759993
39997,0.0
39141,8461.710347786951
38285,6493.806688851429
37429,6561.09017314172
36573,6363.410853466552
35717,6363.410853466552
34861,4863.382578567692
34005,0.0
33149,4668.050792553691
32293,4660.33156178446
31437,4654.593300135715
30581,4679.031601417766
29725,4858.769814292509
28869,4831.398401853303
28013,0.0
27157,8122.089496442927
26301,6372.71888987888
25445,6363.410853466552
24589,6363.410853466552
23733,6363.410853466552
22877,4827.620766525668
22021,0.0
21165,4668.050792553691
20309,4668.050792553691
19453,4662.312530904946
18597,4698.8505610722095
17741,4962.920555260192
16885,4958.756855139556
16029,0.0
15173,10833.591515861486
14317,6575.354968252619
13461,6972.463925958208
12605,6908.643260947888
11749,6568.207165895341
10893,4888.340154325268
10037,0.0
9181,4720.509425367536
8325,4695.55184960996
7469,4662.312530904946
6613,4686.750832186996
5757,4858.769814292509
4901,4831.398401853303
4045,0.0
3189,8457.679773305272
2333,6372.71888987888
1477,6363.410853466552
621,6363.410853466552
40854,5350.289141783172
39998,0.0
39142,8274.936198406576
38286,6941.858914443148
37430,6926.086304771103
36574,6710.355805774644
35718,6710.355805774644
34862,5371.050039219071
34006,0.0
33150,4291.130944890452
32294,4291.130944890452
31438,4281.491549365881
30582,4281.491549365881
29726,5396.569941423454
28870,0.0
28014,0.0
27158,8965.840234243515
26302,6722.988014544988
25446,6708.002067001437
24590,6708.002067001437
23734,6708.002067001437
22878,5714.5340611226275
22022,0.0
21166,4556.062811416138
20310,4526.609606287933
19454,4544.086272954601
18598,4550.562175412358
17742,5835.913197371294
16886,5888.698320794393
16030,0.0
15174,12913.187323840948
14318,7114.320696613184
13462,7186.006113361685
12606,7010.356862477022
11750,6839.734907214736
10894,5707.471283344851
10038,0.0
9182,4548.057109198033
8326,4518.603904069827
7470,4518.603904069827
6614,4518.603904069827
5758,5757.545899934401
4902,5714.5340611226275
4046,0.0
3190,9206.027285208373
2334,6709.38110868079
1478,6694.39516113724
622,6694.39516113724
40855,5247.3569308873475
39999,0.0
39143,8479.69769684356
38287,7347.885454854793
37431,7406.928056681689
36575,7379.552722987604
35719,7384.00212774951
34863,5170.738850672733
34007,0.0
33151,4947.35264243587
32295,4920.275468399139
31439,4907.584463108134
30583,4916.280693266864
29727,5391.77311645148
28871,0.0
28015,0.0
27159,8242.599573125326
26303,7108.769750142837
25447,7087.27230035468
24591,7071.856941731821
23735,7087.759406119288
22879,5134.616887514266
22023,0.0
21167,4908.788842835636
20311,4908.788842835636
19455,4935.052147841414
18599,4931.2567335805115
17743,5526.034850804312
16887,5286.366591803048
16031,0.0
15175,13285.156681528755
14319,7563.602251176896
13463,7621.148005145151
12607,7613.71486494287
11751,7471.5169028817845
10895,5152.576051105902
10039,0.0
9183,4940.408208063136
8327,4940.408208063136
7471,4940.408208063136
6615,4940.408208063136
5759,5407.470541601181
4903,5126.091609736488
4047,0.0
3191,8504.899419278045
2335,6711.118429302729
1479,6805.585685715235
623,6798.016655948703
40856,7375.25035620875
40000,0.0
39144,11614.129618798506
38288,10147.259795155533
37432,8007.394084969231
36576,7869.747153136903
35720,7841.47863792526
34864,6644.4488601124285
34008,0.0
33152,6854.024458549875
32296,6874.689327192441
31440,6827.282933107124
30584,6837.525131958381
29728,7387.396684224173
28872,0.0
28016,0.0
27160,10630.602908517983
26304,8449.010102028868
25448,7719.047557028366
24592,7643.346594050282
23736,7630.10520814825
22880,5982.409237118909
22024,0.0
21168,5437.408683934216
20312,5437.408683934216
19456,5437.408683934216
18600,5477.00029470386
17744,6103.670153344621
16888,6223.77848905692
16032,0.0
15176,11741.265213473176
14320,8564.616154601052
13464,7981.768499684214
12608,7914.223111975925
11752,7717.955620448912
10896,6095.150532697325
10040,0.0
9184,5411.311650002145
8328,5393.872308466488
7472,5368.604310938948
6616,5368.604310938948
5760,5711.010583640862
4904,5948.941377443189
4048,0.0
3192,10789.806053241742
2336,8606.764156440635
1480,7635.110524531229
624,7481.699815152215
40857,6345.211026594176
40001,0.0
39145,10719.815878119756
38289,9283.439462485703
37433,9320.878847995109
36577,9320.878847995109
35721,9320.878847995109
34865,6345.211026594176
34009,0.0
33153,7304.6374641255725
32297,7304.6374641255725
31441,7304.6374641255725
30585,7304.6374641255725
29729,7353.336467878018
28873,6345.211026594176
28017,0.0
27161,10598.157358004815
26305,9283.439462485703
25449,9320.878847995109
24593,9320.878847995109
23737,9320.878847995109
22881,6345.211026594176
22025,0.0
21169,7304.6374641255725
20313,7304.6374641255725
19457,7304.6374641255725
18601,7304.6374641255725
17745,7353.336467878018
16889,6345.211026594176
16033,0.0
15177,10851.503306437324
14321,9463.993977553522
13465,10086.539053656672
12609,9510.015783045888
11753,9320.878847995109
10897,6304.73505467527
10041,0.0
9185,7304.6374641255725
8329,7304.6374641255725
7473,7304.6374641255725
6617,7304.6374641255725
5761,7353.336467878018
4905,6304.73505467527
4049,0.0
3193,10595.507708336256
2337,9283.439462485703
1481,9320.878847995109
625,9320.878847995109
40858,7167.8787424160655
40002,0.0
39146,11632.824966132444
38290,8074.124820098004
37434,7546.725262595178
36578,7546.725262595178
35722,7546.725262595178
34866,6945.760716655192
34010,0.0
33154,6900.460287233281
32298,6900.460287233281
31442,6900.460287233281
30586,6900.460287233281
29730,6904.763219351751
28874,6931.424873575269
28018,0.0
27162,11556.333268940749
26306,8074.124820098004
25450,7546.725262595178
24594,7546.725262595178
23738,7546.725262595178
22882,6892.0724664092295
22026,0.0
21170,6900.460287233281
20314,6900.460287233281
19458,6900.460287233281
18602,6900.460287233281
17746,6904.763219351751
16890,6927.591217530232
16034,0.0
15178,11711.79110862316
14322,8206.574076274983
13466,8808.96127639144
12610,7965.300157537652
11754,7546.725262595178
10898,6959.163955804994
10042,0.0
9186,6900.460287233281
8330,6900.460287233281
7474,6900.460287233281
6618,6900.460287233281
5762,6904.763219351751
4906,6931.424873575269
4050,0.0
3194,11622.885120792602
2338,8074.124820098004
1482,7546.725262595178
626,7546.725262595178
40859,7687.690799035549
40003,0.0
39147,9175.749049219758
38291,6997.10431539988
37435,6997.10431539988
36579,6997.10431539988
35723,6997.10431539988
34867,5262.682133456788
34011,0.0
33155,5242.380258362291
32299,5171.321420651934
31443,5171.321420651934
30587,5171.321420651934
29731,5171.321420651934
28875,5171.321420651934
28019,0.0
27163,8996.22428789966
26307,6997.10431539988
25451,6997.10431539988
24595,6997.10431539988
23739,6997.10431539988
22883,5171.321420651934
22027,0.0
21171,5171.321420651934
20315,5171.321420651934
19459,5171.321420651934
18603,5171.321420651934
17747,5459.970533307487
16891,6154.676116219124
16035,0.0
15179,9545.415098291689
14323,8732.705593611647
13467,9339.835902370221
12611,6997.10431539988
11755,6997.10431539988
10899,5378.897458693048
10043,0.0
9187,5262.502172757802
8331,5262.502172757802
7475,5242.380258362291
6619,5242.380258362291
5763,5171.321420651934
4907,5171.321420651934
4051,0.0
3195,9150.87986544278
2339,6997.10431539988
1483,6997.10431539988
627,6997.10431539988
40860,3904.330165055385
40004,0.0
39148,5743.171496672542
38292,5031.232436025596
37436,5385.364956596746
36580,5392.925032354322
35724,5392.925032354322
34868,3704.002291300919
34012,0.0
33156,3794.9452399606507
32300,3778.124338822837
31444,3778.124338822837
30588,3778.124338822837
29732,3778.124338822837
28876,3696.8521886577128
28020,0.0
27164,5620.706795979714
26308,4919.7499114641005
25452,5364.752726234516
24596,5365.9293496111395
23740,5360.675367759657
22884,3696.8521886577128
22028,0.0
21172,3809.8429089583196
20316,3793.022007820506
19460,3808.3610342127754
18604,3808.3610342127754
17748,3817.265469187523
16892,3727.90011344968
16036,0.0
15180,5744.359126464671
14324,5425.571605501269
13468,7041.526997044944
12612,6192.935421993914
11756,5421.676543878009
10900,3847.0533690203315
10044,0.0
9188,3887.7640542233853
8332,3825.2881636875227
7476,3809.059471338868
6620,3809.059471338868
5764,3809.059471338868
4908,3716.876712513089
4052,0.0
3196,5608.165353672022
2340,5014.868136803576
1484,5373.563011623227
628,5378.713487813703
40861,4162.141651872209
40005,0.0
39149,7716.968286029651
38293,6808.47620281428
37437,6391.8618052708
36581,6391.8618052708
35725,6391.8618052708
34869,4162.141651872209
34013,0.0
33157,5605.989422267522
32301,5438.9415835878235
31445,5438.9415835878235
30589,5438.9415835878235
29733,5440.886755424582
28877,4162.141651872209
28021,0.0
27165,7716.968286029651
26309,6808.47620281428
25453,6391.8618052708
24597,6391.8618052708
23741,6391.8618052708
22885,4162.141651872209
22029,0.0
21173,5605.989422267522
20317,5438.9415835878235
19461,5438.9415835878235
18605,5438.9415835878235
17749,5440.886755424582
16893,4162.141651872209
16037,0.0
15181,7810.4384424701675
14325,6898.789373899802
13469,7393.560284718503
12613,6636.0331517161685
11757,6391.8618052708
10901,4162.141651872209
10045,0.0
9189,5605.989422267522
8333,5438.9415835878235
7477,5438.9415835878235
6621,5438.9415835878235
5765,5440.886755424582
4909,4162.141651872209
4053,0.0
3197,7716.968286029651
2341,6808.47620281428
1485,6391.8618052708
629,6391.8618052708
40862,3916.963704092549
40006,0.0
39150,8319.272541715101
38294,6086.73619741418
37438,5899.441227627053
36582,5755.060492267863
35726,5755.060492267863
34870,3906.203974311747
34014,0.0
33158,4090.3673755542495
32302,4090.3673755542495
31446,4090.3673755542495
30590,4090.3673755542495
29734,4123.096134683588
28878,0.0
28022,0.0
27166,8104.039227666947
26310,5892.849512569169
25454,5816.504560861646
24598,5838.679858480693
23742,5865.517011258471
22886,3906.203974311747
22030,0.0
21174,4090.3673755542495
20318,4090.3673755542495
19462,4090.3673755542495
18606,4090.3673755542495
17750,4197.432807729811
16894,3992.6070030998067
16038,0.0
15182,10890.577227437458
14326,6322.9788153792715
13470,6467.148207949664
12614,6408.9982723268895
11758,6028.281546391543
10902,3906.203974311747
10046,0.0
9190,4090.3673755542495
8334,4090.3673755542495
7478,4090.3673755542495
6622,4090.3673755542495
5766,4123.096134683588
4910,3906.203974311747
4054,0.0
3198,8602.089399629309
2342,5834.731595902503
1486,5758.3866441949785
630,5799.567596575931
40863,4584.47511447118
40007,0.0
39151,7391.300122878595
38295,5754.128274056664
37439,5717.808827369649
36583,5717.808827369649
35727,5717.808827369649
34871,4209.978453845215
34015,0.0
33159,4437.5345207185055
32303,4428.1021342177855
31447,4418.658920872077
30591,4418.658920872077
29735,4408.090556857872
28879,4202.504835576823
28023,0.0
27167,6778.20083844724
26311,5754.128274056664
25455,5717.808827369649
24599,5717.808827369649
23743,5717.808827369649
22887,4196.520743772253
22031,0.0
21175,4423.5592115066165
20319,4414.750591024326
19463,4421.52157901345
18607,4448.800944893911
17751,4633.077985429734
16895,4740.70408307002
16039,0.0
15183,8053.38498944217
14327,8466.777339658625
13471,8955.164278093876
12615,5717.808827369649
11759,5717.808827369649
10903,4341.344342014177
10047,0.0
9191,4459.358546522187
8335,4435.575752486177
7479,4419.282686890507
6623,4419.282686890507
5767,4408.090556857872
4911,4202.504835576823
4055,0.0
3199,6912.356721293987
2343,5754.128274056664
1487,5717.808827369649
631,5717.808827369649
40864,5169.442978365905
40008,0.0
39152,9905.433037613771
38296,7846.03531829778
37440,7188.349681694319
36584,7081.268476973113
35728,7058.522838444975
34872,5125.240384173607
34016,0.0
33160,4913.5494593934545
32304,4884.470292726788
31448,4869.464737171232
30592,4884.953931310426
29736,4923.014317870959
28880,5035.521047340373
28024,0.0
27168,9786.439972206834
26312,7754.03603614475
25456,7046.416973193078
24600,7027.887575044931
23744,7043.505167637523
22888,5061.3855701323955
22032,0.0
21176,4913.5494593934545
20320,4913.5494593934545
19464,4898.543903837898
18608,4902.536231880226
17752,5006.335951958031
16896,5196.037131275597
16040,0.0
15184,9927.707840049688
14328,7833.312088836622
13472,7582.481216993482
12616,7405.641993624344
11760,7180.871318344705
10904,5150.197959931183
10048,0.0
9192,4948.752536651743
8336,4923.794960894168
7480,4898.543903837898
6624,4914.033097977092
5768,4923.014317870959
4912,5039.466285435611
4056,0.0
3200,9801.77188310052
2344,7759.101787060501
1488,7027.449448640336
632,7015.043649526005
40865,4941.231925168599
40009,0.0
39153,8624.820556747225
38297,6327.568397695323
37441,6320.913537320633
36585,6320.913537320633
35729,6320.913537320633
34873,4862.489898128015
34017,0.0
33161,5288.899704248188
32305,5232.853670020948
31449,5229.601058220805
30593,5229.601058220805
29737,5266.742126838357
28881,4854.250460328972
28025,0.0
27169,8345.98696264944
26313,6327.568397695323
25457,6320.913537320633
24601,6320.913537320633
23745,6320.913537320633
22889,4854.250460328972
22033,0.0
21177,5275.905305717973
20321,5229.601058220805
19465,5229.601058220805
18609,5252.174821780363
17753,5297.01360357621
16897,4887.819913813429
16041,0.0
15185,9071.40090967509
14329,9764.365032960486
13473,10198.062076185655
12617,6320.913537320633
11761,6320.913537320633
10905,4915.686087893292
10049,0.0
9193,5307.723297606124
8337,5288.795304445128
7481,5242.595456751019
6625,5242.595456751019
5769,5269.9947386385
4913,4862.489898128015
4057,0.0
3201,8374.735380533735
2345,6327.568397695323
1489,6320.913537320633
633,6320.913537320633
40866,8043.323029278031
40010,0.0
39154,10293.589652288114
38298,8151.321197247395
37442,8056.907706080951
36586,7251.518382305237
35730,7251.518382305237
34874,7613.449913605584
34018,0.0
33162,9667.681106643831
32306,9186.182746294686
31450,9082.070843267264
30594,9069.537697291376
29738,7075.26018781388
28882,0.0
28026,0.0
27170,9760.549407338502
26314,6979.807937849011
25458,6885.256185750408
24602,6885.256185750408
23746,6885.256185750408
22890,8357.288681865972
22034,0.0
21178,9756.461764173437
20322,9193.347492752122
19466,9127.761543973556
18610,9131.118397997669
17754,7928.3888415367455
16898,8475.946303033234
16042,0.0
15186,13089.891134810921
14330,7903.246674139667
13474,8074.376888723015
12618,7962.830451748656
11762,7455.602667138831
10906,8475.097190209483
10050,0.0
9194,9751.637791657553
8338,9294.30784474302
7482,9228.721895964456
6626,9216.188749988567
5770,7803.543189618001
4914,8401.714687422413
4058,0.0
3202,10435.826928224213
2346,7014.26933886103
1490,6853.359139336904
634,6853.359139336904
40867,6497.576904595665
40011,0.0
39155,10729.081011911429
38299,8784.906131625019
37443,8540.84997705239
36587,8458.831854516431
35731,8450.093252524288
34875,6249.039569862599
34019,0.0
33163,5887.9832457544
32307,5875.3197416882
31451,5875.3197416882
30595,5875.3197416882
29739,6100.835219742254
28883,6112.055972570246
28027,0.0
27171,10608.747365377396
26315,8656.129275840607
25459,8413.126082943207
24603,8344.300993104673
23747,8318.810526310663
22891,6168.874866340225
22035,0.0
21179,6151.377984313076
20323,6138.7144802468765
19467,6269.14974340477
18611,6550.826604045125
17755,7023.653167086738
16899,6819.894806917034
16043,0.0
15187,10948.580208342148
14331,9614.293538892034
13475,9659.953806101606
12619,8687.698677362276
11763,8498.83284802593
10907,6389.927126063502
10051,0.0
9195,6102.872430973893
8339,6071.515868798606
7483,5934.532271506254
6627,5926.436926776909
5771,6138.11832779608
4915,6149.339080624074
4059,0.0
3203,10566.500988452726
2347,8723.049971274151
1491,8508.84936333818
635,8395.948788384705
40868,6140.051124893682
40012,0.0
39156,8272.06699768057
38300,7009.064813813533
37444,7009.064813813533
36588,7009.064813813533
35732,7009.064813813533
34876,5108.040376702775
34020,0.0
33164,5087.738501608281
32308,5016.679663897924
31452,5016.679663897924
30596,5016.679663897924
29740,5016.679663897924
28884,5016.679663897924
28028,0.0
27172,7997.085573010666
26316,7009.064813813533
25460,7009.064813813533
24604,7009.064813813533
23748,7009.064813813533
22892,5016.679663897924
22036,0.0
21180,5016.679663897924
20324,5016.679663897924
19468,5016.679663897924
18612,5016.679663897924
17756,5272.810965727334
16900,4877.667132545699
16044,0.0
15188,8842.831924285781
14332,8709.145359894786
13476,9342.384561931884
12620,7009.064813813533
11764,7009.064813813533
10908,5241.273746084324
10052,0.0
9196,5116.086708322683
8340,5116.086708322683
7484,5087.738501608281
6628,5087.738501608281
5772,5016.679663897924
4916,5016.679663897924
4060,0.0
3204,8364.257652928218
2348,7009.064813813533
1492,7009.064813813533
636,7009.064813813533
40869,5932.306333709176
40013,0.0
39157,9811.394991840376
38301,7837.4288636239335
37445,7346.778334964123
36589,7346.778334964123
35733,7346.778334964123
34877,5373.71886785375
34021,0.0
33165,6132.437731499759
32309,6124.75030412864
31453,6124.75030412864
30597,6124.75030412864
29741,6142.050113179702
28885,5351.104471548319
28029,0.0
27173,9811.394991840376
26317,7837.4288636239335
25461,7346.778334964123
24605,7346.778334964123
23749,7346.778334964123
22893,5346.707614823174
22037,0.0
21181,6124.75030412864
20325,6124.75030412864
19469,6124.75030412864
18613,6124.75030412864
17757,6167.115458165591
16901,5346.707614823174
16045,0.0
15189,9885.75016437512
14333,7900.734180406975
13477,8377.207476433516
12621,7602.690296973666
11765,7346.778334964123
10909,5440.765381729367
10053,0.0
9197,6132.437731499759
8341,6132.437731499759
7485,6132.437731499759
6629,6132.437731499759
5773,6142.050113179702
4917,5362.402944536067
4061,0.0
3205,9811.394991840376
2349,7837.4288636239335
1493,7346.778334964123
637,7346.778334964123
40870,6285.263049589033
40014,0.0
39158,8218.061277665623
38302,7498.8160001545175
37446,6820.993482874737
36590,6809.36641902446
35734,6836.308670425019
34878,6265.497293955777
34022,0.0
33166,5360.808956838639
32310,5374.294042817475
31454,5331.4615879650255
30598,5327.816992580291
29742,5515.233668273844
28886,0.0
28030,0.0
27174,8395.238174936921
26318,6966.287348016147
25462,6466.462295353137
24606,6466.462295353137
23750,6482.863389559638
22894,6251.471423225201
22038,0.0
21182,5344.626744037168
20326,5347.269799592722
19470,5337.463450386374
18614,5367.905961987427
17758,5727.222642490986
16902,6443.564225423004
16046,0.0
15190,10097.36660978079
14334,6997.808571730925
13478,6686.826098467431
12622,6663.96173530576
11766,6586.072802465769
10910,6280.747571733556
10054,0.0
9198,5407.074338102257
8342,5407.074338102257
7486,5360.509470377388
6630,5313.315214878438
5774,5476.606579636014
4918,6154.705786296627
4062,0.0
3206,8748.789785961222
2350,6978.261769598038
1494,6453.1995608081825
638,6443.6327852090535
40871,7088.695870346548
40015,0.0
39159,10718.977277369846
38303,7036.289897537335
37447,7036.289897537335
36591,7036.289897537335
35735,7036.289897537335
34879,5839.130873780611
34023,0.0
33167,5902.5968412013035
32311,5824.4865346570905
31455,5824.4865346570905
30599,5824.4865346570905
29743,5824.4865346570905
28887,5740.718692141903
28031,0.0
27175,10185.504484297744
26319,7036.289897537335
25463,7036.289897537335
24607,7036.289897537335
23751,7036.289897537335
22895,5740.718692141903
22039,0.0
21183,5824.4865346570905
20327,5824.4865346570905
19471,5824.4865346570905
18615,5824.4865346570905
17759,6082.363769604314
16903,5580.786658546221
16047,0.0
15191,11105.02010932693
14335,9785.175566074928
13479,10264.803632578405
12623,7036.289897537335
11767,7036.289897537335
10911,5931.167779064664
10055,0.0
9199,5930.945047915708
8343,5930.945047915708
7487,5902.5968412013035
6631,5902.5968412013035
5775,5824.4865346570905
4919,5740.718692141903
4063,0.0
3207,10477.57850713004
2351,7036.289897537335
1495,7036.289897537335
639,7036.289897537335
40872,5942.380771838112
40016,0.0
39160,7952.465086076232
38304,7179.922374287615
37448,6476.537066422469
36592,6456.073243986102
35736,6456.073243986102
34880,5558.902350306444
34024,0.0
33168,4800.323827925987
32312,4775.6954989255
31456,4735.460490231806
30600,4737.705463776781
29744,4816.1411195781775
28888,5542.459564868998
28032,0.0
27176,7598.062619359966
26320,7143.092584676864
25464,6373.498399444628
24608,6370.668754505377
23752,6370.668754505377
22896,5553.274452107574
22040,0.0
21184,4809.656807357923
20328,4786.87853413625
19472,4747.985297136687
18616,4759.790840099119
17760,4962.128840809965
16904,5760.453826849827
16048,0.0
15192,7865.493153931381
14336,7196.98231989756
13480,6517.445318651609
12624,6488.650018006769
11768,6473.707421483218
10912,5558.826027555121
10056,0.0
9200,4835.8646409326875
8344,4803.299436025531
7488,4730.7339839076585
6632,4738.763637587313
5776,4802.71259305201
4920,5542.459564868998
4064,0.0
3208,7601.399210157713
2352,7119.758611897427
1496,6417.096392151806
640,6414.266747212555
40873,10893.755425636824
40017,0.0
39161,16672.05338369521
38305,14787.674265319225
37449,11864.544433330087
36593,11488.171325524336
35737,11119.229507633017
34881,9996.239101482015
34025,0.0
33169,11508.379706555734
32313,11489.461873703007
31457,11365.875516470816
30601,11512.55533505136
29745,11599.160613058897
28889,9725.342018092912
28033,0.0
27177,16393.726122520868
26321,14436.134263601012
25465,11605.609883463649
24609,11376.901594424027
23753,11112.740142553654
22897,9672.278624106724
22041,0.0
21185,11436.852111121534
20329,11638.83078004277
19473,11588.09901359017
18617,11664.569235945755
17761,12066.890254878226
16905,10147.636908498655
16049,0.0
15193,15934.421739857598
14337,13500.912318419763
13481,12084.600671626866
12625,11043.765097075899
11769,11503.790759579437
10913,10109.33224431141
10057,0.0
9201,11790.897133269105
8345,11710.876435032495
7489,11565.077512369144
6633,11415.400574182016
5777,11429.002646931456
4921,9730.758684759578
4065,0.0
3209,16296.729311944508
2353,13692.360763028248
1497,11582.181609654126
641,11353.473320614505
40874,5943.644364161597
40018,0.0
39162,8466.844327092207
38306,7529.656025325202
37450,7147.063993270294
36594,7147.063993270294
35738,7147.063993270294
34882,5943.644364161597
34026,0.0
33170,4727.4026265204875
32314,4727.4026265204875
31458,4727.4026265204875
30602,4727.4026265204875
29746,5229.961784645401
28890,5943.644364161597
28034,0.0
27178,8454.477357395237
26322,7529.656025325202
25466,7147.063993270294
24610,7147.063993270294
23754,7147.063993270294
22898,5943.644364161597
22042,0.0
21186,4727.4026265204875
20330,4727.4026265204875
19474,4727.4026265204875
18618,4727.4026265204875
17762,5229.961784645401
16906,5943.644364161597
16050,0.0
15194,8627.422033816452
14338,7566.0862188549545
13482,7484.899450727933
12626,7336.528891356492
11770,7147.063993270294
10914,5943.644364161597
10058,0.0
9202,4727.4026265204875
8346,4727.4026265204875
7490,4727.4026265204875
6634,4727.4026265204875
5778,5229.961784645401
4922,5943.644364161597
4066,0.0
3210,8454.477357395237
2354,7529.656025325202
1498,7147.063993270294
642,7147.063993270294
40875,5347.655027748428
40019,0.0
39163,8710.746141750364
38307,7907.678271929364
37451,7907.678271929364
36595,7907.678271929364
35739,7907.678271929364
34883,4900.865885262143
34027,0.0
33171,4978.749769734669
32315,5023.009195345058
31459,5023.009195345058
30603,5023.009195345058
29747,5023.009195345058
28891,4919.43977221945
28035,0.0
27179,8564.26406555562
26323,7907.678271929364
25467,7907.678271929364
24611,7907.678271929364
23755,7907.678271929364
22899,4919.43977221945
22043,0.0
21187,5023.009195345058
20331,5023.009195345058
19475,5023.009195345058
18619,5023.009195345058
17763,5263.007373259886
16907,5716.665449983223
16051,0.0
15195,13498.941517610252
14339,8800.660541215597
13483,8985.414174866497
12627,7907.678271929364
11771,7907.678271929364
10915,4900.865885262143
10059,0.0
9203,5004.435308387751
8347,5004.435308387751
7491,4978.749769734669
6635,4978.749769734669
5779,5023.009195345058
4923,4919.43977221945
4067,0.0
3211,8580.926324007889
2355,7907.678271929364
1499,7907.678271929364
643,7907.678271929364
40876,4578.674145658879
40020,0.0
39164,8282.235200116416
38308,6830.402397141432
37452,6748.24008631783
36596,6589.049702203916
35740,6589.049702203916
34884,4450.074343637484
34028,0.0
33172,4632.569004562889
32316,4632.569004562889
31460,4625.51400456289
30604,4625.51400456289
29748,4855.293197888665
28892,4435.139172914486
28036,0.0
27180,7735.766967190813
26324,6572.717603895103
25468,6572.93068406844
24612,6572.93068406844
23756,6572.93068406844
22900,4435.139172914486
22044,0.0
21188,4632.569004562889
20332,4632.569004562889
19476,4639.582337896222
18620,4658.243819377704
17764,5099.49173863448
16908,4740.479505488843
16052,0.0
15196,11268.343055780884
14340,7070.3528429353055
13484,7194.6303917705545
12628,6941.289734130355
11772,6736.100440545224
10916,4491.474171005446
10060,0.0
9204,4641.702152711037
8348,4641.702152711037
7492,4634.647152711038
6636,4625.51400456289
5780,4841.767784502838
4924,4435.139172914486
4068,0.0
3212,8255.989821763791
2356,6572.717603895103
1500,6572.93068406844
644,6572.93068406844
40877,4196.629645569129
40021,0.0
39165,6734.328508693925
38309,6963.897448166038
37453,6963.897448166038
36597,6963.897448166038
35741,6963.897448166038
34885,3324.0177930837986
34029,0.0
33173,3827.316553417814
32317,3871.495372386338
31461,3871.495372386338
30605,3871.495372386338
29749,3882.212658887715
28893,3412.4615672467567
28037,0.0
27181,6314.598496960754
26325,6963.897448166038
25469,6963.897448166038
24613,6963.897448166038
23757,6963.897448166038
22901,3412.4615672467567
22045,0.0
21189,3871.495372386338
20333,3871.495372386338
19477,3871.495372386338
18621,3871.495372386338
17765,4164.272054406326
16909,3657.2698356749006
16053,0.0
15197,7845.586392332577
14341,8395.87207367686
13485,9319.645673767078
12629,6963.897448166038
11773,6963.897448166038
10917,3484.1143393690554
10061,0.0
9205,3882.3507003069335
8349,3882.3507003069335
7493,3827.316553417814
6637,3827.316553417814
5781,3882.212658887715
4925,3412.4615672467567
4069,0.0
3213,6442.849595636404
2357,6963.897448166038
1501,6963.897448166038
645,6963.897448166038
40878,4847.08382035047
40022,0.0
39166,9542.15056585491
38310,7228.848605757517
37454,6548.888528284985
36598,6548.888528284985
35742,6548.888528284985
34886,4585.414464444971
34030,0.0
33174,5887.280868196477
32318,5621.832997811982
31462,5601.386590489735
30606,5601.386590489735
29750,5643.485735730796
28894,4586.38311460707
28038,0.0
27182,9502.105312345042
26326,7228.848605757517
25470,6548.888528284985
24614,6548.888528284985
23758,6548.888528284985
22902,4589.364140248095
22046,0.0
21190,5853.207539226315
20334,5612.875544004389
19478,5593.930044540162
18622,5615.583808553042
17766,5702.983675972998
16910,4729.931806846986
16054,0.0
15198,9528.968404116215
14342,7282.802814447966
13486,7591.129631049858
12630,6806.623268775361
11774,6548.888528284985
10918,4631.2097779373125
10062,0.0
9206,6001.787031898677
8350,5737.7615028464115
7494,5631.166024634904
6638,5631.166024634904
5782,5660.227513062463
4926,4593.953288122228
4070,0.0
3214,9420.42375112555
2358,7228.848605757517
1502,6548.888528284985
646,6548.888528284985
40879,11979.501743138038
40023,0.0
39167,20947.421809666434
38311,15927.638964004678
37455,15894.80234980195
36599,15894.80234980195
35743,15960.703671511737
34887,11255.623266948855
34031,0.0
33175,10277.081847814703
32319,10231.30584617012
31463,10217.484528300565
30607,10238.171727406147
29751,11122.337920694321
28895,0.0
28039,0.0
27183,20027.02103706896
26327,15900.801053968113
25471,15845.16487904187
24615,15845.16487904187
23759,15911.066200751658
22903,11089.291245572349
22047,0.0
21191,10180.391023279177
20335,10076.831127475538
19479,10094.521615059713
18623,10257.738513143928
17767,11507.3765059303
16911,11477.503396406491
16055,0.0
15199,19370.441378773212
14343,13370.349420337656
13487,13525.301437054079
12631,15894.80234980195
11775,15960.703671511737
10919,11575.833681979371
10063,0.0
9207,10335.501584991169
8351,10287.189106961945
7495,10234.57161945321
6639,10289.90805398309
5783,11096.584661918783
4927,11189.527167928938
4071,0.0
3215,20840.157081975303
2359,15927.638964004678
1503,15894.80234980195
647,15885.211965186567
40880,2453.913434195603
40024,0.0
39168,7261.833744545501
38312,6601.374226392381
37456,6092.1957994467675
36600,6079.7456406814445
35744,6079.7456406814445
34888,2377.84281638024
34032,0.0
33176,3537.393095026852
32320,3532.7781278693615
31464,3532.7781278693615
30608,3537.8405699284663
29752,3563.6572962941364
28896,2377.84281638024
28040,0.0
27184,7275.0024662649585
26328,6588.924067627058
25472,6079.7456406814445
24616,6079.7456406814445
23760,6079.7456406814445
22904,2377.84281638024
22048,0.0
21192,3532.7781278693615
20336,3532.7781278693615
19480,3532.7781278693615
18624,3546.8245125385297
17768,3619.6698685432775
16912,2404.1731600278827
16056,0.0
15200,8143.9834981407175
14344,6579.234782476822
13488,6403.120985057408
12632,6270.312376415875
11776,6092.1957994467675
10920,2388.6930526496844
10064,0.0
9208,3579.1116656591507
8352,3579.1116656591507
7496,3537.393095026852
6640,3542.4555370859566
5784,3563.6572962941364
4928,2377.84281638024
4072,0.0
3216,7362.186479314451
2360,6588.924067627058
1504,6079.7456406814445
648,6079.7456406814445
40881,5050.05612758451
40025,0.0
39169,7849.1541182858155
38313,7380.12006735209
37457,7030.074672672578
36601,7030.074672672578
35745,7030.074672672578
34889,4998.873468275734
34033,0.0
33177,3926.071465890331
32321,3912.962301785676
31465,3923.9921480941784
30609,3949.488477459258
29753,5008.961968808061
28897,4998.873468275734
28041,0.0
27185,7843.978294109992
26329,7380.12006735209
25473,7030.074672672578
24617,7030.074672672578
23761,7030.074672672578
22905,4998.873468275734
22049,0.0
21193,3958.466886164502
20337,3958.466886164502
19481,3973.38930823058
18625,3973.38930823058
17769,5115.690405183575
16913,5122.534743249651
16057,0.0
15201,8074.948718496437
14345,7369.111437868541
13489,7273.231139487224
12633,7154.677032270087
11777,7030.074672672578
10921,5018.97232358709
10065,0.0
9209,3926.071465890331
8353,3926.071465890331
7497,3930.2022212897427
6641,3930.2022212897427
5785,5008.961968808061
4929,4998.873468275734
4073,0.0
3217,7931.144310729269
2361,7380.12006735209
1505,7030.074672672578
649,7030.074672672578
40882,6578.223004821112
40026,0.0
39170,10731.158282854598
38314,9480.196227919414
37458,8904.219043967252
36602,8904.219043967252
35746,9015.996823575178
34890,6262.642847594116
34034,0.0
33178,6303.580030868174
32322,6302.056527470127
31466,6302.056527470127
30610,6302.056527470127
29754,6302.056527470127
28898,6253.848317380891
28042,0.0
27186,10185.781370245339
26330,9487.746465316424
25474,8904.219043967252
24618,8904.219043967252
23762,9000.48324476381
22906,6253.848317380891
22050,0.0
21194,6302.056527470127
20338,6302.056527470127
19482,6302.056527470127
18626,6302.056527470127
17770,6598.24470199441
16914,6479.188051573427
16058,0.0
15202,11425.189397578979
14346,9287.682170885539
13490,9478.641269228956
12634,8904.219043967252
11778,9015.996823575178
10922,6262.642847594116
10066,0.0
9210,6310.851057683352
8354,6310.851057683352
7498,6303.580030868174
6642,6303.580030868174
5786,6302.056527470127
4930,6253.848317380891
4074,0.0
3218,10460.165738355214
2362,9487.746465316424
1506,8904.219043967252
650,8904.219043967252
40883,8029.539479069336
40027,0.0
39171,9427.539729414159
38315,7965.900265973
37459,7225.739023362411
36603,6991.31306749379
35747,6974.650326083153
34891,7312.225086098754
34035,0.0
33179,5598.264068789541
32323,5583.330602040772
31467,5551.994220187773
30611,5551.994220187773
29755,5688.049131219252
28899,7312.225086098754
28043,0.0
27187,8680.110969697715
26331,7451.919684640791
25475,6832.408933687987
24619,6772.696898026074
23763,6786.856844504698
22907,7302.851813741031
22051,0.0
21195,5551.994220187773
20339,5551.994220187773
19483,5551.994220187773
18627,5551.994220187773
17771,6345.988853491705
16915,7637.987216622712
16059,0.0
15203,8993.30775721479
14347,8337.98280775665
13491,8223.501903566597
12635,7512.346826501123
11779,7296.703230140558
10923,7307.819640209301
10067,0.0
9211,5726.36878270305
8355,5692.767143426371
7499,5590.5445024363535
6643,5590.5445024363535
5787,5699.9488240756245
4931,7277.569850899717
4075,0.0
3219,8718.662774347315
2363,7345.6022989709045
1507,6737.112349347818
651,6732.334277728044
40884,5904.502970782912
40028,0.0
39172,9625.520693717746
38316,7869.042342603478
37460,7854.963494132988
36604,7832.810970717021
35748,7834.500327656377
34892,5416.479093240815
34036,0.0
33180,5987.671414635679
32324,5889.071964106214
31468,5852.873629156019
30612,5852.873629156019
29756,5856.151347160989
28900,5390.195297100388
28044,0.0
27188,9470.269994597262
26332,7855.1386280310135
25476,7817.966941033307
24620,7769.298407608831
23764,7659.854066305114
22908,5390.195297100388
22052,0.0
21196,5971.413998999178
20340,5870.444809711573
19484,5852.873629156019
18628,5914.7739547585215
17772,6068.819148418478
16916,5702.496211537357
16060,0.0
15204,10152.123613767715
14348,8256.058297135229
13492,8274.839914888233
12636,7638.8456981454965
11780,7668.32474201829
10924,5465.8843562086895
10068,0.0
9212,6045.091128554861
8356,5944.350736622849
7500,5899.551924764772
6644,5891.567877230396
5788,5881.5605611641095
4932,5385.696820909912
4076,0.0
3220,9403.262597414596
2364,7828.225058409319
1508,7647.710999959784
652,7603.135322961288
40885,8187.450871850112
40029,0.0
39173,9835.694715993537
38317,7068.436959198996
37461,7068.436959198996
36605,7068.436959198996
35749,7068.436959198996
34893,6442.761753985616
34037,0.0
33181,6432.666293442026
32325,6405.163420018103
31469,6405.163420018103
30613,6405.163420018103
29757,6405.163420018103
28901,6405.163420018103
28045,0.0
27189,9592.921655211238
26333,7068.436959198996
25477,7068.436959198996
24621,7068.436959198996
23765,7068.436959198996
22909,6405.163420018103
22053,0.0
21197,6405.163420018103
20341,6405.163420018103
19485,6405.163420018103
18629,6405.163420018103
17773,6536.646779644337
16917,7127.318681293117
16061,0.0
15205,10659.552911145203
14349,9052.872807466652
13493,9765.574621372416
12637,7068.436959198996
11781,7068.436959198996
10925,6567.685412555212
10069,0.0
9213,6450.808085605526
8357,6450.808085605526
7501,6432.666293442026
6645,6432.666293442026
5789,6405.163420018103
4933,6405.163420018103
4077,0.0
3221,9638.67750465377
2365,7068.436959198996
1509,7068.436959198996
653,7068.436959198996
40886,5450.258541086821
40030,0.0
39174,9151.289862971762
38318,6665.768755488226
37462,6655.959818045603
36606,6561.746321656169
35750,6561.746321656169
34894,5150.014096908188
34038,0.0
33182,4817.453452947025
32326,4806.900675169247
31470,4806.595405933576
30614,4806.595405933576
29758,5104.564453950204
28902,5123.572379001025
28046,0.0
27190,8616.492195175764
26334,6567.653748385329
25478,6561.746321656169
24622,6561.746321656169
23766,6561.746321656169
22910,5104.617965995888
22054,0.0
21198,4817.816949375514
20342,4817.816949375514
19486,4823.887319745885
18630,4823.887319745885
17774,5538.219226467122
16918,5673.108252844495
16062,0.0
15206,11435.643154918038
14350,7086.506656201009
13494,7051.602011042754
12638,6818.990725134889
11782,6650.098477465892
10926,5409.362288084197
10070,0.0
9214,4886.016661830445
8358,4874.3918755056575
7502,4838.851440725712
6646,4821.663340165071
5790,5110.860607796357
4934,5133.293359170281
4078,0.0
3222,9111.707671412058
2366,6567.653748385329
1510,6561.746321656169
654,6561.746321656169
40887,4657.827857878524
40031,0.0
39175,8645.577944963648
38319,7793.799361314823
37463,7805.983069334732
36607,7317.221591100076
35751,7317.221591100076
34895,4648.880009893176
34039,0.0
33183,4698.883463310675
32327,4671.2952993772915
31471,4671.2952993772915
30615,4671.2952993772915
29759,4733.015888900344
28903,0.0
28047,0.0
27191,9171.959511031457
26335,7225.742824914291
25479,7239.879682868312
24623,7239.879682868312
23767,7253.468224534979
22911,5646.52957682201
22055,0.0
21199,5066.274446439192
20343,5066.274446439192
19487,5066.274446439192
18631,5066.274446439192
17775,5643.338797885453
16919,5693.914076366214
16063,0.0
15207,13573.356787730434
14351,7821.750671763776
13495,8105.406241012831
12639,7810.250289358355
11783,7503.174067596618
10927,5624.465924524427
10071,0.0
9215,5066.274446439192
8359,5066.274446439192
7503,5066.274446439192
6647,5066.274446439192
5791,5562.393189002096
4935,5624.465924524427
4079,0.0
3223,9942.016641224498
2367,6620.103094917502
1511,6610.795058505174
655,6610.795058505174
40888,3287.1292522202757
40032,0.0
39176,6990.029674396636
38320,5697.808594650387
37464,5386.23453819721
36608,5386.23453819721
35752,5399.732312745013
34896,3164.4975449714743
34040,0.0
33184,3927.9704296747145
32328,3924.8585836867446
31472,3924.8585836867446
30616,3929.0251405059053
29760,3940.6491850131333
28904,3029.4614332911183
28048,0.0
27192,6945.175703654735
26336,5675.859364065064
25480,5386.23453819721
24624,5386.23453819721
23768,5399.732312745013
22912,3039.993517628468
22056,0.0
21200,3924.8585836867446
20344,3924.8585836867446
19488,3924.8585836867446
18632,3946.233893917411
17776,4003.2525681184543
16920,3074.946881821058
16064,0.0
15208,7892.784450007372
14352,5809.774254757771
13496,6044.540036790031
12640,5666.279079808188
11784,5399.732312745013
10928,3212.2908127851565
10072,0.0
9216,3933.7885357353207
8360,3933.7885357353207
7504,3927.9704296747145
6648,3932.136986493875
5792,3940.6491850131333
4936,3039.886402080132
4080,0.0
3224,6959.399332248364
2368,5675.859364065064
1512,5386.23453819721
656,5386.23453819721
40889,8032.25538896156
40033,0.0
39177,10698.807542505032
38321,8041.72620722895
37465,7532.243367786139
36609,7532.243367786139
35753,7532.243367786139
34897,7873.762903941207
34041,0.0
33185,6949.3217632035075
32329,6949.3217632035075
31473,6949.3217632035075
30617,6949.3217632035075
29761,6953.624695321978
28905,7764.399870748871
28049,0.0
27193,10698.807542505032
26337,8041.72620722895
25481,7532.243367786139
24625,7532.243367786139
23769,7532.243367786139
22913,7787.7730436267175
22057,0.0
21201,6949.3217632035075
20345,6949.3217632035075
19489,6949.3217632035075
18633,6949.3217632035075
17777,6953.624695321978
16921,7802.390918022852
16065,0.0
15209,10773.162715039776
14353,8087.594580365969
13497,8679.837892481833
12641,7905.3207130219835
11785,7532.243367786139
10929,7923.7990734939385
10073,0.0
9217,6949.3217632035075
8361,6949.3217632035075
7505,6949.3217632035075
6649,6949.3217632035075
5793,6953.624695321978
4937,7764.399870748871
4081,0.0
3225,10673.954453926943
2369,8041.72620722895
1513,7532.243367786139
657,7532.243367786139
40890,4561.104342886437
40034,0.0
39178,8627.93656888716
38322,7113.086306049258
37466,6537.609972921413
36610,6537.609972921413
35754,6537.609972921413
34898,4561.104342886437
34042,0.0
33186,5777.375494802267
32330,5652.556585215196
31474,5652.556585215196
30618,5652.556585215196
29762,5670.062752994746
28906,4561.104342886437
28050,0.0
27194,8523.389668143727
26338,7113.086306049258
25482,6537.609972921413
24626,6537.609972921413
23770,6537.609972921413
22914,4561.104342886437
22058,0.0
21202,5777.375494802267
20346,5652.556585215196
19490,5652.556585215196
18634,5652.556585215196
17778,5670.062752994746
16922,4561.104342886437
16066,0.0
15210,9116.500485488452
14354,7140.748086875314
13498,6890.939888696299
12642,6670.275659580936
11786,6537.609972921413
10930,4561.104342886437
10074,0.0
9218,5777.375494802267
8362,5652.556585215196
7506,5652.556585215196
6650,5652.556585215196
5794,5670.062752994746
4938,4561.104342886437
4082,0.0
3226,8541.818075701081
2370,7113.086306049258
1514,6537.609972921413
658,6537.609972921413
40891,5392.438843259578
40035,0.0
39179,10026.934059982108
38323,7405.068528085363
37467,7087.152552930304
36611,7087.152552930304
35755,7087.152552930304
34899,5392.438843259578
34043,0.0
33187,5997.524822257244
32331,5997.524822257244
31475,5997.524822257244
30619,5997.524822257244
29763,5985.671893819061
28907,5392.438843259578
28051,0.0
27195,9997.195319391272
26339,7405.068528085363
25483,7087.152552930304
24627,7087.152552930304
23771,7087.152552930304
22915,5392.438843259578
22059,0.0
21203,5997.524822257244
20347,5997.524822257244
19491,5997.524822257244
18635,5997.524822257244
17779,5985.671893819061
16923,5392.438843259578
16067,0.0
15211,10029.175266437618
14355,7511.123784730234
13499,8359.61503691193
12643,7473.42138974313
11787,7087.152552930304
10931,5392.438843259578
10075,0.0
9219,6021.34656691639
8363,6021.34656691639
7507,6021.34656691639
6651,6021.34656691639
5795,6009.493638478207
4939,5392.438843259578
4083,0.0
3227,9954.503329453442
2371,7405.068528085363
1515,7087.152552930304
659,7087.152552930304
40892,10270.371889920554
40036,0.0
39180,8510.270021140934
38324,6873.7702073901
37468,6828.452850151345
36612,6677.032938698289
35756,6709.6881371109885
34900,10037.698092113422
34044,0.0
33188,6870.716995286362
32332,6839.650540405038
31476,6832.973357865355
30620,6780.838520670385
29764,8122.183342222405
28908,9756.541715064546
28052,0.0
27196,7996.748930885245
26340,6682.940365427449
25484,6677.032938698289
24628,6659.459979761091
23772,6709.6881371109885
22916,9741.712370513824
22060,0.0
21204,6843.69207484131
20348,6830.7146351115
19492,6889.038885486389
18636,6853.678939876442
17780,8293.79023654325
16924,9904.43389197577
16068,0.0
15212,9037.560579531335
14356,7440.94785817856
13500,7436.498841636525
12644,7456.732342422747
11788,6892.727979073638
10932,10117.240471722305
10076,0.0
9220,6769.048408146829
8364,6741.733468417018
7508,6741.733468417018
6652,6653.180904961954
5796,7985.346201540077
4940,9609.168490415048
4084,0.0
3228,8293.208681015474
2372,6719.361022241695
1516,6713.453595512537
660,6632.10577805222
40893,3444.0267545881384
40037,0.0
39181,7636.082676837901
38325,6600.071071910996
37469,6555.507987133161
36613,6420.9124108287315
35757,6420.9124108287315
34901,3221.9153518117187
34045,0.0
33189,5213.4019930055465
32333,5171.876226715332
31477,5171.876226715332
30621,5188.331070020175
29765,5268.566575974513
28909,0.0
28053,0.0
27197,6928.732546327295
26341,6404.973238391833
25485,6405.18631856517
24629,6405.18631856517
23773,6405.18631856517
22917,3883.523527037819
22061,0.0
21205,4807.808027431462
20349,4754.135364302473
19493,4748.764412885469
18637,4766.511120223581
17781,4969.875970847643
16925,3906.4416813050984
16069,0.0
15213,10673.902854165226
14357,6891.087096870003
13501,7001.689820469708
12645,6883.467071160194
11789,6633.553167369512
10933,3887.620402037819
10077,0.0
9221,4850.2883778973655
8365,4796.615714768375
7509,4791.244763351371
6653,4791.244763351371
5797,4858.735631906616
4941,3887.620402037819
4085,0.0
3229,7415.110039710281
2373,6393.552575184073
1517,6393.76565535741
661,6393.76565535741
40894,10680.078060094125
40038,0.0
39182,10380.671188622016
38326,7893.14298603812
37470,7382.1980715994705
36614,7382.1980715994705
35758,7382.1980715994705
34902,10288.28326202027
34046,0.0
33190,8608.011953627207
32334,8576.625842516096
31478,8504.669216499835
30622,8482.846272776891
29766,10356.29631184642
28910,0.0
28054,0.0
27198,11743.95260510673
26342,8392.612607186662
25486,8010.277440132562
24630,8010.277440132562
23774,8010.277440132562
22918,7737.441772084498
22062,0.0
21206,6465.843683632451
20350,6465.843683632451
19494,6465.843683632451
18638,6465.843683632451
17782,7308.21971644637
16926,7815.321408239502
16070,0.0
15214,11987.71889858258
14358,8479.672862982707
13502,9204.797694380182
12646,8298.493517424158
11790,8010.277440132562
10934,7737.441772084498
10078,0.0
9222,6551.660022785655
8366,6531.759717029412
7510,6465.843683632451
6654,6465.843683632451
5798,7262.289329151481
4942,7737.441772084498
4086,0.0
3230,11801.417928591725
2374,8392.612607186662
1518,8010.277440132562
662,8010.277440132562
40895,7661.169448420192
40039,0.0
39183,9409.501876000279
38327,6995.573085753381
37471,6995.573085753381
36615,6995.573085753381
35759,6995.573085753381
34903,5906.38596278925
34047,0.0
33191,5896.290502245658
32335,5868.787628821736
31479,5868.787628821736
30623,5868.787628821736
29767,5868.787628821736
28911,5868.787628821736
28055,0.0
27199,9234.677627407993
26343,6995.573085753381
25487,6995.573085753381
24631,6995.573085753381
23775,6995.573085753381
22919,5868.787628821736
22063,0.0
21207,5868.787628821736
20351,5868.787628821736
19495,5868.787628821736
18639,5868.787628821736
17783,6055.853218403765
16927,6502.226793563226
16071,0.0
15215,10027.484146807767
14359,9008.682522671328
13503,9606.500153133327
12647,6995.573085753381
11791,6995.573085753381
10935,6051.343371358845
10079,0.0
9223,5914.432294409158
8367,5914.432294409158
7511,5896.290502245658
6655,5896.290502245658
5799,5868.787628821736
4943,5868.787628821736
4087,0.0
3231,9360.970419690822
2375,6995.573085753381
1519,6995.573085753381
663,6995.573085753381
40896,3067.9336036314767
40040,0.0
39184,7666.842586768186
38328,6652.491018709814
37472,6622.190833280193
36616,6440.4373037042515
35760,6440.4373037042515
34904,3033.3298403325116
34048,0.0
33192,3670.2765590599743
32336,3650.105126170861
31480,3652.7953047422893
30624,3639.7896102978443
29768,3328.0762764733695
28912,3006.3058490306043
28056,0.0
27200,8098.944278888739
26344,6470.903355264157
25488,6447.04957222277
24632,6440.4373037042515
23776,6440.4373037042515
22920,3006.3058490306043
22064,0.0
21208,3557.0873147318966
20352,3549.583723723125
19496,3549.583723723125
18640,3541.6556483262993
17784,3350.3425580155235
16928,3006.3058490306043
16072,0.0
15216,11970.09831589585
14360,7143.136992843608
13504,7207.581772501321
12648,7044.879741281639
11792,6743.72030982735
10936,3047.8225303909917
10080,0.0
9224,3684.874912097321
8368,3677.3713210885494
7512,3683.0242811825156
6656,3654.844892654377
5800,3328.0762764733695
4944,3006.3058490306043
4088,0.0
3232,7819.704242631465
2376,6482.05400110855
1520,6458.200218067163
664,6451.587949548644
40897,7141.909687759977
40041,0.0
39185,10823.0077954961
38329,8750.374080507865
37473,8750.374080507865
36617,8750.374080507865
35761,8750.374080507865
34905,6766.7854446426645
34049,0.0
33193,6878.786833531793
32337,6858.7816604059535
31481,6858.7816604059535
30625,6858.7816604059535
29769,6938.565829726478
28913,6752.747574773709
28057,0.0
27201,10625.273847220049
26345,8750.374080507865
25489,8750.374080507865
24633,8750.374080507865
23777,8750.374080507865
22921,6752.747574773709
22065,0.0
21209,6858.7816604059535
20353,6858.7816604059535
19497,6858.7816604059535
18641,6870.296135906299
17785,7086.500238007246
16929,6372.549690989936
16073,0.0
15217,14024.26137944436
14361,9278.304839420445
13505,9205.804425489541
12649,8795.59670740788
11793,8795.59670740788
10937,6799.106944642665
10081,0.0
9225,6890.1663194902785
8369,6890.1663194902785
7513,6896.501516071475
6657,6878.786833531793
5801,6938.565829726478
4945,6752.747574773709
4089,0.0
3233,10657.100924223862
2377,8795.59670740788
1521,8795.59670740788
665,8795.59670740788
40898,6701.19252612519
40042,2140.1834112844936
39186,9706.46084160563
38330,7105.847744705834
37474,7105.847744705834
36618,7105.847744705834
35762,7105.847744705834
34906,6014.186410506072
34050,2127.3226656704587
33194,6004.090949962482
32338,5951.35531164887
31482,5951.35531164887
30626,5951.35531164887
29770,5951.35531164887
28914,5951.35531164887
28058,2102.4753354081276
27202,9383.557534132286
26346,7105.847744705834
25490,7105.847744705834
24634,7105.847744705834
23778,7105.847744705834
22922,5951.35531164887
22066,2075.1553132312306
21210,5951.35531164887
20354,5951.35531164887
19498,5951.35531164887
18642,5951.35531164887
17786,6211.759415717157
16930,5543.148616403827
16074,2092.0665737531162
15218,9881.36050289205
14362,8973.515424517414
13506,9709.86674584806
12650,7105.847744705834
11794,7105.847744705834
10938,6147.419779887621
10082,2042.6073985423623
9226,6022.2327421259815
8370,6022.2327421259815
7514,6004.090949962482
6658,6004.090949962482
5802,5951.35531164887
4946,5951.35531164887
4090,2029.8383607283245
3234,9604.450051153723
2378,7105.847744705834
1522,7105.847744705834
666,7105.847744705834
40899,5353.790557532131
40043,0.0
39187,6837.183862190892
38331,5801.286159099859
37475,5612.893880875198
36619,5612.893880875198
35763,5612.893880875198
34907,5182.217770316923
34051,0.0
33195,6328.056218737449
32339,6181.103650768104
31483,6151.384499584913
30627,6160.545429072092
29771,6088.313871994775
28915,5099.178042875283
28059,0.0
27203,6811.24074693736
26347,5801.286159099859
25491,5612.893880875198
24635,5612.893880875198
23779,5612.893880875198
22923,5113.048872475633
22067,0.0
21211,6250.161632257602
20355,6187.85682413069
19499,6175.177824798794
18643,6210.741053838272
17787,6440.237593198559
16931,5260.528136078109
16075,0.0
15219,7441.658801254823
14363,5918.670427587713
13507,6310.404874597067
12651,5891.673317124425
11795,5612.893880875198
10939,5211.518934366238
10083,0.0
9227,6399.1495822745055
8371,6325.617165820312
7515,6260.460559986225
6659,6260.688722379387
5803,6115.03701378692
4947,5091.578263025503
4091,0.0
3235,6896.182371470543
2379,5801.286159099859
1523,5612.893880875198
667,5612.893880875198
40900,9718.611426142637
40044,0.0
39188,9923.5594076337
38332,7966.235025931052
37476,7966.235025931052
36620,7966.235025931052
35764,7966.235025931052
34908,8106.9280177947885
34052,0.0
33196,6193.415710177874
32340,6166.6119973399145
31484,6166.6119973399145
30628,6188.278937156443
29772,7225.1256784780035
28916,8115.258488079751
28060,0.0
27204,9548.957200895002
26348,7966.235025931052
25492,7966.235025931052
24636,7966.235025931052
23780,7966.235025931052
22924,8132.300988079752
22068,0.0
21212,6166.001416328185
20356,6170.480709257477
19500,6170.480709257477
18644,6177.416537962895
17788,7460.297385072626
16932,8375.546433066935
16076,0.0
15220,11002.97593116829
14364,9440.343502515887
13508,9906.113707164275
12652,7966.235025931052
11796,7966.235025931052
10940,8474.762005305021
10084,0.0
9228,6208.707568063066
8372,6213.186860992359
7516,6200.4824493769665
6660,6197.895003107167
5804,7225.1256784780035
4948,8115.258488079751
4092,0.0
3236,9776.619983839513
2380,7966.235025931052
1524,7966.235025931052
668,7966.235025931052
40901,6337.767889263213
40045,0.0
39189,9182.53250578299
38333,7606.561110168719
37477,7563.34267146085
36621,7452.970227680385
35765,7452.970227680385
34909,6104.524682160099
34053,0.0
33197,5347.339539392049
32341,5337.879853826717
31485,5337.879853826717
30629,5337.879853826717
29773,6165.828256036609
28917,6090.402455773292
28061,0.0
27205,8937.994743265397
26349,7457.206020342205
25493,7452.970227680385
24637,7452.970227680385
23781,7452.970227680385
22925,6090.402455773292
22069,0.0
21213,5347.339539392049
20357,5337.879853826717
19501,5337.879853826717
18645,5337.879853826717
17789,6228.527657907493
16933,6153.101857644176
16077,0.0
15221,8595.66486115736
14365,7608.489505653052
13509,7862.952204744567
12653,7757.172133070071
11797,7662.162995569574
10941,6178.525090561914
10085,0.0
9229,5339.994062665322
8373,5330.534377099992
7517,5330.534377099992
6661,5330.534377099992
5805,6080.450893051888
4949,6005.02509278857
4093,0.0
3237,9216.371851718062
2381,7477.262751111437
1525,7473.026958449615
669,7473.026958449615
40902,7209.031720415208
40046,1986.2417030621596
39190,7808.443930264373
38334,6963.897448166038
37478,6963.897448166038
36622,6963.897448166038
35766,6963.897448166038
34910,5269.500773951681
34054,1955.9542487492943
33198,5212.00106563844
32342,5159.265427324828
31486,5159.265427324828
30630,5159.265427324828
29774,5206.669675094478
28918,5206.669675094478
28062,1921.755515283686
27206,7470.027733479538
26350,6963.897448166038
25494,6963.897448166038
24638,6963.897448166038
23782,6963.897448166038
22926,5206.669675094478
22070,1917.0044361891692
21214,5159.265427324828
20358,5159.265427324828
19502,5159.265427324828
18646,5159.265427324828
17790,5492.5419996585115
16934,5612.975867238067
16078,1943.0643475047052
15222,8576.337374115588
14366,8328.65390382174
13510,9250.962507681837
12654,6963.897448166038
11798,6963.897448166038
10942,5435.620896618773
10086,1909.1371789240172
9230,5221.916565483046
8374,5221.916565483046
7518,5212.00106563844
6662,5212.00106563844
5806,5206.669675094478
4950,5206.669675094478
4094,1867.5106584628752
3238,7713.7396692272505
2382,6963.897448166038
1526,6963.897448166038
670,6963.897448166038
40903,8825.75143829252
40047,0.0
39191,9016.4323687912
38335,6873.742237999449
37479,6787.710666957136
36623,6708.417717313618
35767,6708.417717313618
34911,8693.320226830529
34055,0.0
33199,6511.830436574671
32343,6422.538359938778
31487,6422.538359938778
30631,6422.538359938778
29775,8318.066382696676
28919,8631.196402738165
28063,0.0
27207,8508.311146900003
26351,6689.511522247905
25495,6683.604095518747
24639,6683.604095518747
23783,6683.604095518747
22927,8614.682540558679
22071,0.0
21215,6511.830436574671
20359,6461.515286770464
19503,6461.515286770464
18647,6461.515286770464
17791,8665.654545898107
16935,8727.16428875461
16079,0.0
15223,12191.109892268507
14367,7177.948204164266
13511,7440.799350068597
12655,7134.587399674365
11799,6819.245228375383
10943,9064.138761059514
10087,0.0
9231,6558.531959619847
8375,6491.842004747413
7519,6475.972045899677
6663,6461.515286770464
5807,8314.485206797688
4951,8885.809684528484
4095,0.0
3239,8925.829258968768
2383,6689.511522247905
1527,6683.604095518747
671,6683.604095518747
40904,8044.215856024411
40048,0.0
39192,8890.051431367008
38336,7017.958250630498
37480,7017.958250630498
36624,7017.958250630498
35768,7017.958250630498
34912,5668.859380142899
34056,0.0
33200,5542.1599168443
32344,5514.657043420378
31488,5514.657043420378
30632,5514.657043420378
29776,5514.657043420378
28920,5631.261046175386
28064,0.0
27208,8580.113046607092
26352,7017.958250630498
25496,7017.958250630498
24640,7017.958250630498
23784,7017.958250630498
22928,5631.261046175386
22072,0.0
21216,5514.657043420378
20360,5514.657043420378
19504,5514.657043420378
18648,5514.657043420378
17792,5680.917863422942
16936,6559.14320695073
16080,0.0
15224,9814.77232581616
14368,9138.167684282354
13512,9729.251278455115
12656,7017.958250630498
11800,7017.958250630498
10944,5833.486137425376
10088,0.0
9232,5560.3017090078
8376,5560.3017090078
7520,5542.1599168443
6664,5542.1599168443
5808,5514.657043420378
4952,5631.261046175386
4096,0.0
3240,8822.343297574884
2384,7017.958250630498
1528,7017.958250630498
672,7017.958250630498
40905,8122.727666296992
40049,0.0
39193,10844.165999256968
38337,8795.78037706552
37481,8737.195355420625
36625,8728.724449019364
35769,8756.531934187255
34913,7360.29540346711
34057,0.0
33201,6737.689179231731
32345,6625.91360858917
31489,6627.496540556954
30633,6647.919938359979
29777,7941.574254040408
28921,7360.29540346711
28065,0.0
27209,10523.95788802002
26353,8702.864399011836
25497,8717.779781996573
24641,8717.779781996573
23785,8736.236639113875
22929,7351.396580985416
22073,0.0
21217,6669.773681445474
20361,6646.573328555986
19505,6704.2360672016985
18649,6743.145907667025
17793,8766.266118646261
16937,7441.879126056307
16081,0.0
15225,15272.919442254872
14369,8971.191328022984
13513,9152.079573368123
12657,9094.632527601596
11801,8780.130732753718
10945,7427.634853372371
10089,0.0
9233,6880.258695994199
8377,6750.7434151374155
7521,6655.124148215337
6665,6668.897546018362
5809,7899.652906321348
4953,7360.29540346711
4097,0.0
3241,10805.575126210611
2385,8702.24210750294
1529,8717.157490487676
673,8706.212823464884
40906,4511.033820051394
40050,0.0
39194,7111.154895435011
38338,6464.062010252446
37482,5943.141734903377
36626,5943.141734903377
35770,5943.141734903377
34914,4499.911273814835
34058,0.0
33202,4199.92248718585
32346,4199.92248718585
31490,4199.92248718585
30634,4199.92248718585
29778,4202.346198592532
28922,4499.911273814835
28066,0.0
27210,7037.00739091409
26354,6464.062010252446
25498,5943.141734903377
24642,5943.141734903377
23786,5943.141734903377
22930,4499.911273814835
22074,0.0
21218,4199.92248718585
20362,4199.92248718585
19506,4199.92248718585
18650,4199.92248718585
17794,4202.346198592532
16938,4499.911273814835
16082,0.0
15226,7098.22707116413
14370,6547.005037917942
13514,7259.038659807611
12658,6288.826303262636
11802,5943.141734903377
10946,4499.911273814835
10090,0.0
9234,4199.92248718585
8378,4199.92248718585
7522,4199.92248718585
6666,4199.92248718585
5810,4202.346198592532
4954,4499.911273814835
4098,0.0
3242,7063.773713415119
2386,6464.062010252446
1530,5943.141734903377
674,5943.141734903377
40907,4522.945125592596
40051,0.0
39195,7962.7892596887805
38339,6108.338729597988
37483,6060.325035655817
36627,5941.4681211461075
35771,5941.4681211461075
34915,4250.336362844144
34059,0.0
33203,4506.7250790395965
32347,4469.646706474303
31491,4446.929740909662
30635,4421.442289929269
29779,4673.943726190306
28923,4241.432156494938
28067,0.0
27211,7985.6453585307145
26355,5985.367262930699
25499,5941.4681211461075
24643,5941.4681211461075
23787,5941.4681211461075
22931,4245.814526208557
22075,0.0
21219,4453.081165302937
20363,4455.746667218646
19507,4465.715556107535
18651,4480.819722774202
17795,4913.618784272248
16939,4337.723599291906
16083,0.0
15227,9969.305996926552
14371,6381.85127151031
13515,6454.507876916725
12659,6411.5902572470495
11803,6051.8011431868845
10947,4285.071518678726
10091,0.0
9235,4554.965047161556
8379,4548.982215743931
7523,4520.530687307287
6667,4527.529897205915
5811,4817.185787173093
4955,4265.280573111947
4099,0.0
3243,7845.049371586005
2387,5985.367262930699
1531,5941.4681211461075
675,5941.4681211461075
40908,7054.213255899621
40052,0.0
39196,8722.662059745173
38340,7391.868087927093
37484,7391.868087927093
36628,7391.868087927093
35772,7391.868087927093
34916,6010.321072371007
34060,0.0
33204,6126.942749532026
32348,6121.159536063701
31492,6121.159536063701
30636,6121.159536063701
29780,6121.159536063701
28924,5934.631773227282
28068,0.0
27212,8343.025295312043
26356,7391.868087927093
25500,7391.868087927093
24644,7391.868087927093
23788,7391.868087927093
22932,5934.631773227282
22076,0.0
21220,6121.159536063701
20364,6121.159536063701
19508,6121.159536063701
18652,6121.159536063701
17796,6305.207538689934
16940,5827.7707958785995
16084,0.0
15228,9753.852409663084
14372,9024.602967738876
13516,9809.946022751905
12660,7391.868087927093
11804,7391.868087927093
10948,6123.520691752556
10092,0.0
9236,6145.084541695525
8380,6145.084541695525
7524,6126.942749532026
6668,6126.942749532026
5812,6121.159536063701
4956,5934.631773227282
4100,0.0
3244,8196.324792024543
2388,7391.868087927093
1532,7391.868087927093
676,7391.868087927093
40909,3417.1180049762816
40053,0.0
39197,8754.141264145623
38341,7110.995821036921
37485,7025.517954774348
36629,7025.364906391077
35773,7025.364906391077
34917,3407.7051577540597
34061,0.0
33205,3452.3429332145306
32349,3452.3429332145306
31493,3452.3429332145306
30637,3468.222041940302
29781,3598.0620032890365
28925,0.0
28069,0.0
27213,9605.972045425362
26357,7089.802536709407
25501,7058.186176245538
24645,7058.186176245538
23789,7058.186176245538
22933,3323.5837575266255
22077,0.0
21221,3463.159599881197
20365,3463.159599881197
19509,3463.159599881197
18653,3468.222041940302
17797,3644.290793026637
16941,3327.295151466019
16085,0.0
15229,9626.997054246134
14373,7198.321400359048
13517,7407.552656101891
12661,7196.699057391436
11805,7070.400283454685
10949,3384.046477198504
10093,0.0
9237,3471.705736927524
8381,3471.705736927524
7525,3452.3429332145306
6669,3457.4053752736354
5813,3580.526915569738
4957,0.0
4101,0.0
3245,0.0
2389,0.0
1533,0.0
677,0.0
40910,7566.801652647183
40054,0.0
39198,10207.678141409
38342,7966.235025931052
37486,7966.235025931052
36630,7966.235025931052
35774,7966.235025931052
34918,6398.199599720561
34062,0.0
33206,6388.10413917697
32350,6360.601265753048
31494,6360.601265753048
30638,6360.601265753048
29782,6360.601265753048
28926,6360.601265753048
28070,0.0
27214,10001.617266912584
26358,7966.235025931052
25502,7966.235025931052
24646,7966.235025931052
23790,7966.235025931052
22934,6360.601265753048
22078,0.0
21222,6360.601265753048
20366,6360.601265753048
19510,6360.601265753048
18654,6360.601265753048
17798,6497.7119662304995
16942,6179.654658901161
16086,0.0
15230,11228.462502252052
14374,9434.121835511802
13518,9960.084639890463
12662,7966.235025931052
11806,7966.235025931052
10950,6490.236505004615
10094,0.0
9238,6406.245931340471
8382,6406.245931340471
7526,6388.10413917697
6670,6388.10413917697
5814,6360.601265753048
4958,6360.601265753048
4102,0.0
3246,10014.250246308548
2390,7966.235025931052
1534,7966.235025931052
678,7966.235025931052
40911,3119.1598095838867
40055,0.0
39199,7389.62116785389
38343,7215.205835546458
37487,8116.905147975688
36631,7750.696031061931
35775,7615.11567033031
34919,2523.5468485100378
34063,0.0
33207,3586.101558626545
32351,3568.607621069192
31495,3547.1770991060744
30639,3534.2330833770748
29783,3565.2113842535423
28927,2496.3886020609175
28071,0.0
27215,6800.002896767514
26359,6794.768958091581
25503,7853.688867111235
24647,7434.424073903927
23791,7408.405329797699
22935,2388.7141972468803
22079,0.0
21223,3418.1036598242945
20367,3412.374191225261
19511,3448.0712678256946
18655,3543.864078161116
17799,3768.1353943500203
16943,2802.4684785855475
16087,0.0
15231,7094.70434444366
14375,7175.7195651491975
13519,8105.162902099589
12663,7818.699151500972
11807,7599.215321743982
10951,2508.8843148977408
10095,0.0
9239,3603.8519122098287
8383,3517.245465751541
7527,3503.1408198934864
6671,3510.63918119045
5815,3503.6373975257625
4959,2439.8864146451892
4103,0.0
3247,6881.460006094188
2391,6967.24144426304
1535,7918.498780040889
679,7458.766051234028
40912,6566.0791043170075
40056,0.0
39200,8467.320151865344
38344,7229.5288639123155
37488,7221.938808218932
36632,6712.022874092504
35776,6613.395672515244
34920,6143.402208616027
34064,0.0
33208,5811.431785160622
32352,5633.045580629169
31496,5592.580009200896
30640,5641.476459169772
29784,5986.639487503233
28928,6043.478445376913
28072,0.0
27216,7985.345701621513
26360,6991.699518103038
25504,6620.696766641316
24648,6589.202576422932
23792,6623.045590887364
22936,6024.3932138954315
22080,0.0
21224,5716.867662733844
20368,5664.187625420209
19512,5687.166658466443
18656,5685.519899207183
17800,6244.290028433712
16944,6288.817302715716
16088,0.0
15232,8586.392755515404
14376,7482.533913432454
13520,7661.172269139225
12664,7558.641695851646
11808,7287.791629868055
10952,6549.979329230793
10096,0.0
9240,6160.376202827673
8384,5928.230224414288
7528,5857.5520459341415
6672,5825.15904620248
5816,6190.128069769224
4960,6248.2925831984585
4104,0.0
3248,7958.7264210812655
2392,7067.131482515137
1536,6603.19687044346
680,6605.55185730287
40913,4116.30371262118
40057,0.0
39201,7142.201465152175
38345,6477.640321552415
37489,5956.720046203347
36633,5956.720046203347
35777,5956.720046203347
34921,4116.30371262118
34065,0.0
33209,4483.981546861326
32353,4462.79908251839
31497,4462.79908251839
30641,4462.79908251839
29785,4487.651083341952
28929,4116.30371262118
28073,0.0
27217,7101.319168625172
26361,6477.640321552415
25505,5956.720046203347
24649,5956.720046203347
23793,5956.720046203347
22937,4116.30371262118
22081,0.0
21225,4471.03030289674
20369,4457.049444662281
19513,4457.049444662281
18657,4457.049444662281
17801,4487.651083341952
16945,4116.30371262118
16089,0.0
15233,7155.814554342584
14377,6560.58334921791
13521,7155.987274976302
12665,6175.533070344916
11809,5956.720046203347
10953,4116.30371262118
10097,0.0
9241,4483.981546861326
8385,4470.0006886268675
7529,4470.0006886268675
6673,4470.0006886268675
5817,4493.40072119806
4961,4116.30371262118
4105,0.0
3249,7128.0854911262
2393,6477.640321552415
1537,5956.720046203347
681,5956.720046203347
40914,8026.282455092521
40058,0.0
39202,9609.411536083593
38346,7036.289897537335
37490,7036.289897537335
36634,7036.289897537335
35778,7036.289897537335
34922,5668.859380142899
34066,0.0
33210,5542.1599168443
32354,5514.657043420378
31498,5514.657043420378
30642,5514.657043420378
29786,5514.657043420378
28930,0.0
28074,0.0
27218,9601.525465431985
26362,7036.289897537335
25506,7036.289897537335
24650,7036.289897537335
23794,7036.289897537335
22938,5631.261046175386
22082,0.0
21226,5514.657043420378
20370,5514.657043420378
19514,5514.657043420378
18658,5514.657043420378
17802,5677.235964393574
16946,6360.290297459726
16090,0.0
15234,10617.886849385175
14378,9222.956440772814
13522,9796.687965150182
12666,7036.289897537335
11810,7036.289897537335
10954,5885.105367772324
10098,0.0
9242,5560.3017090078
8386,5560.3017090078
7530,5542.1599168443
6674,5542.1599168443
5818,5514.657043420378
4962,5631.261046175386
4106,0.0
3250,9650.480957561453
2394,7036.289897537335
1538,7036.289897537335
682,7036.289897537335
40915,5514.326718422719
40059,0.0
39203,7841.654391343664
38347,6974.333024802932
37491,6699.878021203259
36635,6699.878021203259
35779,6699.878021203259
34923,5514.326718422719
34067,0.0
33211,5526.886554510648
32355,5526.886554510648
31499,5526.886554510648
30643,5526.886554510648
29787,5526.886554510648
28931,5514.326718422719
28075,0.0
27219,7817.165400048222
26363,6974.333024802932
25507,6699.878021203259
24651,6699.878021203259
23795,6699.878021203259
22939,5514.326718422719
22083,0.0
21227,5526.886554510648
20371,5526.886554510648
19515,5526.886554510648
18659,5526.886554510648
17803,5526.886554510648
16947,5563.696004747504
16091,0.0
15235,7895.772580386832
14379,7027.211173631939
13523,7599.11445920082
12667,6832.867578901822
11811,6699.878021203259
10955,5514.326718422719
10099,0.0
9243,5526.886554510648
8387,5526.886554510648
7531,5526.886554510648
6675,5526.886554510648
5819,5526.886554510648
4963,5514.326718422719
4107,0.0
3251,7817.165400048222
2395,6974.333024802932
1539,6699.878021203259
683,6699.878021203259
40916,6682.66352412732
40060,0.0
39204,9106.199067670063
38348,7017.958250630498
37492,7017.958250630498
36636,7017.958250630498
35780,7017.958250630498
34924,6059.669117729789
34068,0.0
33212,6049.573657186198
32356,6022.070783762276
31500,6022.070783762276
30644,6022.070783762276
29788,6022.070783762276
28932,6022.070783762276
28076,0.0
27220,8865.770843068498
26364,7017.958250630498
25508,7017.958250630498
24652,7017.958250630498
23796,7017.958250630498
22940,6022.070783762276
22084,0.0
21228,6022.070783762276
20372,6022.070783762276
19516,6022.070783762276
18660,6022.070783762276
17804,6207.051203836646
16948,5591.012348852486
16092,0.0
15236,10050.026080485646
14380,9401.101499873066
13524,9974.80003116333
12668,7017.958250630498
11812,7017.958250630498
10956,6172.868737111337
10100,0.0
9244,6067.715449349697
8388,6067.715449349697
7532,6049.573657186198
6676,6049.573657186198
5820,6022.070783762276
4964,6022.070783762276
4108,0.0
3252,8928.397994929832
2396,7017.958250630498
1540,7017.958250630498
684,7017.958250630498
40917,5877.977111286126
40061,0.0
39205,9721.79644754455
38349,7729.398549190013
37493,7363.4368257629685
36637,7363.4368257629685
35781,7363.4368257629685
34925,5843.150285728968
34069,0.0
33213,4482.601474801074
32357,4482.601474801074
31501,4482.601474801074
30645,4482.601474801074
29789,5475.4151344693855
28933,5843.150285728968
28077,0.0
27221,9721.79644754455
26365,7729.398549190013
25509,7363.4368257629685
24653,7363.4368257629685
23797,7363.4368257629685
22941,5843.150285728968
22085,0.0
21229,4482.601474801074
20373,4482.601474801074
19517,4482.601474801074
18661,4482.601474801074
17805,5486.036557233614
16949,5875.402402846085
16093,0.0
15237,9775.70700728468
14381,7765.828742719764
13525,7718.305048074424
12669,7549.65895085891
11813,7363.4368257629685
10957,5843.150285728968
10101,0.0
9245,4482.601474801074
8389,4482.601474801074
7533,4482.601474801074
6677,4482.601474801074
5821,5475.4151344693855
4965,5843.150285728968
4109,0.0
3253,9721.79644754455
2397,7729.398549190013
1541,7363.4368257629685
685,7363.4368257629685
40918,9674.318581349673
40062,0.0
39206,9406.071274709042
38350,7765.359470825884
37494,7731.690939229308
36638,7563.929134459283
35782,7563.929134459283
34926,8987.637406420314
34070,0.0
33214,7130.6017143078525
32358,7032.567968607366
31502,7002.7774603672815
30646,7002.7774603672815
29790,8474.260567102096
28934,8881.656351735017
28078,0.0
27222,9085.770897316712
26366,7585.857675325112
25510,7563.929134459283
24654,7563.929134459283
23798,7563.929134459283
22942,8818.07668447384
22086,0.0
21230,7088.172560657406
20374,7044.807633467067
19518,7064.783869472741
18662,7113.543284441556
17806,9110.294130531996
16950,9563.024215405596
16094,0.0
15238,9884.64796899187
14382,8062.561304753949
13526,8371.614281467151
12670,8074.031959257821
11814,7616.810925329574
10958,9263.066789160017
10102,0.0
9246,7196.340332546284
8390,7081.170463588906
7534,7047.145300425194
6678,7047.145300425194
5822,8595.47576094929
4966,8944.153594586436
4110,0.0
3254,9332.118224061287
2398,7470.434878767602
1542,7435.060760234554
686,7435.060760234554
40919,3868.038082177739
40063,0.0
39207,8486.771128186594
38351,7450.309972558064
37495,7127.054513147948
36639,7127.054513147948
35783,7127.054513147948
34927,3679.2395199313896
34071,0.0
33215,4747.135714099147
32359,4747.135714099147
31503,4747.135714099147
30647,4747.135714099147
29791,5217.57194187361
28935,0.0
28079,0.0
27223,8733.119367272242
26367,7814.835391081837
25511,7597.947606385898
24655,7597.947606385898
23799,7597.947606385898
22943,5052.270763436204
22087,0.0
21231,4747.135714099147
20375,4747.135714099147
19519,4747.135714099147
18663,4747.135714099147
17807,5480.2755696711865
16951,5052.270763436204
16095,0.0
15239,10151.623152296574
14383,7797.206550862675
13527,7793.541597029701
12671,7729.412884286353
11815,7597.947606385898
10959,5052.270763436204
10103,0.0
9247,4747.135714099147
8391,4747.135714099147
7535,4747.135714099147
6679,4747.135714099147
5823,5217.57194187361
4967,5052.270763436204
4111,0.0
3255,8691.820004325482
2399,7814.835391081837
1543,7597.947606385898
687,7597.947606385898
40920,7873.154423342842
40064,0.0
39208,9182.399736298003
38352,7477.634447301531
37496,7335.0121425337675
36640,7233.759014617371
35784,7149.258217747233
34928,7032.578943121989
34072,0.0
33216,6659.599938878831
32360,6612.723203213315
31504,6588.638462953574
30648,6588.638462953574
29792,6818.382082025645
28936,7002.706657937567
28080,0.0
27224,8808.483981346506
26368,7290.381801812588
25512,7202.045362869355
24656,7218.7769032420265
23800,7134.276106371889
22944,7002.706657937567
22088,0.0
21232,6598.316061800172
20376,6584.726193763121
19520,6584.726193763121
18664,6584.726193763121
17808,7145.413451763623
16952,7762.370435459961
16096,0.0
15240,7430.8933126282745
14384,8052.704727924711
13528,8145.897223179223
12672,7664.786510449325
11816,7490.025296014468
10960,7265.1237097834655
10104,0.0
9248,7015.362009559875
8392,6697.260212492781
7536,6659.550622107331
6680,6632.618404175113
5824,6803.172506456287
4968,7001.980393239728
4112,0.0
3256,9076.24177836192
2400,7315.58243534896
1544,7227.245996405728
688,7225.440694091699
40921,6241.966971482884
40065,0.0
39209,8467.338779281366
38353,7549.74521175083
37497,7116.059216288148
36641,6902.5397693452915
35785,6838.03622815512
34929,5899.341147585344
34073,0.0
33217,6068.171445415521
32361,6024.056905593744
31505,5993.427351599928
30649,6043.787796302285
29793,6323.898197776832
28937,0.0
28081,0.0
27225,8374.096320131272
26369,7188.464260642616
25513,6936.387166275448
24657,6776.064158891767
23801,6737.558811887196
22945,5894.780282228733
22089,0.0
21233,6147.448503522969
20377,6136.2842779337425
19521,6145.790742512179
18665,6093.923459844767
17809,6532.2664338438835
16953,6190.419331541246
16097,0.0
15241,8989.954877782058
14385,7707.986868446023
13529,7374.220681876774
12673,7046.610761993469
11817,6865.269742833925
10961,5997.658104802794
10105,0.0
9249,6367.469603460118
8393,6181.226194983679
7537,6044.137119488279
6681,5996.2367865326205
5825,6286.517881806262
4969,5898.161148199728
4113,0.0
3257,8435.968087861109
2401,7408.545681581294
1545,6933.538503603302
689,6704.787074260802
40922,7419.765132396208
40066,0.0
39210,13547.600245251337
38354,10842.674074696599
37498,10242.705028768343
36642,10103.396450272969
35786,10097.489649506686
34930,6537.069469648989
34074,0.0
33218,6648.686855569224
32362,6638.674984356036
31506,6654.416495564464
30650,6666.052143712612
29794,7361.682132368404
28938,6506.604960345933
28082,0.0
27226,13174.790145884235
26370,10556.904467475768
25514,10087.480251105091
24658,10058.690316957052
23802,10070.823667705921
22946,6495.656917696595
22090,0.0
21234,6606.333487322749
20378,6606.333487322749
19522,6636.311201608463
18666,6647.946849756611
17810,7672.4988134886635
16954,6960.429110214974
16098,0.0
15242,13184.927762067075
14386,11006.667347770623
13530,10706.881900550707
12674,10344.140375887919
11818,10320.5574239783
10962,6673.909129545734
10106,0.0
9250,6838.234899666323
8394,6702.216038455126
7538,6654.369766049734
6682,6666.005414197884
5826,7346.170936844619
4970,6525.474900822123
4114,0.0
3258,12877.02957633845
2402,10582.195307281017
1546,10114.146232905856
690,10085.356298757817
40923,7825.896324728101
40067,0.0
39211,10539.442565052466
38355,7966.235025931052
37499,7966.235025931052
36643,7966.235025931052
35787,7966.235025931052
34931,6694.375607700187
34075,0.0
33219,6684.280147156596
32363,6656.777273732674
31507,6656.777273732674
30651,6656.777273732674
29795,6656.777273732674
28939,6656.777273732674
28083,0.0
27227,10235.421454247304
26371,7966.235025931052
25515,7966.235025931052
24659,7966.235025931052
23803,7966.235025931052
22947,6656.777273732674
22091,0.0
21235,6656.777273732674
20379,6656.777273732674
19523,6656.777273732674
18667,6656.777273732674
17811,6742.168720726728
16955,6372.670100212848
16099,0.0
15243,11448.96458116831
14387,9426.502587648554
13531,10050.759715389037
12675,7966.235025931052
11819,7966.235025931052
10963,6786.41251298424
10107,0.0
9251,6702.421939320096
8395,6702.421939320096
7539,6684.280147156596
6683,6684.280147156596
5827,6656.777273732674
4971,6656.777273732674
4115,0.0
3259,10346.014669952014
2403,7966.235025931052
1547,7966.235025931052
691,7966.235025931052
40924,7694.044593388638
40068,0.0
39212,9030.737838650513
38356,7324.1501463707245
37500,7076.633816129749
36644,7074.332703143512
35788,7036.93914774007
34932,6903.270143213269
34076,0.0
33220,6481.507195045666
32364,6310.311862084586
31508,6249.132194493612
30652,6289.272883647051
29796,6385.828428921089
28940,6873.463839075439
28084,0.0
27228,8473.338731292399
26372,7050.520177415417
25516,6911.254711261996
24660,6919.154711261995
23804,6940.190385016346
22948,6928.4573196088795
22092,0.0
21236,6518.161566749577
20380,6459.58737111633
19524,6484.7598455631805
18668,6579.886568454401
17812,6725.383458254417
16956,7277.0925426439035
16100,0.0
15244,8660.509563270007
14388,8177.579641650108
13532,8169.910835282605
12676,7207.421525110725
11820,7083.0811153568875
10964,7089.35726213601
10108,0.0
9252,6683.787574439178
8396,6288.953565764372
7540,6268.264279609118
6684,6297.939979742317
5828,6490.716610389971
4972,6864.676886480932
4116,0.0
3260,8429.220807113004
2404,7042.739585727225
1548,6877.706568008377
692,6854.196105279857
40925,5237.991850839094
40069,0.0
39213,6434.609375177456
38357,6363.667047387358
37501,6330.065318160208
36645,6298.57232586434
35789,6459.326358679072
34933,5237.991850839094
34077,0.0
33221,2960.750882544928
32365,2967.8554564797655
31509,2967.8554564797655
30653,2979.698512035321
29797,5218.46593885606
28941,5237.991850839094
28085,0.0
27229,6323.267704840905
26373,6319.799996996837
25517,6315.332615701632
24661,6298.57232586434
23805,6459.326358679072
22949,5237.991850839094
22093,0.0
21237,2922.8422621435902
20381,2922.8422621435902
19525,2922.8422621435902
18669,2968.9659800923087
17813,5218.46593885606
16957,5237.991850839094
16101,0.0
15245,9425.022855523177
14389,6689.033564880644
13533,6805.292870282925
12677,6806.923519121983
11821,6517.036965574161
10965,5237.991850839094
10109,0.0
9253,2959.9541726467082
8397,2959.9541726467082
7541,2870.0788183731634
6685,2870.0788183731634
5829,5218.46593885606
4973,5237.991850839094
4117,0.0
3261,6285.024511323104
2405,6312.9537777272835
1549,6308.486396432079
693,6293.539650945174
40926,3982.7474700367607
40070,0.0
39214,8121.435133788673
38358,6346.889897903135
37502,6252.090065802259
36646,6165.455695979952
35790,6191.657440523824
34934,3829.266661047461
34078,0.0
33222,4740.99271652054
32366,4715.291698928942
31510,4715.291698928942
30654,4715.291698928942
29798,4995.891442851102
28942,0.0
28086,0.0
27230,7462.614708310544
26374,6159.7670807556915
25518,6159.980160929029
24662,6159.980160929029
23806,6181.085923330043
22950,5268.591872547544
22094,0.0
21238,4704.115931385083
20382,4704.115931385083
19526,4704.115931385083
18670,4740.349684533549
17814,5283.182201173347
16958,5316.6376707867585
16102,0.0
15246,10379.064068824668
14390,6578.004270434573
13534,6623.333283716818
12678,6500.234124199963
11822,6269.1809602837475
10966,5360.076479004226
10110,0.0
9254,4740.99271652054
8398,4740.99271652054
7542,4740.99271652054
6686,4740.99271652054
5830,4995.891442851102
4974,5343.089476035517
4118,0.0
3262,7850.198413972017
2406,6151.176390196251
1550,6151.389470369588
694,6151.389470369588
40927,7120.0044764532
40071,0.0
39215,10095.44036342678
38359,7945.381090700435
37503,7945.381090700435
36647,7945.381090700435
35791,7945.381090700435
34935,6051.378633155041
34079,0.0
33223,6088.360972762808
32367,6035.625334449197
31511,6035.625334449197
30655,6035.625334449197
29799,6035.625334449197
28943,5988.54753429784
28087,0.0
27231,9818.199713584494
26375,7945.381090700435
25519,7945.381090700435
24663,7945.381090700435
23807,7945.381090700435
22951,5988.54753429784
22095,0.0
21239,6035.625334449197
20383,6035.625334449197
19527,6035.625334449197
18671,6035.625334449197
17815,6253.237883259197
16959,5507.074522079294
16103,0.0
15247,10615.149712965429
14391,9429.154620841337
13535,10013.579213065432
12679,7945.381090700435
11823,7945.381090700435
10967,6111.9214908200465
10111,0.0
9255,6098.276472607415
8399,6098.276472607415
7543,6088.360972762808
6687,6088.360972762808
5831,6035.625334449197
4975,5988.54753429784
4119,0.0
3263,9980.63107401132
2407,7945.381090700435
1551,7945.381090700435
695,7945.381090700435
40928,5502.225880836997
40072,0.0
39216,7824.189928601279
38360,6438.383634777481
37504,6142.394201662579
36648,5668.028976273824
35792,5665.907835617454
34936,5195.960749984054
34080,0.0
33224,7894.983964128559
32368,7553.753628563408
31512,7414.538034003863
30656,7447.54529906294
29800,7536.958259768848
28944,0.0
28088,0.0
27232,6144.4269513446525
26376,5584.238276825024
25520,5378.650635296182
24664,4950.79278406012
23808,5006.977457307438
22952,5588.699042159967
22096,0.0
21240,7198.240628370639
20384,6976.584672174058
19528,6835.293276107243
18672,6903.53928941386
17816,7430.787516304327
16960,5730.201927031686
16104,0.0
15248,9141.605551391158
14392,5874.181016173703
13536,5844.689102921151
12680,5390.7582404986915
11824,5328.641876992095
10968,5662.189278130288
10112,0.0
9256,8078.450021895576
8400,7871.331721700401
7544,7441.529028973965
6688,7442.223917326352
5832,7701.624599927832
4976,5572.676411321171
4120,0.0
3264,6404.312486563376
2408,5924.60248733282
1552,5609.954567738593
696,5005.688802211692
40929,10743.573424817068
40073,0.0
39217,10089.579516895881
38361,7015.435962306717
37505,7015.435962306717
36649,7015.435962306717
35793,7015.435962306717
34937,9890.753084714182
34081,0.0
33225,9289.54608749025
32369,9070.330884301171
31513,9070.330884301171
30657,9070.330884301171
29801,9653.789911641989
28945,0.0
28089,0.0
27233,10164.38848648592
26377,7015.435962306717
25521,7015.435962306717
24665,7015.435962306717
23809,7015.435962306717
22953,9653.789911641989
22097,0.0
21241,9106.262710352104
20385,9090.72232203011
19529,9090.72232203011
18673,9090.72232203011
17817,9528.047249660185
16961,9151.127186519725
16105,0.0
15249,11057.595220322679
14393,9219.459528323669
13537,9884.934245487548
12681,7015.435962306717
11825,7015.435962306717
10969,9950.822024330428
10113,0.0
9257,9203.4610684042
8401,9187.920680082205
7545,9210.058329168776
6689,9210.058329168776
5833,9653.789911641989
4977,9653.789911641989
4121,0.0
3265,10131.517144886833
2409,7015.435962306717
1553,7015.435962306717
697,7015.435962306717
40930,6858.251463068854
40074,0.0
39218,10047.100532026461
38362,6813.863658196721
37506,6784.439285191464
36650,6784.439285191464
35794,6784.439285191464
34938,6788.316204369819
34082,0.0
33226,6107.784137013248
32370,6056.005310384574
31514,6056.005310384574
30658,6056.005310384574
29802,6894.498109837159
28946,0.0
28090,0.0
27234,9327.094638672008
26378,6798.567527173788
25522,6773.865773216148
24666,6773.865773216148
23810,6807.376025741401
22954,6672.944410534538
22098,0.0
21242,5687.722763181056
20386,5651.633684070113
19530,5651.633684070113
18674,5651.633684070113
17818,6692.8448501177
16962,6760.6663837782335
16106,0.0
15250,11600.15566488436
14394,8356.388212738788
13538,8457.486231194043
12682,6721.010625670174
11826,6721.010625670174
10970,6727.883787907589
10114,0.0
9258,5699.562747022128
8402,5663.473667911186
7546,5651.633684070113
6690,5651.633684070113
5834,6683.70957232928
4978,6727.883787907589
4122,0.0
3266,9195.98364376299
2410,6709.0518329630495
1554,6658.460128006799
698,6658.460128006799
40931,6575.752141501677
40075,0.0
39219,10348.916978013322
38363,8534.286237821985
37507,7947.454057277287
36651,7915.128612120591
35795,7896.93155818854
34939,6078.357494085048
34083,0.0
33227,6040.793683710104
32371,5996.772310230948
31515,5966.081539386211
30659,6005.537575411732
29803,6006.728683819125
28947,6021.617230625849
28091,0.0
27235,10159.179547573389
26379,8464.423610261494
25523,7896.93155818854
24667,7896.93155818854
23811,7896.93155818854
22955,6004.70916184278
22099,0.0
21243,5975.094130663392
20387,6001.413882191469
19531,6019.869854896972
18675,6027.622401193269
17819,6206.926209619442
16963,6281.932398325025
16107,0.0
15251,10245.029697169164
14395,8630.792504348372
13539,8017.011355549703
12683,7964.120911333724
11827,7964.120911333724
10971,6420.951475319863
10115,0.0
9259,6214.220392244944
8403,6083.597018226435
7547,6012.885593503303
6691,5978.888437025609
5835,6063.834182737333
4979,6078.722729544056
4123,0.0
3267,10333.92358834968
2411,8506.793195948876
1555,7939.301143875924
699,7926.23680510212
40932,9977.891712618724
40076,0.0
39220,13653.074528110637
38364,10696.915134023926
37508,10280.351142781115
36652,10209.753850089512
35796,10191.481773861648
34940,9062.192418427925
34084,0.0
33228,8892.323837073993
32372,8734.975450986212
31516,8714.636897271343
30660,8723.440121477692
29804,8953.873095485345
28948,8975.244852286469
28092,0.0
27236,12953.657659296616
26380,10238.543997101502
25524,10119.837476546729
24668,10118.721278884766
23812,10100.97183444032
22956,8955.593457472884
22100,0.0
21244,8784.686542276313
20388,8669.541936715494
19532,8669.541936715494
18676,8675.025160921841
17820,9211.349554335762
16964,9384.951957183737
16108,0.0
15252,12825.462305460995
14396,10989.79143507722
13540,11078.365443086974
12684,10716.258150844782
11828,10512.014440127577
10972,9399.990795616464
10116,0.0
9260,9037.241779605001
8404,8912.00064619401
7548,8774.937609748384
6692,8765.837923555779
5836,8995.757134355488
4980,9025.066184361425
4124,0.0
3268,12952.845348690555
2412,10380.780526340937
1556,10259.604665508388
700,10149.186392629977
40933,7533.666843988344
40077,0.0
39221,8454.900645837324
38365,8056.312558082166
37509,7744.221517329029
36653,7669.008906118902
35797,7609.715883347704
34941,7344.228790745288
34085,0.0
33229,6229.193706051574
32373,6227.176204813704
31517,5983.775516474266
30661,6319.726126628003
29805,6781.439495411996
28949,6973.826607798879
28093,0.0
27237,7707.488027661656
26381,7495.475358418928
25525,7300.913864726801
24669,7322.55610078595
23813,7405.6762146803385
22957,6905.013904483674
22101,0.0
21245,6008.590411089454
20389,6021.739982362409
19533,5929.650669559198
18677,6308.4918924131425
17821,6914.62339877715
16965,7471.4471613121295
16109,0.0
15253,7783.523168230508
14397,8527.326348469975
13541,8508.417593629669
12685,8003.341387425205
11829,7864.688444557784
10973,7459.128076459574
10117,0.0
9261,6212.7532384173555
8405,6199.45905113405
7549,6047.188157768158
6693,6398.241646108522
5837,6806.32326449014
4981,6966.902545587941
4125,0.0
3269,7879.49270712435
2413,7505.433806123701
1557,7323.151915765268
701,7318.175401824416
40934,5157.43879217342
40078,0.0
39222,7530.50712085515
38366,6864.138311016129
37510,6286.693614029776
36654,6286.693614029776
35798,6286.693614029776
34942,5157.43879217342
34086,0.0
33230,5660.919126326831
32374,5660.919126326831
31518,5660.919126326831
30662,5660.919126326831
29806,5662.864298163589
28950,5157.43879217342
28094,0.0
27238,7530.50712085515
26382,6864.138311016129
25526,6286.693614029776
24670,6286.693614029776
23814,6286.693614029776
22958,5157.43879217342
22102,0.0
21246,5660.919126326831
20390,5660.919126326831
19534,5660.919126326831
18678,5660.919126326831
17822,5662.864298163589
16966,5157.43879217342
16110,0.0
15254,8445.556678257826
14398,6868.1820249193415
13542,6583.9174928278335
12686,6467.859802603108
11830,6286.693614029776
10974,5157.43879217342
10118,0.0
9262,5660.919126326831
8406,5660.919126326831
7550,5660.919126326831
6694,5660.919126326831
5838,5662.864298163589
4982,5157.43879217342
4126,0.0
3270,7530.50712085515
2414,6864.138311016129
1558,6286.693614029776
702,6286.693614029776
40935,10306.649443109543
40079,0.0
39223,14603.24325441915
38367,13259.019263610455
37511,12944.955258543934
36655,12859.14294397654
35799,12859.14294397654
34943,0.0
34087,0.0
33231,9801.640525227891
32375,9765.382478089845
31519,9765.382478089845
30663,9824.32342538329
29807,9979.20285929375
28951,0.0
28095,0.0
27239,14947.265123004257
26383,12539.521305752138
25527,12390.994914542513
24671,12295.87992489745
23815,12269.678471409077
22959,10099.825362070213
22103,0.0
21247,9807.876189933559
20391,9807.876189933559
19535,9807.876189933559
18679,9797.195078822446
17823,10005.067295847935
16967,10100.87225911272
16111,0.0
15255,13218.887896559461
14399,9760.94623442952
13543,10017.140394124455
12687,13025.228163956466
11831,13025.228163956466
10975,9879.116192126861
10119,0.0
9263,9641.864801215792
8407,9463.125121243595
7551,9346.787012269237
6695,9182.718724445947
5839,9254.901413454712
4983,9420.299840423011
4127,0.0
3271,15671.973112824895
2415,13099.470125873011
1559,12022.487159524151
703,11774.287841233523
40936,8076.302716267562
40080,0.0
39224,12711.353311606767
38368,7017.958250630498
37512,7017.958250630498
36656,7017.958250630498
35800,7017.958250630498
34944,8142.600175763418
34088,0.0
33232,8223.831582577546
32376,8099.376336617993
31520,8099.376336617993
30664,8099.376336617993
29808,8099.376336617993
28952,8041.737359709805
28096,0.0
27240,12109.186480115453
26384,7017.958250630498
25528,7017.958250630498
24672,7017.958250630498
23816,7017.958250630498
22960,8029.942496129012
22104,0.0
21248,8091.869701575653
20392,8061.517697865079
19536,8083.690344923902
18680,8095.104851332525
17824,8045.26513296458
16968,7368.451137219649
16112,0.0
15256,12020.472049775137
14400,9059.485023762425
13544,9733.05068513685
12688,7017.958250630498
11832,7017.958250630498
10976,8255.799795144967
10120,0.0
9264,8204.076106352593
8408,8182.221709119392
7552,8218.045986074863
6696,8201.977185344345
5840,8099.376336617993
4984,8067.801134881927
4128,0.0
3272,12340.17256848557
2416,7017.958250630498
1560,7017.958250630498
704,7017.958250630498
40937,7833.555993227767
40081,0.0
39225,9400.841230895192
38369,7966.235025931052
37513,7966.235025931052
36657,7966.235025931052
35801,7966.235025931052
34945,5661.832873856996
34089,0.0
33233,5417.636610608186
32377,5390.5027863301975
31521,5390.5027863301975
30665,5390.5027863301975
29809,5579.4245455070195
28953,5618.42218721441
28097,0.0
27241,8950.511352721449
26385,7966.235025931052
25529,7966.235025931052
24673,7966.235025931052
23817,7966.235025931052
22961,5618.42218721441
22105,0.0
21249,5390.5027863301975
20393,5390.5027863301975
19537,5390.5027863301975
18681,5390.5027863301975
17825,5812.098957522596
16969,6464.1444970758685
16113,0.0
15257,10138.78739295108
14401,9049.384468685103
13545,9801.757713733015
12689,7966.235025931052
11833,7966.235025931052
10977,5806.79028242659
10121,0.0
9265,5441.959804592693
8409,5441.959804592693
7553,5417.636610608186
6697,5417.636610608186
5841,5579.4245455070195
4985,5618.42218721441
4129,0.0
3273,9247.940511365297
2417,7966.235025931052
1561,7966.235025931052
705,7966.235025931052
40938,7439.19565639499
40082,0.0
39226,12068.0056569663
38370,11269.90016157378
37514,9327.285555981285
36658,9143.34833121663
35802,9091.121760941227
34946,7336.643565540456
34090,0.0
33234,6650.326059132616
32378,6650.326059132616
31522,6650.326059132616
30666,6650.326059132616
29810,7065.68278245865
28954,7336.643565540456
28098,0.0
27242,11787.441819667072
26386,10823.331764701796
25530,8849.84499706976
24674,8686.31824211991
23818,8634.951274365443
22962,7336.643565540456
22106,0.0
21250,6630.000397887848
20394,6630.000397887848
19538,6630.000397887848
18682,6630.000397887848
17826,7205.334580091222
16970,7554.124501008069
16114,0.0
15258,11837.655543246501
14402,11272.173211695257
13546,10178.032842212415
12690,9605.663072415948
11834,9156.702303130916
10978,7339.1110562120975
10122,0.0
9266,6779.767326377698
8410,6697.093876736367
7554,6632.798904450197
6698,6632.798904450197
5842,7053.443607861578
4986,7336.643565540456
4130,0.0
3274,11659.62008947881
2418,11010.347916994953
1562,8853.730168180562
706,8701.676033613741
40939,6301.046368018483
40083,0.0
39227,10751.368218448613
38371,8735.008683603262
37515,8595.124283470119
36659,8616.076802271818
35803,8661.314659414675
34947,6301.046368018483
34091,0.0
33235,7054.41113699739
32379,7054.310635878139
31523,6437.6659054249385
30667,6771.385464749578
29811,6597.80238763624
28955,6301.046368018483
28099,0.0
27243,10461.937063216119
26387,8700.811438162342
25531,8594.64204989622
24675,8594.64204989622
23819,8639.879907039076
22963,6289.839161761786
22107,0.0
21251,6214.0975979180885
20395,6265.517935820924
19539,6128.4928672952965
18683,6354.025549261394
17827,7054.474056894719
16971,7625.71680502569
16115,0.0
15259,11181.034880434117
14403,8776.033867655255
13547,9038.08397476012
12691,8754.432002732054
11835,8521.193487361443
10979,7632.432823690458
10123,0.0
9267,6479.517066605762
8411,6398.335937179633
7555,6089.699673929257
6699,6209.034990938638
5843,6813.082718730012
4987,7426.568455349477
4131,0.0
3275,10563.645928145159
2419,8652.616984391878
1563,8570.627820246471
707,8570.627820246471
40940,7794.035779862511
40084,0.0
39228,7909.113669385694
38372,7304.386305501142
37516,7133.233409842286
36660,6956.699158009101
35804,7001.877100153723
34948,7707.830373232981
34092,0.0
33236,5407.553471257004
32380,5334.501222623489
31524,5340.240680848209
30668,5360.308679585583
29812,6811.539646784573
28956,0.0
28100,0.0
27244,7890.628135176231
26388,6840.845700135163
25532,6819.762314510255
24676,6819.762314510255
23820,7046.646120815511
22964,8110.724568306055
22108,0.0
21252,5053.3849595191
20396,5037.43036018451
19540,5057.370109763635
18684,5077.721359763635
17828,6905.605933212339
16972,8210.839866597667
16116,0.0
15260,12451.574203914412
14404,7280.896565314058
13548,7393.131115938277
12692,7222.982100239507
11836,6938.86627492537
10980,8158.842590191576
10124,0.0
9268,5112.30770081525
8412,5096.35310148066
7556,5095.883317389749
6700,5108.584813890431
5844,6511.214211219052
4988,8039.62010432622
4132,0.0
3276,7721.8203008725095
2420,6702.567723582895
1564,6681.484337957987
708,6681.484337957987
40941,6532.641463039114
40085,0.0
39229,8295.088188276255
38373,8009.77157443439
37517,7461.157493198086
36661,7351.491283120053
35805,7350.711667735438
34949,5934.438253421754
34093,0.0
33237,5504.8861007574005
32381,5370.54698232898
31525,5010.109262286078
30669,4991.3939845083
29813,5273.6219928105265
28957,5829.133241751421
28101,0.0
27245,7792.490056377904
26389,7829.288908800366
25533,7297.254037376813
24677,7298.362378850008
23821,7354.976555229184
22965,5740.387005518854
22109,0.0
21253,5090.140817876925
20397,5075.216239584614
19541,5019.848312629464
18685,5001.133034851688
17829,5405.179666674806
16973,6505.552518684332
16117,0.0
15261,8129.868693941794
14405,8068.844549889366
13549,7768.568777734529
12693,7559.56882107818
11837,7505.587019199293
10981,6130.480826283804
10125,0.0
9269,5823.401094623156
8413,5173.128818741254
7557,5069.02033971549
6701,5042.867307202099
5845,5311.419944845074
4989,5829.133241751421
4133,0.0
3277,7949.234573108736
2421,7820.510543415749
1565,7297.254037376813
709,7274.3683044059335
40942,5103.469099570056
40086,0.0
39230,9471.014677841395
38374,7555.147667342865
37518,7103.838153190824
36662,7103.838153190824
35806,7103.838153190824
34950,5084.375510967782
34094,0.0
33238,5876.134965693282
32382,5876.134965693282
31526,5876.134965693282
30670,5876.134965693282
29814,5923.770964469172
28958,5084.375510967782
28102,0.0
27246,9471.014677841395
26390,7555.147667342865
25534,7103.838153190824
24678,7103.838153190824
23822,7103.838153190824
22966,5084.375510967782
22110,0.0
21254,5876.134965693282
20398,5876.134965693282
19542,5876.134965693282
18686,5876.134965693282
17830,5923.770964469172
16974,5084.375510967782
16118,0.0
15262,9595.777870944401
14406,7693.272208853194
13550,8236.036857214105
12694,7516.829349857572
11838,7103.838153190824
10982,5084.375510967782
10126,0.0
9270,5876.134965693282
8414,5876.134965693282
7558,5876.134965693282
6702,5876.134965693282
5846,5923.770964469172
4990,5084.375510967782
4134,0.0
3278,9471.014677841395
2422,7555.147667342865
1566,7103.838153190824
710,7103.838153190824
40943,2503.542024229343
40087,0.0
39231,8080.9499550780765
38375,7309.940565014908
37519,6659.095412113705
36663,6659.095412113705
35807,6659.095412113705
34951,0.0
34095,0.0
33239,5741.7641155402625
32383,5741.7641155402625
31527,5741.7641155402625
30671,5741.7641155402625
29815,5743.70928737702
28959,0.0
28103,0.0
27247,8666.044841146282
26391,7277.93911217932
25535,6593.724739453927
24679,6593.724739453927
23823,6593.724739453927
22967,4369.296970148763
22111,0.0
21255,5707.229700469724
20399,5707.229700469724
19543,5707.229700469724
18687,5707.229700469724
17831,5709.174872306482
16975,4386.371553439352
16119,0.0
15263,10421.764913486933
14407,7281.982826082531
13551,6830.5541631000415
12695,6723.274750990456
11839,6593.724739453927
10983,4369.296970148763
10127,0.0
9271,5707.229700469724
8415,5707.229700469724
7559,5707.229700469724
6703,5707.229700469724
5847,5709.174872306482
4991,4369.296970148763
4135,0.0
3279,8674.752633354075
2423,7277.93911217932
1567,6593.724739453927
711,6593.724739453927
40944,4197.482916765661
40088,0.0
39232,7776.012931695707
38376,7093.850312162354
37520,6982.00579490222
36664,6948.461811073339
35808,6979.372455331042
34952,4197.482916765661
34096,0.0
33240,4540.454316288768
32384,4506.143928621187
31528,4506.143928621187
30672,4506.143928621187
29816,4503.928622345623
28960,0.0
28104,0.0
27248,7431.120753692134
26392,6875.064079179183
25536,6786.9562972684635
24680,6786.9562972684635
23824,6817.866941526167
22968,4190.662043749789
22112,0.0
21256,4540.454316288768
20400,4512.58925336673
19544,4512.58925336673
18688,4512.58925336673
17832,4593.726489780847
16976,4264.8795068732
16120,0.0
15264,10060.988891619802
14408,6938.831395420453
13552,6974.512470772829
12696,6891.993494565134
11840,6674.424772781728
10984,4197.482916765661
10128,0.0
9272,4540.454316288768
8416,4512.58925336673
7560,4512.58925336673
6704,4512.58925336673
5848,4503.928622345623
4992,4184.216719004246
4136,0.0
3280,7508.997224856847
2424,6890.188730614629
1568,6815.8587636840675
712,6815.8587636840675
40945,7767.119465810082
40089,0.0
39233,8924.923456890732
38377,7297.424285029671
37521,6916.8826883864185
36665,6916.8826883864185
35809,6916.8826883864185
34953,7641.4865372562135
34097,0.0
33241,5115.921742940334
32385,5115.921742940334
31529,5115.921742940334
30673,5115.921742940334
29817,6605.741765209022
28961,7641.4865372562135
28105,0.0
27249,8895.947662696326
26393,7297.424285029671
25537,6916.8826883864185
24681,6916.8826883864185
23825,6916.8826883864185
22969,7635.718018737694
22113,0.0
21257,5115.921742940334
20401,5115.921742940334
19545,5115.921742940334
18689,5115.921742940334
17833,6642.0481916589815
16977,7791.748424853631
16121,0.0
15265,8998.096513663158
14409,7322.349109160302
13553,7814.468429327011
12697,7087.072705182916
11841,6916.8826883864185
10985,7641.4865372562135
10129,0.0
9273,5115.921742940334
8417,5115.921742940334
7561,5115.921742940334
6705,5115.921742940334
5849,6605.741765209022
4993,7641.4865372562135
4137,0.0
3281,8895.947662696326
2425,7297.424285029671
1569,6916.8826883864185
713,6916.8826883864185
40946,3655.9035560908274
40090,0.0
39234,7876.701719233176
38378,6694.586724013792
37522,6597.671596341648
36666,6538.223143137834
35810,6538.223143137834
34954,3655.9035560908274
34098,0.0
33242,4086.5435687732524
32386,4070.148562285889
31530,4066.8924583103394
30674,4104.576562776751
29818,4173.66186435578
28962,3655.9035560908274
28106,0.0
27250,8121.052683893542
26394,6585.587232769422
25538,6525.735078907498
24682,6525.735078907498
23826,6525.735078907498
22970,3655.9035560908274
22114,0.0
21258,4085.175108655206
20402,4068.7801021678415
19546,4062.5866564006456
18690,4108.777517623815
17834,4225.900545009717
16978,3663.2209791677506
16122,0.0
15266,9052.327132033504
14410,6872.090010429807
13554,6949.77630746555
12698,6819.328191419199
11842,6589.312217372864
10986,3655.9035560908274
10130,0.0
9274,4093.699046730477
8418,4077.304040243113
7562,4071.110594475917
6706,4108.794698942329
5850,4182.185802431052
4994,3655.9035560908274
4138,0.0
3282,7954.291563981982
2426,6585.587232769422
1570,6525.735078907498
714,6525.735078907498
40947,8247.459401176713
40091,0.0
39235,8183.197200467223
38379,7488.582594292269
37523,7477.060136428123
36667,7220.165112407117
35811,7261.191323849183
34955,7702.4131563365045
34099,0.0
33243,5667.077065531078
32387,5667.077065531078
31531,5650.1787321977445
30675,5635.825786494605
29819,6147.120787084807
28963,7614.101606763385
28107,0.0
27251,7825.408138993982
26395,7337.2526858410265
25539,7415.267807733118
24683,7066.922688403367
23827,7083.186798935551
22971,7620.000983475101
22115,0.0
21259,5652.724119827939
20403,5652.724119827939
19547,5635.825786494605
18691,5635.825786494605
17835,6157.604211993233
16979,7740.2944475255445
16123,0.0
15267,9107.750343796435
14411,7786.127658203052
13555,8016.687627438191
12699,7609.854507237702
11843,7515.275358147885
10987,8202.633323224984
10131,0.0
9275,5716.556665895691
8419,5686.99215812367
7563,5670.093824790337
6707,5650.1787321977445
5851,6160.646845285865
4995,7614.101606763385
4139,0.0
3283,8101.5764272732
2427,7427.956218113004
1571,7504.298387905449
715,7121.210231138409
40948,6267.412828964
40092,0.0
39236,9947.077436535777
38380,8144.312448535997
37524,8144.312448535997
36668,8144.312448535997
35812,8144.312448535997
34956,5646.987408497532
34100,0.0
33244,5458.146341036297
32388,5437.761581257629
31532,5437.761581257629
30676,5437.761581257629
29820,5629.992866716364
28964,5629.992866716364
28108,0.0
27252,9825.685920070156
26396,8144.312448535997
25540,8144.312448535997
24684,8144.312448535997
23828,8144.312448535997
22972,5629.992866716364
22116,0.0
21260,5437.761581257629
20404,5437.761581257629
19548,5437.761581257629
18692,5437.761581257629
17836,5969.210095831358
16980,6335.620484018679
16124,0.0
15268,13952.061259268805
14412,8923.627560611361
13556,9188.68082051497
12700,8144.312448535997
11844,8144.312448535997
10988,5646.987408497532
10132,0.0
9276,5454.756123038796
8420,5454.756123038796
7564,5458.146341036297
6708,5458.146341036297
5852,5629.992866716364
4996,5629.992866716364
4140,0.0
3284,9848.678485120157
2428,8144.312448535997
1572,8144.312448535997
716,8144.312448535997
40949,5496.9045688772585
40093,0.0
39237,9738.610987778935
38381,7467.038280377097
37525,6789.070600089379
36669,6789.070600089379
35813,6789.070600089379
34957,5436.423249474706
34101,0.0
33245,5426.889927470347
32389,5319.9379580562845
31533,5319.9379580562845
30677,5319.9379580562845
29821,5319.9379580562845
28965,5312.292984948848
28109,0.0
27253,9489.07854105906
26397,7439.404409803227
25541,6789.070600089379
24685,6789.070600089379
23829,6789.070600089379
22973,5303.460989418584
22117,0.0
21261,5303.460989418584
20405,5303.460989418584
19549,5303.460989418584
18693,5318.296086959919
17837,5387.117579840402
16981,5549.515642392575
16125,0.0
15269,9745.811180805951
14413,7512.589913087099
13557,7857.348540141888
12701,7121.747228714336
11845,6789.070600089379
10989,5452.790926242382
10133,0.0
9277,5452.790926242382
8421,5436.423249474706
7565,5436.423249474706
6709,5426.889927470347
5853,5319.9379580562845
4997,5319.9379580562845
4141,0.0
3285,9507.38183165735
2429,7439.404409803227
1573,6789.070600089379
717,6789.070600089379
40950,7234.986547680777
40094,0.0
39238,10152.814369054695
38382,7520.120088102058
37526,7508.827615165889
36670,7315.687579235879
35814,7315.687579235879
34958,7023.414880590868
34102,0.0
33246,5485.75549604423
32390,5485.75549604423
31534,5485.75549604423
30678,5485.75549604423
29822,6496.267392233107
28966,7023.414880590868
28110,0.0
27254,9794.158411964188
26398,7391.5321944209745
25542,7351.915642476986
24686,7315.687579235879
23830,7315.687579235879
22974,7023.414880590868
22118,0.0
21262,5485.75549604423
20406,5485.75549604423
19550,5485.75549604423
18694,5485.75549604423
17838,6777.928497796466
16982,7360.442576985716
16126,0.0
15270,7669.885248963998
14414,8011.977846079747
13558,8188.413680066452
12702,7963.800993208191
11846,7645.14088805373
10990,6780.901363453377
10134,0.0
9278,5480.61761330328
8422,5480.61761330328
7566,5480.61761330328
6710,5480.61761330328
5854,6306.321284944002
4998,6781.283668215282
4142,0.0
3286,10058.837339762411
2430,7413.446824888545
1574,7373.830272944557
718,7337.602209703449
40951,6373.731923691216
40095,0.0
39239,9281.248878955637
38383,7047.583023968376
37527,7047.583023968376
36671,7047.583023968376
35815,7047.583023968376
34959,5053.291934259769
34103,0.0
33247,5307.027555476803
32391,5254.660966309124
31535,5254.660966309124
30679,5254.660966309124
29823,5254.660966309124
28967,4984.648482727493
28111,0.0
27255,8988.59478541947
26399,7047.583023968376
25543,7047.583023968376
24687,7047.583023968376
23831,7047.583023968376
22975,4984.648482727493
22119,0.0
21263,5254.660966309124
20407,5254.660966309124
19551,5254.660966309124
18695,5254.660966309124
17839,5471.096491339469
16983,4703.027080414444
16127,0.0
15271,9554.456156706441
14415,9351.438414569688
13559,10056.351600301361
12703,7047.583023968376
11847,7047.583023968376
10991,5113.834791924773
10135,0.0
9279,5323.124457142416
8423,5323.124457142416
7567,5307.027555476803
6711,5307.027555476803
5855,5254.660966309124
4999,4984.648482727493
4143,0.0
3287,9166.439589540176
2431,7047.583023968376
1575,7047.583023968376
719,7047.583023968376
40952,8158.168420388594
40096,0.0
39240,10142.004717478058
38384,8048.16189385035
37528,7284.262274455866
36672,7186.585908224135
35816,7144.61175917395
34960,7167.497116111537
34104,0.0
33248,5940.870082158633
32392,5834.436008294356
31536,5537.055596462998
30680,5612.194604954506
29824,5928.3160499648075
28968,6787.056124141643
28112,0.0
27256,9234.81810835849
26400,7816.784671974184
25544,6980.8944848116025
24688,6894.010178299837
23832,6879.191802231461
22976,6659.339664494303
22120,0.0
21264,5611.981691540622
20408,5594.969502845744
19552,5594.969502845744
18696,5551.422280623521
17840,6092.949802227655
16984,8130.394445618203
16128,0.0
15272,9449.124937211373
14416,8372.423878649777
13560,8034.575233080989
12704,7439.518216024958
11848,7118.565335154315
10992,7461.9878757103525
10136,0.0
9280,6676.896247329383
8424,5686.817818171156
7568,5519.260197325998
6712,5519.260197325998
5856,5854.5678328124895
5000,6804.004263429256
4144,0.0
3288,9258.552294067113
2432,7973.9394136093715
1576,7108.199176724845
720,6979.559832596805
40953,5885.786852134058
40097,2541.6410262190325
39241,8794.958773832797
38385,10752.49183821997
37529,10470.54731186139
36673,10318.660696273135
35817,10298.977423344511
34961,5712.995807150424
34105,2503.583616815019
33249,5771.522786901732
32393,5745.076481017911
31537,5759.818526472456
30681,5765.097061825992
29825,5740.9597950881
28969,5648.536594866497
28113,2445.301230412487
27257,8892.346570075986
26401,11079.382369002773
25545,10762.017310676289
24689,10686.19072863281
23833,10686.19072863281
22977,5627.331594866496
22121,2422.27804104784
21265,5689.1617459141
20409,5673.930686904616
19553,5688.672732359161
18697,5688.672732359161
17841,5707.356149025828
16985,5657.3514903448695
16129,2448.5063849030585
15273,11141.574095873852
14417,9217.219201939315
13561,9178.065898673103
12705,10916.345143653141
11849,10766.789470724638
10993,5712.995807150424
10137,2395.934547774611
9281,5766.8553965425735
8425,5751.6243375330905
7569,5756.540278569965
6713,5756.540278569965
5857,5748.9581335474795
5001,5701.780560276087
4145,2354.641439483454
3289,8616.837592545622
2433,11023.218748380337
1577,10705.853690053851
721,10639.356128504643
40954,5140.693770398166
40098,0.0
39242,9648.748716283673
38386,7952.474958566358
37530,7364.524848428762
36674,7364.524848428762
35818,7364.524848428762
34962,5134.044768514927
34106,0.0
33250,6444.7802099220135
32394,6412.770340417561
31538,6393.624869532872
30682,6410.121056510888
29826,6628.5721984823695
28970,5102.039388098705
28114,0.0
27258,9999.939861428098
26402,8149.896624816681
25546,7687.424627146813
24690,7687.424627146813
23834,7687.424627146813
22978,4977.073605197779
22122,0.0
21266,6315.394346417232
20410,6315.394346417232
19554,6315.394346417232
18698,6331.890533395248
17842,6755.501770094063
16986,4977.073605197779
16130,0.0
15274,11069.678736004511
14418,8189.8520024091185
13562,7976.989754425601
12706,7855.126727469672
11850,7687.424627146813
10994,4977.073605197779
10138,0.0
9282,6332.353080031759
8426,6332.353080031759
7570,6336.658007036312
6714,6341.5010967613325
5858,6718.628151947419
5002,4977.073605197779
4146,0.0
3290,10120.970339809308
2434,8149.896624816681
1578,7687.424627146813
722,7687.424627146813
40955,5325.566707972901
40099,0.0
39243,9876.132053384592
38387,7996.831867448681
37531,7996.831867448681
36675,7996.831867448681
35819,7996.831867448681
34963,5106.770238337724
34107,0.0
33251,5409.967530453627
32395,5414.815535564649
31539,5414.815535564649
30683,5414.815535564649
29827,5414.815535564649
28971,5115.008461446245
28115,0.0
27259,9837.800640523887
26403,7996.831867448681
25547,7996.831867448681
24691,7996.831867448681
23835,7996.831867448681
22979,5115.008461446245
22123,0.0
21267,5414.815535564649
20411,5414.815535564649
19555,5414.815535564649
18699,5414.815535564649
17843,5719.96886056465
16987,5251.489134821574
16131,0.0
15275,12746.583441724057
14419,8908.198782253949
13563,9002.34359169413
12707,8042.054494348696
11851,8042.054494348696
10995,5106.770238337724
10139,0.0
9283,5406.5773124561265
8427,5406.5773124561265
7571,5409.967530453627
6715,5409.967530453627
5859,5414.815535564649
5003,5115.008461446245
4147,0.0
3291,9878.535795209531
2435,8042.054494348696
1579,8042.054494348696
723,8042.054494348696
40956,6004.613781719277
40100,0.0
39244,9216.005623092993
38388,7114.741181522798
37532,7114.741181522798
36676,7114.741181522798
35820,7114.741181522798
34964,5002.680278778904
34108,0.0
33252,5320.510940953967
32396,5293.377116675979
31540,5293.377116675979
30684,5293.377116675979
29828,5293.377116675979
28972,4959.269592136317
28116,0.0
27260,8935.932972677665
26404,7114.741181522798
25548,7114.741181522798
24692,7114.741181522798
23836,7114.741181522798
22980,4959.269592136317
22124,0.0
21268,5293.377116675979
20412,5293.377116675979
19556,5293.377116675979
18700,5293.377116675979
17844,5569.727035939752
16988,4640.950675823137
16132,0.0
15276,9610.3550678512
14420,8960.91929843627
13564,9855.476396883318
12708,7114.741181522798
11852,7114.741181522798
10996,5162.270041856785
10140,0.0
9284,5371.190528634805
8428,5371.190528634805
7572,5346.867334650299
6716,5346.867334650299
5860,5319.733510372311
5004,4985.625985832649
4148,0.0
3292,9637.58500543315
2436,7114.741181522798
1580,7114.741181522798
724,7114.741181522798
40957,6199.252651673843
40101,0.0
39245,8170.867778797942
38389,7026.9577837042725
37533,6726.052475641093
36677,6726.052475641093
35821,6726.052475641093
34965,6179.281441817807
34109,0.0
33253,5790.663076384673
32397,5760.224043941516
31541,5739.351671395764
30685,5741.036509651741
29829,5752.354736211634
28973,6123.755010967494
28117,0.0
27261,8170.867778797942
26405,7026.9577837042725
25549,6726.052475641093
24693,6726.052475641093
23837,6726.052475641093
22981,6097.421698446681
22125,0.0
21269,5779.597786435524
20413,5749.158753992366
19557,5730.86054811328
18701,5741.737137389122
17845,5785.43446765529
16989,6103.328090219076
16133,0.0
15277,8190.729535251708
14421,7137.348298124681
13565,7725.660898304748
12709,7049.782613047073
11853,6726.052475641093
10997,6179.281441817807
10141,0.0
9285,5777.912948179545
8429,5747.473915736388
7573,5721.9673765239695
6717,5721.9673765239695
5861,5743.461564622324
5005,6123.755010967494
4149,0.0
3293,8170.867778797942
2437,7026.9577837042725
1581,6726.052475641093
725,6726.052475641093
40958,7108.646764934198
40102,0.0
39246,9264.651835595307
38390,6866.543541002336
37534,6962.209628483132
36678,6868.261494769247
35822,6868.261494769247
34966,7092.873153823087
34110,0.0
33254,6404.090798994983
32398,6404.090798994983
31542,6400.905084709269
30686,6409.731594371105
29830,6782.8136260481
28974,7076.120250772979
28118,0.0
27262,8886.79529085189
26406,6877.569531181576
25550,6868.261494769247
24694,6868.261494769247
23838,6868.261494769247
22982,7092.721269291496
22126,0.0
21270,6437.446616225257
20414,6437.446616225257
19558,6437.446616225257
18702,6493.920721152589
17846,6890.65292670255
16990,7159.617382765836
16134,0.0
15278,11208.65268979023
14422,6942.2346744877195
13566,7191.73718377093
12710,7202.945122595289
11854,6919.734184038688
10998,7092.873153823087
10142,0.0
9286,6380.611640404616
8430,6380.611640404616
7574,6339.486958675418
6718,6339.486958675418
5862,6736.889656518312
5006,7056.75250567494
4150,0.0
3294,9248.814055281358
2438,6877.569531181576
1582,6868.261494769247
726,6868.261494769247
40959,7282.065442992039
40103,0.0
39247,10956.467507871157
38391,8065.839312542517
37535,8013.639014674362
36679,8013.639014674362
35823,8013.639014674362
34967,7245.080415519511
34111,0.0
33255,6888.142850748934
32399,6888.142850748934
31543,6888.142850748934
30687,6888.142850748934
29831,6938.415170023861
28975,7245.080415519511
28119,0.0
27263,10898.463781831551
26407,8065.839312542517
25551,8013.639014674362
24695,8013.639014674362
23839,8013.639014674362
22983,7245.080415519511
22127,0.0
21271,6888.142850748934
20415,6888.142850748934
19559,6888.142850748934
18703,6888.142850748934
17847,6938.415170023861
16991,7245.080415519511
16135,0.0
15279,10806.56695007256
14423,8127.508979165518
13567,8281.262750398506
12711,8189.282083228686
11855,8013.639014674362
10999,7245.080415519511
10143,0.0
9287,6888.142850748934
8431,6888.142850748934
7575,6888.142850748934
6719,6888.142850748934
5863,6938.415170023861
5007,7245.080415519511
4151,0.0
3295,10610.817924238798
2439,8065.839312542517
1583,8013.639014674362
727,8013.639014674362
40960,6845.74295120874
40104,0.0
39248,8813.495814021835
38392,7196.614984900448
37536,6807.537848769405
36680,6807.537848769405
35824,6807.537848769405
34968,6399.624193943411
34112,0.0
33256,4856.755043656866
32400,4856.755043656866
31544,4856.755043656866
30688,4856.755043656866
29832,5660.4380981968925
28976,6399.624193943411
28120,0.0
27264,8784.520019827432
26408,7196.614984900448
25552,6807.537848769405
24696,6807.537848769405
23840,6807.537848769405
22984,6399.624193943411
22128,0.0
21272,4856.755043656866
20416,4856.755043656866
19560,4856.755043656866
18704,4856.755043656866
17848,5922.879689956657
16992,6685.243797990958
16136,0.0
15280,8918.919346984741
14424,7269.491212339945
13568,7912.685799213519
12712,7174.782202482967
11856,6807.537848769405
11000,6491.910737519164
10144,0.0
9288,4856.755043656866
8432,4856.755043656866
7576,4856.755043656866
6720,4856.755043656866
5864,5660.4380981968925
5008,6399.624193943411
4152,0.0
3296,8784.520019827432
2440,7196.614984900448
1584,6807.537848769405
728,6807.537848769405
40961,3846.4250604956787
40105,0.0
39249,7769.776677088795
38393,6477.829110026312
37537,6444.09373710169
36681,6415.826599066957
35825,6415.826599066957
34969,3846.4250604956787
34113,0.0
33257,4202.158684169137
32401,4193.7686589166115
31545,4193.7686589166115
30689,4193.7686589166115
29833,4256.235709785427
28977,0.0
28121,0.0
27265,7398.021928649053
26409,6341.0012487753
25553,6326.792245615305
24697,6326.792245615305
23841,6326.792245615305
22985,3800.4754480312795
22129,0.0
21273,4135.119945579877
20417,4135.119945579877
19561,4131.514290817972
18705,4146.827821962753
17849,4388.39176509678
16993,3882.7127018330343
16137,0.0
15281,10559.301157192624
14425,6221.161724570106
13569,6197.982781728831
12713,6171.236731267678
11857,6038.329330973833
11001,3827.0464344786533
10145,0.0
9289,4142.68995226409
8433,4142.68995226409
7577,4139.084297502185
6721,4131.514290817972
5865,4310.82281133889
5009,3827.0464344786533
4153,0.0
3297,7526.608365950819
2441,6374.6508081673965
1585,6360.4418050074
729,6360.4418050074
40962,6541.136666597629
40106,0.0
39250,9308.586902527659
38394,7069.3320246685125
37538,7069.3320246685125
36682,7069.3320246685125
35826,7069.3320246685125
34970,5768.957268960279
34114,0.0
33258,5563.273554865359
32402,5568.121559976382
31546,5568.121559976382
30690,5568.121559976382
29834,5760.352845435116
28978,5760.352845435116
28122,0.0
27266,9128.127224864034
26410,7069.3320246685125
25554,7069.3320246685125
24698,7069.3320246685125
23842,7069.3320246685125
22986,5760.352845435116
22130,0.0
21274,5568.121559976382
20418,5568.121559976382
19562,5568.121559976382
18706,5568.121559976382
17850,5972.290751059813
16994,6426.285704564959
16138,0.0
15282,12421.605351400483
14426,8790.70306400091
13570,8861.908295808396
12714,7069.3320246685125
11858,7069.3320246685125
11002,5768.957268960279
10146,0.0
9290,5576.725983501545
8434,5576.725983501545
7578,5563.273554865359
6722,5563.273554865359
5866,5760.352845435116
5010,5760.352845435116
4154,0.0
3298,9268.200700555986
2442,7069.3320246685125
1586,7069.3320246685125
730,7069.3320246685125
40963,7750.695322688758
40107,0.0
39251,9204.924084297007
38395,7017.958250630498
37539,7017.958250630498
36683,7017.958250630498
35827,7017.958250630498
34971,5803.763532077703
34115,0.0
33259,5607.239644000281
32403,5580.105819722292
31547,5580.105819722292
30691,5580.105819722292
29835,5760.352845435116
28979,5760.352845435116
28123,0.0
27267,8856.904489326003
26411,7017.958250630498
25555,7017.958250630498
24699,7017.958250630498
23843,7017.958250630498
22987,5760.352845435116
22131,0.0
21275,5580.105819722292
20419,5580.105819722292
19563,5580.105819722292
18707,5580.105819722292
17851,5958.101808312125
16995,6359.891710747612
16139,0.0
15283,9576.048175444239
14427,8941.514897116915
13571,9515.310872665093
12715,7017.958250630498
11859,7017.958250630498
11003,5968.390289360179
10147,0.0
9291,5631.562837984788
8435,5631.562837984788
7579,5607.239644000281
6723,5607.239644000281
5867,5760.352845435116
5011,5760.352845435116
4155,0.0
3299,8967.711043390891
2443,7017.958250630498
1587,7017.958250630498
731,7017.958250630498
40964,8440.225177197248
40108,0.0
39252,10227.809371153942
38396,8138.591555028665
37540,7602.565692903398
36684,7602.565692903398
35828,7602.565692903398
34972,7794.087468554689
34116,0.0
33260,6274.02613296313
32404,6274.02613296313
31548,6274.02613296313
30692,6274.02613296313
29836,7095.752227467663
28980,7792.594782197445
28124,0.0
27268,10192.759241231643
26412,8125.253336637861
25556,7602.565692903398
24700,7602.565692903398
23844,7602.565692903398
22988,7792.594782197445
22132,0.0
21276,6274.02613296313
20420,6274.02613296313
19564,6274.02613296313
18708,6274.02613296313
17852,7181.630456772093
16996,7896.19523395152
16140,0.0
15284,10209.568750795443
14428,8213.870959734448
13572,8907.663137562853
12716,7883.248447526502
11860,7602.565692903398
11004,7810.438363740289
10148,0.0
9292,6520.0633632770105
8436,6346.375069584179
7580,6209.900279586292
6724,6219.941782438454
5868,7060.2273986353
5012,7792.594782197445
4156,0.0
3300,10192.759241231643
2444,8138.591555028665
1588,7602.565692903398
732,7602.565692903398
40965,5861.527186784419
40109,0.0
39253,7670.160532340906
38397,6981.720559218418
37541,6981.720559218418
36685,6981.720559218418
35829,6981.720559218418
34973,5002.680278778904
34117,0.0
33261,5290.716350417195
32405,5238.349761249516
31549,5238.349761249516
30693,5238.349761249516
29837,5238.349761249516
28981,4934.036827246628
28125,0.0
27269,7511.597202887756
26413,6981.720559218418
25557,6981.720559218418
24701,6981.720559218418
23845,6981.720559218418
22989,4934.036827246628
22133,0.0
21277,5238.349761249516
20421,5238.349761249516
19565,5238.349761249516
18709,5238.349761249516
17853,5456.288128232828
16997,4604.633692414389
16141,0.0
15285,8146.913725238208
14429,8794.897968013256
13573,9524.743980152869
12717,6981.720559218418
11861,6981.720559218418
11005,5135.913648160453
10149,0.0
9293,5315.039544401701
8437,5315.039544401701
7581,5290.716350417195
6725,5290.716350417195
5869,5238.349761249516
5013,4934.036827246628
4157,0.0
3301,7701.12706280055
2445,6981.720559218418
1589,6981.720559218418
733,6981.720559218418
40966,3977.202053258667
40110,0.0
39254,7497.409007392966
38398,5879.053616356238
37542,5887.41502610025
36686,5942.242207062366
35830,5930.037114469773
34974,3941.039925081148
34118,0.0
33262,3906.0633197832653
32406,3871.562684971803
31550,3843.3783251700193
30694,3849.2163425332333
29838,4134.256440687237
28982,3925.8461179623414
28126,0.0
27270,7105.270593686326
26414,5952.199313301259
25558,5955.346928337469
24702,5948.656672083449
23846,5948.656672083449
22990,4048.4760175673105
22134,0.0
21278,3857.1270408181267
20422,3853.3272970031658
19566,3853.3272970031658
18710,3853.3272970031658
17854,4354.484191826747
16998,4174.235156016899
16142,0.0
15286,9463.016171542735
14430,6145.608250399175
13574,6262.233117288178
12718,6191.959122492883
11862,5974.000422649837
11006,4115.252618176578
10150,0.0
9294,3922.799631106992
8438,3916.6126623409914
7582,3899.2416522438157
6726,3899.2416522438157
5870,4266.885737019014
5014,4100.058811057771
4158,0.0
3302,7531.564714228454
2446,6068.481644559538
1590,6060.235255468921
734,6053.5449992149015
40967,9234.933506473571
40111,0.0
39255,9050.906175867714
38399,8104.007552448678
37543,8037.525533525652
36687,7372.153045572016
35831,7556.48866305904
34975,8791.119170979413
34119,0.0
33263,6703.941985168873
32407,6705.671177967943
31551,6830.759359119687
30695,6597.786061532109
29839,6981.814843570519
28983,8789.684535897903
28127,0.0
27271,8950.414901613092
26415,7971.3701633691035
25559,7888.058077065201
24703,7313.755355890521
23847,7489.858021735428
22991,8781.77534858559
22135,0.0
21279,6690.072889209405
20423,6690.072889209405
19567,6831.757571344334
18711,6613.509781696566
17855,7408.524979716906
16999,8934.030413789986
16143,0.0
15287,9200.977809588889
14431,8043.5765219633695
13575,8288.339003713594
12719,7498.913230938021
11863,7578.8214855366905
11007,8791.119170979413
10151,0.0
9295,6727.57168720785
8439,6703.941985168873
7583,6829.160889763839
6727,6610.974169378369
5871,6996.8810252283665
5015,8789.684535897903
4159,0.0
3303,8882.682433978602
2447,8088.991468532594
1591,8019.641370605238
735,7344.597824834621
40968,6281.892804606884
40112,11608.464338844853
39256,8209.72780622295
38400,7909.705315683773
37544,7893.646783937741
36688,7931.961419394876
35832,8118.851224455798
34976,6160.966151409863
34120,11518.439152552388
33264,7510.208405619435
32408,7466.706193988474
31552,7356.884082905114
30696,7337.9151940162255
29840,7795.583646119674
28984,6158.680826433913
28128,11461.934897711226
27272,8217.68335967413
26416,7938.715394470726
25560,7920.115672248504
24704,7941.920372640704
23848,8165.277966926291
22992,6101.61757776129
22136,11388.931751119255
21280,7396.97620985224
20424,7310.442469842251
19568,7214.073607408388
18712,7196.903561112092
17856,7779.184546793075
17000,6318.67831002739
16144,11427.049907684912
15288,8730.355636270739
14432,7990.409155732613
13576,7975.355385891343
12720,7991.297752829959
11864,8115.908367312941
11008,6286.89955063863
10152,11502.158454546689
9296,7501.737506148536
8440,7445.938131217912
7584,7357.812447202853
6728,7351.21948423989
5872,7795.583646119674
5016,6183.339140827852
4160,11511.871559959794
3304,8168.625822789719
2448,7900.1512626534695
1592,7926.540212592419
736,7956.256276620983
40969,4409.533743472639
40113,0.0
39257,8250.630264633774
38401,7388.732957207415
37545,7042.468926206634
36689,7042.468926206634
35833,7042.468926206634
34977,4051.315868855311
34121,0.0
33265,5268.656091097033
32409,5268.656091097033
31553,5268.656091097033
30697,5268.656091097033
29841,5272.959023215503
28985,4051.315868855311
28129,0.0
27273,8241.327715614165
26417,7388.732957207415
25561,7042.468926206634
24705,7042.468926206634
23849,7042.468926206634
22993,4051.315868855311
22137,0.0
21281,5268.656091097033
20425,5268.656091097033
19569,5268.656091097033
18713,5268.656091097033
17857,5272.959023215503
17001,0.0
16145,0.0
15289,8401.661220607697
14433,7411.3924919605915
13577,8087.209141779828
12721,7419.816870186072
11865,7042.468926206634
11009,4060.9603786592324
10153,0.0
9297,5268.656091097033
8441,5268.656091097033
7585,5268.656091097033
6729,5268.656091097033
5873,5272.959023215503
5017,4051.315868855311
4161,0.0
3305,8241.327715614165
2449,7388.732957207415
1593,7042.468926206634
737,7042.468926206634
40970,6185.768406697874
40114,0.0
39258,10338.065085415165
38402,7843.700078877544
37546,7886.166739484781
36690,7646.1521129024895
35834,7629.131521935346
34978,5960.10717201055
34122,0.0
33266,5460.993367368905
32410,5460.993367368905
31554,5447.747291222828
30698,5446.92364725628
29842,5891.4354126502885
28986,5927.699762822516
28130,0.0
27274,10256.985467703886
26418,7488.824494180349
25562,7488.824494180349
24706,7488.824494180349
23850,7488.824494180349
22994,5927.699762822516
22138,0.0
21282,5440.409004509541
20426,5440.409004509541
19570,5440.409004509541
18714,5452.972469205607
17858,6088.005735668013
17002,6279.927071399696
16146,0.0
15290,12732.808755834027
14434,8704.10338598275
13578,8865.474806321143
12722,7893.358628570128
11866,7683.131985331406
11010,6082.090046824655
10154,0.0
9298,5447.747291222828
8442,5447.747291222828
7586,5447.747291222828
6730,5446.92364725628
5874,5891.4354126502885
5018,5960.10717201055
4162,0.0
3306,10006.981857692135
2450,7488.824494180349
1594,7488.824494180349
738,7488.824494180349
40971,7525.580146904218
40115,0.0
39259,9150.61133847439
38403,7015.435962306717
37547,7015.435962306717
36691,7015.435962306717
35835,7015.435962306717
34979,5682.42685210258
34123,0.0
33267,5534.4891103090085
32411,5462.82569116782
31555,5462.82569116782
30699,5462.82569116782
29843,5594.486570596795
28987,0.0
28131,0.0
27275,9374.120611592447
26419,7015.435962306717
25563,7015.435962306717
24707,7015.435962306717
23851,7015.435962306717
22995,5594.486570596795
22139,0.0
21283,5462.82569116782
20427,5462.82569116782
19571,5462.82569116782
18715,5462.82569116782
17859,5810.922095627139
17003,6333.551392512768
16147,0.0
15291,10315.0410306833
14435,8695.981526223712
13579,9476.6429119439
12723,7015.435962306717
11867,7015.435962306717
11011,5903.99356622773
10155,0.0
9299,5550.586011974621
8443,5550.586011974621
7587,5534.4891103090085
6731,5534.4891103090085
5875,5594.486570596795
5019,5594.486570596795
4163,0.0
3307,9364.300553743384
2451,7015.435962306717
1595,7015.435962306717
739,7015.435962306717
40972,6563.240439535122
40116,0.0
39260,9712.666651728758
38404,8208.994480851326
37548,8065.847516114315
36692,7259.49814663716
35836,7235.807619327443
34980,6504.470386625069
34124,0.0
33268,5583.170935645092
32412,5592.3435478508945
31556,5617.146087533433
30700,5619.921619132827
29844,5791.496907972492
28988,6409.107447712131
28132,0.0
27276,9465.276529824087
26420,7876.998270309543
25564,7638.0358146645785
24708,7135.636286577262
23852,7165.0709695513615
22996,6502.574950437695
22140,0.0
21284,5663.510473955364
20428,5663.510473955364
19572,5653.704124749015
18716,5680.736142522908
17860,5986.805223222056
17004,6687.039399232834
16148,0.0
15292,9915.339606683981
14436,8311.07133893296
13580,8401.553494433048
12724,7870.847345134992
11868,7460.985851095041
11012,6563.240439535122
10156,0.0
9300,5591.119288645028
8444,5591.119288645028
7588,5557.917192312243
6732,5493.7652472189375
5876,5647.633536071043
5020,6333.516234187769
4164,0.0
3308,9687.76756925608
2452,7801.972526635543
1596,7800.590202407741
740,7156.704307185126
40973,5378.939634731528
40117,0.0
39261,8183.082684847073
38405,6501.59357846316
37549,6454.388739022576
36693,6376.412220432709
35837,6376.412220432709
34981,4985.934170832759
34125,0.0
33269,4100.6527885890255
32413,4100.6527885890255
31557,4100.6527885890255
30701,4100.6527885890255
29845,4728.833610980541
28989,4917.106510269753
28133,0.0
27277,7953.789321819828
26421,6382.319647161868
25565,6376.412220432709
24709,6376.412220432709
23853,6376.412220432709
22997,4894.958403146303
22141,0.0
21285,4085.350989861226
20429,4085.350989861226
19573,4099.813601059552
18717,4099.813601059552
17861,4892.430674430927
17005,5196.700500079841
16149,0.0
15293,11875.755994036075
14437,6901.648250681273
13581,7049.931883241736
12725,6840.348757268437
11869,6485.923300440826
11013,5109.954360723664
10157,0.0
9301,4113.738250654144
8445,4113.738250654144
7589,4113.738250654144
6733,4113.738250654144
5877,4731.622247655901
5021,4980.588793740779
4165,0.0
3309,8162.076711256353
2453,6382.319647161868
1597,6376.412220432709
741,6376.412220432709
40974,2430.854343446642
40118,0.0
39262,6507.624801803791
38406,6154.884507373643
37550,5557.802815187887
36694,5557.802815187887
35838,5523.83764476886
34982,2354.783725631279
34126,0.0
33270,3501.493438207245
32414,3496.8784710497553
31558,3496.8784710497553
30702,3501.94091310886
29846,3527.7576394745292
28990,2354.783725631279
28134,0.0
27278,6436.520426925567
26422,6159.022246837246
25566,5557.802815187887
24710,5557.802815187887
23854,5523.83764476886
22998,2354.783725631279
22142,0.0
21286,3496.8784710497553
20430,3496.8784710497553
19574,3496.8784710497553
18718,3501.94091310886
17862,3574.786269113608
17006,2381.1140692789218
16150,0.0
15294,6974.05790802719
14438,6303.327028131281
13582,6082.8223008007
12726,5927.349906795351
11870,5731.823175314965
11014,2365.6339619007235
10158,0.0
9302,3543.2120088395445
8446,3543.2120088395445
7590,3501.493438207245
6734,3506.55588026635
5878,3527.7576394745292
5022,2354.783725631279
4166,0.0
3310,6503.921600277269
2454,6325.46647204684
1598,5757.1407423505325
742,5757.1407423505325
40975,6751.716144369726
40119,0.0
39263,9774.634448787361
38407,7936.479480717658
37551,7503.809695431016
36695,7503.809695431016
35839,7503.809695431016
34983,6584.730500803056
34127,0.0
33271,5047.260066118014
32415,5047.260066118014
31559,5047.260066118014
30703,5047.260066118014
29847,6050.170710141466
28991,6548.0056523182075
28135,0.0
27279,9774.634448787361
26423,7936.479480717658
25567,7503.809695431016
24711,7503.809695431016
23855,7503.809695431016
22999,6548.0056523182075
22143,0.0
21287,5047.260066118014
20431,5047.260066118014
19575,5047.260066118014
18719,5047.260066118014
17863,6076.820997497788
17007,6598.222233828288
16151,0.0
15295,10015.882843615054
14439,7972.90967424741
13583,7838.402379898397
12727,7690.031820526958
11871,7503.809695431016
11015,6573.512258978676
10159,0.0
9303,5047.260066118014
8447,5047.260066118014
7591,5047.260066118014
6735,5047.260066118014
5879,6010.412259491239
5023,6508.24720166798
4167,0.0
3311,9774.634448787361
2455,7936.479480717658
1599,7503.809695431016
743,7503.809695431016
40976,8067.977977505651
40120,0.0
39264,9316.688545560226
38408,7017.958250630498
37552,7017.958250630498
36696,7017.958250630498
35840,7017.958250630498
34984,5787.554065931642
34128,0.0
33272,5639.616324138071
32416,5593.185669886573
31560,5593.185669886573
30704,5593.185669886573
29848,5724.846549315547
28992,5724.846549315547
28136,0.0
27280,9081.979221321508
26424,7017.958250630498
25568,7017.958250630498
24712,7017.958250630498
23856,7017.958250630498
23000,5724.846549315547
22144,0.0
21288,5593.185669886573
20432,5593.185669886573
19576,5593.185669886573
18720,5593.185669886573
17864,5949.714310642169
17008,6636.767686077652
16152,0.0
15296,9980.8474046913
14440,9266.939079089825
13584,9740.058390939912
12728,7017.958250630498
11872,7017.958250630498
11016,5931.018109116621
10160,0.0
9304,5663.939518122578
8448,5663.939518122578
7592,5639.616324138071
6736,5639.616324138071
5880,5724.846549315547
5024,5724.846549315547
4168,0.0
3312,9276.82908798338
2456,7017.958250630498
1600,7017.958250630498
744,7017.958250630498
40977,5583.492262539124
40121,0.0
39265,10952.851305600941
38409,8721.736085360732
37553,7497.025224179812
36697,7408.404476224064
35841,7501.82888066704
34985,5446.3840693406255
34129,0.0
33273,5412.567458061607
32417,5372.822523199639
31561,5365.968089478772
30705,5365.968089478772
29849,5391.79198135607
28993,5384.147008248634
28137,0.0
27281,10257.168031089894
26425,8440.034570146707
25569,7303.7626428988915
24713,7303.7626428988915
23857,7381.017262172084
23001,5375.31501271837
22145,0.0
21289,5366.215797550335
20433,5366.215797550335
19577,5347.966572162799
18721,5463.256380911399
17865,5678.077169783022
17009,5939.373548326583
16153,0.0
15297,10854.32949973794
14441,8688.415667539068
13585,8385.740872614917
12729,7929.298862992632
11873,7568.422751518409
11017,5492.812520519077
10161,0.0
9305,5453.652530940268
8449,5437.284854172592
7593,5403.851554678429
6737,5394.318232674071
5881,5381.921738367675
5025,5393.316530034342
4169,0.0
3313,10218.454304484445
2457,8540.592139657805
1601,7312.105392529979
745,7312.105392529979
40978,10469.162887694598
40122,0.0
39266,13428.613051630831
38410,11035.333303010526
37554,10829.083892740968
36698,10727.27404016734
35842,10684.036159635169
34986,9663.265209128607
34130,0.0
33274,8029.776023260077
32418,7906.7588821462705
31562,7802.933468446291
30706,7774.992054741267
29850,7850.1805137968995
28994,8946.441727666153
28138,0.0
27282,12530.27368353521
26426,10150.60305731189
25570,10110.094931929541
24714,10083.843763148807
23858,10106.4036004221
23002,9009.597614075496
22146,0.0
21290,8045.541285163278
20434,7931.398568066751
19578,7830.437609339568
18722,7812.928051176518
17866,8210.643355511243
17010,9512.773371750798
16154,0.0
15298,12439.419089072697
14442,11447.027934982658
13586,11209.566554635856
12730,10724.700507933401
11874,10630.05977681228
11018,9942.06698510205
10162,0.0
9306,8414.18672632871
8450,8174.921423023687
7594,7824.006747039539
6738,7776.446273554688
5882,7773.10583781442
5026,9008.857395953457
4170,0.0
3314,12504.833228684505
2458,10481.44087399966
1602,10120.961515590267
746,9920.424832083441
40979,7576.938181124951
40123,0.0
39267,12536.012884013422
38411,10538.990787993209
37555,10408.357178178298
36699,8736.95569454678
35843,8625.993895096228
34987,6961.9854013136655
34131,0.0
33275,7074.786022149455
32419,7081.687092741033
31563,7078.136119653105
30707,7058.328185104855
29851,7016.180767317966
28995,6942.118484464367
28139,0.0
27283,12002.801144810213
26427,10269.797307667024
25571,10160.624984597776
24715,8571.054843392574
23859,8488.01823586067
23003,6755.332425486019
22147,0.0
21291,6924.427266253074
20435,6836.59067158848
19579,6791.5786833239445
18723,6748.927997935128
17867,6974.729986051085
17011,7038.7952758775955
16155,0.0
15299,12001.624109053573
14443,10838.613135790372
13587,10857.910405866738
12731,9678.575963870378
11875,9004.997263385127
11019,6744.631519612599
10163,0.0
9307,6665.013214477096
8451,6686.060380291301
7595,6823.146535416013
6739,6794.203605906734
5883,6692.863801055578
5027,6709.067263488593
4171,0.0
3315,11721.004398136141
2459,9920.00616919765
1603,9850.406811889494
747,8467.686198341886
40980,4112.1186233960225
40124,0.0
39268,7521.317334638296
38412,6535.134257222656
37556,6493.415173630251
36700,6493.415173630251
35844,6493.415173630251
34988,3908.6294425799156
34132,0.0
33276,4531.147242792416
32420,4459.049720430118
31564,4438.179692823464
30708,4443.128303934575
29852,4526.713818990706
28996,3888.1272218175864
28140,0.0
27284,7521.317334638296
26428,6535.134257222656
25572,6493.415173630251
24716,6493.415173630251
23860,6493.415173630251
23004,3878.5115183543826
22148,0.0
21292,4532.983063130881
20436,4477.083064068162
19580,4439.940641154817
18724,4435.972585599262
17868,4592.378414232077
17012,3887.6163104615
16156,0.0
15300,7555.447053451815
14444,6645.524771643062
13588,7619.786964880226
12732,6756.923785729933
11876,6493.415173630251
11020,3954.864531600373
10164,0.0
9308,4530.484311268611
8452,4479.563500567256
7596,4451.529158461993
6740,4437.975471593306
5884,4509.982919519807
5028,3901.746029881503
4172,0.0
3316,7521.317334638296
2460,6535.134257222656
1604,6493.415173630251
748,6493.415173630251
40981,6643.431010250272
40125,0.0
39269,11251.816043789197
38413,9033.33478616241
37557,8987.086036392804
36701,8990.823378865414
35845,8990.823378865414
34989,5820.398808283136
34133,0.0
33277,7254.631993713354
32421,7215.578711022246
31565,7193.010125427448
30709,7316.040558316428
29853,7550.332937479576
28997,5820.398808283136
28141,0.0
27285,10623.413626781832
26429,8996.33211294417
25573,8990.823378865414
24717,8990.823378865414
23861,8981.472750814826
23005,5745.466467952246
22149,0.0
21293,7198.148823799506
20437,7174.548633655038
19581,7174.548633655038
18725,7319.3646778077555
17869,9147.181372506182
17013,5933.593990350856
16157,0.0
15301,11975.27275775294
14445,9000.301104801903
13589,9294.251137494952
12733,9245.963319869408
11877,9018.23670482139
11021,5831.591516616468
10165,0.0
9309,7804.76749975941
8453,7562.886463522707
7597,7221.942381393547
6741,7344.972814282528
5885,7535.9612630403135
5029,5820.398808283136
4173,0.0
3317,11062.915758734132
2461,9011.312678150613
1605,9005.803944071858
749,9005.803944071858
40982,3062.715787299258
40126,0.0
39270,7400.760397793283
38414,5951.476787104375
37558,5957.441983353902
36702,5955.279881814329
35846,5940.775446706953
34990,3028.1120240002933
34134,0.0
33278,3722.523860069501
32422,3713.286657688549
31566,3688.638186456462
30710,3689.91180331153
29854,3217.8451537562764
28998,3001.088032698385
28142,0.0
27286,7120.026037978269
26430,5903.289231136832
25574,5920.152154541603
24718,5920.152154541603
23862,5916.744941656448
23006,3001.088032698385
22150,0.0
21294,3680.3928593298847
20438,3680.3928593298847
19582,3679.1595259965516
18726,3687.1683280368047
17870,3253.88345550045
17014,3001.088032698385
16158,0.0
15302,13204.773675526545
14446,6462.610668219908
13590,6489.566729273537
12734,6374.628419384957
11878,6179.097162191601
11022,3042.604714058773
10166,0.0
9310,3715.874304862803
8454,3715.874304862803
7598,3714.64097152947
6742,3722.6497735697235
5886,3217.8451537562764
5030,3001.088032698385
4174,0.0
3318,7465.760702439261
2462,6151.24725204812
1606,6168.110175452892
750,6144.079670402386
40983,2893.320973224814
40127,0.0
39271,5774.488823685057
38415,5221.464360958527
37559,4960.052308012402
36703,4960.052308012402
35847,4919.642313788173
34991,2874.7070131108544
34135,0.0
33279,3173.3301030692937
32423,3126.665738086226
31567,3097.946674065452
30711,3044.8289359702135
29855,3072.331644303547
28999,2876.4746321584735
28143,0.0
27287,5760.78185387731
26431,5216.310270356769
25575,4960.052308012402
24719,4960.052308012402
23863,4914.53974886693
23007,2876.4746321584735
22151,0.0
21295,3141.1864364517146
20439,3112.9221270701264
19583,3084.2030630493523
18727,3031.0853249541137
17871,3076.576574954114
17015,2887.113253953345
16159,0.0
15303,5989.8893254611985
14447,5394.707176706427
13591,5926.7384452564265
12735,5444.641612766692
11879,5038.0003966889035
11023,2874.7070131108544
10167,0.0
9311,3186.007880847071
8455,3159.935842677582
7599,3128.6772914773205
6743,3075.559553382082
5887,3098.9496679922436
5031,2874.7070131108544
4175,0.0
3319,5876.8712620588685
2463,5281.851029487069
1607,5071.96556710793
751,5071.96556710793
40984,6584.027718919927
40128,0.0
39272,10119.708975173507
38416,7964.12665005345
37560,8001.893517998867
36704,7836.290020870402
35848,7836.290020870402
34992,6039.121786588793
34136,0.0
33280,5995.701545955305
32424,5995.701545955305
31568,5995.701545955305
30712,5995.701545955305
29856,6027.371254007338
29000,6027.371254007338
28144,0.0
27288,9292.351188875598
26432,7830.6736742593675
25576,7825.973881597547
24720,7805.561039506688
23864,7805.561039506688
23008,6019.466434983769
22152,0.0
21296,5987.796726931735
20440,5987.796726931735
19584,5987.796726931735
18728,6107.193081468059
17872,6225.443684064358
17016,6742.912088168462
16160,0.0
15304,13324.017192737814
14448,8508.625958416169
13592,8612.820749982206
12736,8273.674039983378
11880,7989.322746203995
11024,6432.661790172642
10168,0.0
9312,6007.4520785367595
8456,6007.4520785367595
7600,6007.4520785367595
6744,5995.701545955305
5888,6027.371254007338
5032,6027.371254007338
4176,0.0
3320,9928.60226205487
2464,7830.6736742593675
1608,7825.973881597547
752,7825.973881597547
40985,9570.884551378778
40129,0.0
39273,14143.891202242812
38417,10447.060677212952
37561,9864.74498598394
36705,9746.598226952117
35849,9583.052327951533
34993,9435.205547209858
34137,0.0
33281,10404.540916311053
32425,10230.741629394266
31569,10034.082370099639
30713,9702.556697673797
29857,9702.119786298135
29001,0.0
28145,0.0
27289,13696.27450313667
26433,11013.84803995737
25577,10132.91823843698
24721,10037.748122164772
23865,10011.547526926677
23009,8895.569773132354
22153,0.0
21297,10373.349253232342
20441,10368.00722942282
19585,10232.875829676052
18729,9967.888966423567
17873,9977.414549035399
17017,9017.4973178099
16161,0.0
15305,14252.842291764033
14449,11422.779208128171
13593,10442.88405954155
12737,10316.29741086255
11881,10171.225179660418
11025,9530.769670887106
10169,0.0
9313,10586.123105965939
8457,10555.265109934193
7601,10320.966982478001
6745,9787.214101793872
5889,9636.470653020424
5033,8924.955549832508
4177,0.0
3321,13801.477508222542
2465,11025.862372769892
1609,9955.159626664885
753,9792.314651486151
40986,5634.941532912984
40130,0.0
39274,10662.784568346744
38418,8847.7691042151
37562,8847.7691042151
36706,8847.7691042151
35850,8847.7691042151
34994,5317.813966302003
34138,0.0
33282,5501.847192569798
32426,5487.398367707311
31570,5487.398367707311
30714,5487.398367707311
29858,5487.398367707311
29002,5289.912712803331
28146,0.0
27290,10678.23025055046
26434,8847.7691042151
25578,8847.7691042151
24722,8847.7691042151
23866,8847.7691042151
23010,5289.912712803331
22154,0.0
21298,5487.398367707311
20442,5487.398367707311
19586,5487.398367707311
18730,5487.398367707311
17874,5852.528405310657
17018,5487.455764950034
16162,0.0
15306,13735.020767035749
14450,9060.472352486318
13594,9119.572818492157
12738,8892.991731115115
11882,8892.991731115115
11026,5317.813966302003
10170,0.0
9314,5515.299621205983
8458,5515.299621205983
7602,5501.847192569798
6746,5501.847192569798
5890,5487.398367707311
5034,5289.912712803331
4178,0.0
3322,10502.290811566727
2466,8892.991731115115
1610,8892.991731115115
754,8892.991731115115
40987,4723.723892748354
40131,0.0
39275,11515.181469236775
38419,8815.10025680009
37563,8359.540238525888
36707,7977.104597439477
35851,7962.1437856744105
34995,4723.723892748354
34139,0.0
33283,5348.53124266518
32427,5348.53124266518
31571,5348.53124266518
30715,5348.53124266518
29859,5352.83417478365
29003,4723.723892748354
28147,0.0
27291,10586.251367573615
26435,8310.072765651543
25579,7984.759525599595
24723,7962.1437856744105
23867,7962.1437856744105
23011,4723.723892748354
22155,0.0
21299,5348.53124266518
20443,5348.53124266518
19587,5348.53124266518
18731,5348.53124266518
17875,5352.83417478365
17019,4740.798476038942
16163,0.0
15307,11576.646776953368
14451,8861.863403049418
13595,9188.514159613957
12739,8579.87192644705
11883,8435.659573345436
11027,4723.723892748354
10171,0.0
9315,5348.53124266518
8459,5348.53124266518
7603,5348.53124266518
6747,5348.53124266518
5891,5352.83417478365
5035,4723.723892748354
4179,0.0
3323,10500.386641085446
2467,8339.970480233658
1611,7984.759525599595
755,7962.1437856744105
40988,3430.4663333081426
40132,0.0
39276,8473.129412455142
38420,6589.296035595586
37564,5995.374170938925
36708,5995.374170938925
35852,5995.374170938925
34996,3393.634085711989
34140,0.0
33284,3587.6877561447636
32428,3587.6877561447636
31572,3587.6877561447636
30716,3587.6877561447636
29860,3607.8114560690155
29004,3393.634085711989
28148,0.0
27292,8996.041918353914
26436,6473.88919861022
25580,5984.309719289075
24724,5984.309719289075
23868,5984.309719289075
23012,3387.374778352682
22156,0.0
21300,3574.4321806764583
20444,3574.4321806764583
19588,3574.4321806764583
18732,3574.4321806764583
17876,3662.321800283804
17020,3441.190178486991
16164,0.0
15308,10848.855666809657
14452,6476.562365624549
13596,6347.885257277997
12740,6233.920953293728
11884,5984.309719289075
11028,3393.708612487297
10172,0.0
9316,3579.4132738664225
8460,3579.4132738664225
7604,3574.4321806764583
6748,3574.4321806764583
5892,3594.55588060071
5036,3387.374778352682
4180,0.0
3324,9022.723445447511
2468,6473.88919861022
1612,5984.309719289075
756,5984.309719289075
40989,4990.759192602969
40133,0.0
39277,10640.85797885678
38421,7781.796612714863
37565,7244.940061200952
36709,7210.100685545107
35853,7210.100685545107
34997,4990.759192602969
34141,0.0
33285,5364.803535554557
32429,5364.803535554557
31573,5364.803535554557
30717,5364.803535554557
29861,5386.00944585989
29005,4990.759192602969
28149,0.0
27293,10198.819526881362
26437,7732.844899894265
25581,7210.100685545107
24725,7210.100685545107
23869,7210.100685545107
23013,4990.759192602969
22157,0.0
21301,5364.803535554557
20445,5364.803535554557
19589,5364.803535554557
18733,5364.803535554557
17877,5386.00944585989
17021,4990.759192602969
16165,0.0
15309,11078.856856981816
14453,7816.569764807536
13597,8260.033511598469
12741,7437.688670740851
11885,7244.940061200952
11029,4990.759192602969
10173,0.0
9317,5364.803535554557
8461,5364.803535554557
7605,5364.803535554557
6749,5364.803535554557
5893,5386.00944585989
5037,4990.759192602969
4181,0.0
3325,10137.444512719154
2469,7746.957237059015
1613,7210.100685545107
757,7210.100685545107
40990,9289.789000744628
40134,0.0
39278,13364.072729742978
38422,10195.852319788768
37566,9753.440136420746
36710,9586.430244066816
35854,9584.585105177926
34998,8308.76735484151
34142,0.0
33286,7490.869700411384
32430,7176.174367480426
31574,7104.952330089712
30718,7226.240322984904
29862,7249.68243101018
29006,7819.11848634345
28150,0.0
27294,12638.200787334292
26438,9830.887791514038
25582,9415.412059752709
24726,9339.538032199014
23870,9379.177847013829
23014,7711.154535060527
22158,0.0
21302,6716.805079354193
20446,6712.297111722697
19590,6820.54706362265
18734,6932.015436638521
17878,7312.598798970635
17022,8242.881328185702
16166,0.0
15310,13336.680731915223
14454,10181.199715379285
13598,9736.120869390612
12742,9669.286304861047
11886,9571.738783858293
11030,9070.741121956748
10174,0.0
9318,7294.920481955406
8462,7254.80672534165
7606,7194.406889945563
6750,7312.7852860024095
5894,7322.798963042962
5038,7828.804853502979
4182,0.0
3326,12664.190932836935
2470,9910.253040391724
1614,9409.814672930293
758,9290.336110825063
40991,6596.49793507983
40135,0.0
39279,9099.55124957641
38423,7430.409132389556
37567,7310.28304784703
36711,6975.932642361406
35855,6944.31107875432
34999,6368.309451814173
34143,0.0
33287,4946.513952372752
32431,4937.009406918206
31575,4803.868224184057
30719,4815.637967253699
29863,4931.8862870736275
29007,6212.461742695162
28151,0.0
27295,9036.82571147849
26439,7164.046155034255
25583,6995.423915143575
24727,6954.712815529697
23871,6933.957918589278
23015,6266.092643594455
22159,0.0
21303,4804.698529719571
20447,4795.193984265025
19591,4795.193984265025
18735,4806.963727334666
17879,5016.0297919066015
17023,6418.945880482336
16167,0.0
15311,13742.514512764066
14455,7661.291689994978
13599,7792.935449395616
12743,7644.123730620649
11887,7280.503138432705
11031,6596.49793507983
10175,0.0
9319,4835.669418744094
8463,4826.164873289549
7607,4810.741833516821
6751,4822.511576586463
5895,4939.422298978388
5039,6212.461742695162
4183,0.0
3327,9127.42853126804
2471,7171.897858330957
1615,6995.423915143575
759,6965.065975694739
40992,9170.927171459725
40136,0.0
39280,9499.672577767193
38424,8388.685053147045
37568,8388.685053147045
36712,8371.128137840129
35856,8371.128137840129
35000,8060.040689808753
34144,0.0
33288,6890.177642516636
32432,6876.19666212448
31576,6794.10346308052
30720,6869.188663370425
29864,7385.750659425737
29008,7959.245571693844
28152,0.0
27296,9212.963493082418
26440,8332.532717204283
25584,8332.532717204283
24728,8289.406438939464
23872,8289.406438939464
23016,7933.828411418298
22160,0.0
21304,6788.8768895328385
20448,6719.648491366265
19592,6685.104206106302
18736,6802.304761576159
17880,8180.433441892999
17024,8494.773806998764
16168,0.0
15312,11327.638985310363
14456,8974.408171514055
13600,9421.726045362091
12744,8371.128137840129
11888,8371.128137840129
11032,8574.638247267005
10176,0.0
9320,7000.48189801075
8464,6986.500917618594
7608,6853.638926045469
6752,6891.245974118978
5896,7379.52255216535
5040,7964.900437633915
4184,0.0
3328,9246.107387638556
2472,8342.868262796486
1616,8342.868262796486
760,8303.356012850592
40993,3786.503174370674
40137,0.0
39281,8451.692023765541
38425,6691.201592387947
37569,6518.741451321559
36713,6407.214709990409
35857,6434.647851311453
35001,3756.0047609091353
34145,0.0
33289,3986.777780416533
32433,3986.777780416533
31577,3986.777780416533
30721,3986.777780416533
29865,3986.777780416533
29009,3682.0947619146655
28153,0.0
27297,8150.228811581762
26441,6554.400707225001
25585,6407.214709990409
24729,6407.214709990409
23873,6434.647851311453
23017,3682.0947619146655
22161,0.0
21305,3986.777780416533
20449,3986.777780416533
19593,3998.7639124131915
18737,3998.7639124131915
17881,3998.7639124131915
17025,3714.412063308497
16169,0.0
15313,10594.622501227128
14457,6859.824054236064
13601,6978.55578703889
12745,6808.132950197459
11889,6623.40283488025
11033,3661.5965020276603
10177,0.0
9321,3986.777780416533
8465,3986.777780416533
7609,3986.777780416533
6753,3986.777780416533
5897,3986.777780416533
5041,3628.401118431924
4185,0.0
3329,8516.145325865195
2473,6570.867545800865
1617,6423.681548566272
761,6423.681548566272
40994,4810.58905264485
40138,0.0
39282,6523.948290532836
38426,5429.506080864866
37570,5125.8337678239495
36714,5121.353498463681
35858,4940.217171800974
35002,4765.141363251328
34146,0.0
33290,4778.24511881639
32434,4609.7734430473065
31578,4572.3532935574
30722,4620.309276783204
29866,4598.452861439289
29010,4626.672789997415
28154,0.0
27298,6155.377374858422
26442,5149.363113837742
25586,4866.753131581687
24730,4877.879305500361
23874,4743.326885262827
23018,4655.485916038041
22162,0.0
21306,4853.829907248592
20450,4630.06366479075
19594,4482.142611004977
18738,4509.884824399081
17882,4716.123307842636
17026,4969.110087421038
16170,0.0
15314,6349.014813684733
14458,5296.6596676286945
13602,5195.796284733339
12746,5044.867937188951
11890,4861.7366862408235
11034,4788.1292102175885
10178,0.0
9322,4090.001259915199
8466,4056.3077263599744
7610,4014.74024171499
6754,4030.9608686824035
5898,4031.677971857006
5042,3966.0403277418623
4186,0.0
3330,6064.834691775571
2474,4916.773565177872
1618,4655.984583630856
762,4662.821971659494
40995,3705.9310150938068
40139,0.0
39283,8134.08165905134
38427,6020.415301318441
37571,5669.21777717024
36715,5599.6360458572935
35859,5599.6360458572935
35003,3705.9310150938068
34147,0.0
33291,4285.824838744581
32435,4269.82659558665
31579,4269.82659558665
30723,4269.82659558665
29867,4308.679282505683
29011,0.0
28155,0.0
27299,8436.254413787168
26443,5978.276628637248
25587,5644.781716461888
24731,5644.781716461888
23875,5644.781716461888
23019,3659.9814026294075
22163,0.0
21307,4229.592397147803
20451,4221.984179242399
19595,4221.984179242399
18739,4237.297710387179
17883,4415.294109746861
17027,3742.2186564311623
16171,0.0
15315,10532.06101857029
14459,6192.493896236489
13603,5933.218599339093
12747,5827.480604476508
11891,5735.106791862159
11035,3686.5523890767813
10179,0.0
9323,4229.592397147803
8467,4221.984179242399
7611,4221.984179242399
6755,4221.984179242399
5899,4363.266384059147
5043,3686.5523890767813
4187,0.0
3331,8445.03518005368
2475,5978.276628637248
1619,5644.781716461888
763,5644.781716461888
40996,5897.930694085057
40140,0.0
39284,7581.683077854966
38428,6297.155761024158
37572,6315.61846669376
36716,6315.61846669376
35860,6340.141115953739
35004,5716.2781149202465
34148,0.0
33292,5103.632028150406
32436,5049.197098469388
31580,5030.03557069161
30724,5030.03557069161
29868,5211.9376629641365
29012,5575.6722892181715
28156,0.0
27300,7562.417204839093
26444,6290.643816464357
25588,6315.61846669376
24732,6315.61846669376
23876,6340.141115953739
23020,5584.6495800231805
22164,0.0
21308,5041.988880851732
20452,5005.590825926019
19596,5034.782360317552
18740,5034.782360317552
17884,5692.49301145244
17028,5679.992634499717
16172,0.0
15316,7641.036878380528
14460,6468.161057976005
13604,7706.1873399390715
12748,6734.4157983007635
11892,6340.141115953739
11036,5852.776257026612
10180,0.0
9324,5073.935311719907
8468,5040.560803791844
7612,5028.08787949392
6756,5028.08787949392
5900,5241.417090573565
5044,5617.864533686666
4188,0.0
3332,7562.417204839093
2476,6290.643816464357
1620,6315.61846669376
764,6315.61846669376
40997,4174.353475494427
40141,0.0
39285,7928.282760250282
38429,7190.230963954904
37573,6777.266375277351
36717,6777.266375277351
35861,6777.266375277351
35005,4174.353475494427
34149,0.0
33293,5287.553376274185
32437,5287.553376274185
31581,5287.553376274185
30725,5287.553376274185
29869,5289.498548110943
29013,4174.353475494427
28157,0.0
27301,7928.282760250282
26445,7190.230963954904
25589,6777.266375277351
24733,6777.266375277351
23877,6777.266375277351
23021,4174.353475494427
22165,0.0
21309,5287.553376274185
20453,5287.553376274185
19597,5287.553376274185
18741,5287.553376274185
17885,5289.498548110943
17029,4174.353475494427
16173,0.0
15317,8049.434662722544
14461,7249.555924697556
13605,7789.894878172183
12749,7069.01483015184
11893,6777.266375277351
11037,4174.353475494427
10181,0.0
9325,5297.3181114163035
8469,5297.3181114163035
7613,5287.553376274185
6757,5287.553376274185
5901,5289.498548110943
5045,4174.353475494427
4189,0.0
3333,7928.282760250282
2477,7190.230963954904
1621,6777.266375277351
765,6777.266375277351
40998,2553.3584955163074
40142,0.0
39286,8010.697411347538
38430,6106.860409253569
37574,5867.730236778528
36718,5842.617069340954
35862,5857.412069340954
35006,2519.8651733557895
34150,0.0
33294,3562.829165382857
32438,3562.829165382857
31582,3562.829165382857
30726,3567.8916074419617
29870,3618.696640825581
29014,2519.8651733557895
28158,0.0
27302,7945.586059946746
26446,6050.627232002503
25590,5796.105728777054
24734,5786.4340621103875
23878,5801.2290621103875
23022,2519.8651733557895
22166,0.0
21310,3562.829165382857
20454,3562.829165382857
19598,3562.829165382857
18742,3567.8916074419617
17886,3665.7252704646594
17030,2538.706725336765
16174,0.0
15318,9368.672166725739
14462,6327.46232516128
13606,6132.858790557491
12750,6031.269902645682
11894,5909.143271528316
11038,2519.8651733557895
10182,0.0
9326,3591.9583621645165
8470,3591.9583621645165
7614,3562.829165382857
6758,3567.8916074419617
5902,3618.696640825581
5046,2519.8651733557895
4190,0.0
3334,7991.607543442817
2478,6058.40723763742
1622,5803.885734411971
766,5803.885734411971
40999,6191.709046021297
40143,0.0
39287,8987.696369846632
38431,6660.689172000644
37575,6660.689172000644
36719,6660.689172000644
35863,6660.689172000644
35007,5576.793417827667
34151,0.0
33295,5448.522756396194
32439,5434.073931533708
31583,5434.073931533708
30727,5434.073931533708
29871,5565.734810962681
29015,5565.734810962681
28159,0.0
27303,8683.995145149582
26447,6660.689172000644
25591,6660.689172000644
24735,6660.689172000644
23879,6660.689172000644
23023,5565.734810962681
22167,0.0
21311,5434.073931533708
20455,5434.073931533708
19599,5434.073931533708
18743,5434.073931533708
17887,5788.407139089005
17031,6278.4270177657245
16175,0.0
15319,10276.702403933548
14463,8568.239691188559
13607,8833.020076155362
12751,6660.689172000644
11895,6660.689172000644
11039,5576.793417827667
10183,0.0
9327,5445.132538398694
8471,5445.132538398694
7615,5448.522756396194
6759,5448.522756396194
5903,5565.734810962681
5047,5565.734810962681
4191,0.0
3335,8840.05762934478
2479,6660.689172000644
1623,6660.689172000644
767,6660.689172000644
41000,3797.351252637517
40144,0.0
39288,7139.900801596363
38432,5866.598731135537
37576,5805.229830720107
36720,5733.144072284106
35864,5733.144072284106
35008,3768.2700266445954
34152,0.0
33296,3980.3135194485517
32440,3980.3135194485517
31584,3980.3135194485517
30728,3980.3135194485517
29872,4055.1523020355794
29016,3768.2700266445954
28160,0.0
27304,6907.053174750191
26448,5727.625716015138
25592,5706.86304336347
24736,5706.86304336347
23880,5706.86304336347
23024,3768.2700266445954
22168,0.0
21312,3980.3135194485517
20456,3980.3135194485517
19600,3980.3135194485517
18744,3980.3135194485517
17888,4089.158416854592
17032,3814.3424972054445
16176,0.0
15320,8146.733372507125
14464,6271.39789035905
13608,6290.494274593435
12752,6020.628591756115
11896,5817.6788224900365
11040,3768.2700266445954
10184,0.0
9328,3980.3135194485517
8472,3980.3135194485517
7616,3980.3135194485517
6760,3980.3135194485517
5904,4055.1523020355794
5048,3768.2700266445954
4192,0.0
3336,7188.482332097452
2480,5713.392479591927
1624,5692.629806940261
768,5692.629806940261
41001,5047.983164694475
40145,0.0
39289,8975.763908146684
38433,7068.9570374350105
37577,6985.713635682698
36721,6680.149414390453
35865,6680.149414390453
35009,5047.983164694475
34153,0.0
33297,6282.185982208873
32441,6278.600488381712
31585,6275.320858752083
30729,6275.320858752083
29873,5063.980832532102
29017,0.0
28161,0.0
27305,9243.171421025269
26449,6630.623267240767
25593,6603.892309034433
24737,6603.892309034433
23881,6603.892309034433
23025,6164.690149193915
22169,0.0
21313,6282.185982208873
20457,6278.600488381712
19601,6275.320858752083
18745,6275.320858752083
17889,6359.279646585502
17033,6382.089128242749
16177,0.0
15321,12079.8770828286
14465,7416.44828674503
13609,7519.767070068189
12753,7175.3004018791635
11897,6795.153940806407
11041,6191.671657130423
10185,0.0
9329,6300.034130357021
8473,6296.448636529862
7617,6275.320858752083
6761,6275.320858752083
5905,6209.982424109837
5049,6136.442292051058
4193,0.0
3337,9930.040867474781
2481,6630.623267240767
1625,6603.892309034433
769,6603.892309034433
41002,5349.115659056249
40146,0.0
39290,11883.548050604753
38434,9548.212401527657
37578,8430.189991568312
36722,8405.621035524355
35866,8489.855470243067
35010,4794.417703454511
34154,0.0
33298,5500.3258387287
32442,5428.304600162823
31586,5304.902314295192
30730,5313.827576900234
29874,5499.406854939921
29018,4684.068546933242
28162,0.0
27306,11598.29065869111
26450,9434.499592963779
25594,8363.91689823726
24738,8356.068882364243
23882,8455.79939665564
23026,4654.340195983265
22170,0.0
21314,5495.708428837284
20458,5455.269142993795
19602,5312.057688958972
18746,5343.496133403417
17890,5746.012669060377
17034,5409.174552459369
16178,0.0
15322,12404.042592189835
14466,9491.855223566728
13610,8533.59686203027
12754,8479.445128208536
11898,8563.875211339317
11042,4934.286507591047
10186,0.0
9330,5588.79403472203
8474,5411.430068322509
7618,5239.600534714415
6762,5267.750781213016
5906,5412.017259138695
5050,4763.601340762052
4194,0.0
3338,11686.724468214921
2482,9450.75192240517
1626,8362.326973408788
770,8354.478957535772
41003,5771.484620080726
40147,0.0
39291,9794.812186931893
38435,6562.104205008519
37579,6562.104205008519
36723,6562.104205008519
35867,6562.104205008519
35011,5624.430613223858
34155,0.0
33299,4445.778870313091
32443,4445.778870313091
31587,4445.778870313091
30731,4458.80949649905
29875,5253.938373946638
29019,0.0
28163,0.0
27307,9756.157526146613
26451,6697.313252288636
25595,6697.313252288636
24739,6666.560967083209
23883,6666.560967083209
23027,5562.671865127866
22171,0.0
21315,4429.063215651443
20459,4429.063215651443
19603,4445.277416986276
18747,4480.499253142038
17891,5485.291053106252
17035,5982.897785248803
16179,0.0
15323,11577.804194770788
14467,8303.528430018507
13611,8329.459357985816
12755,6715.955391889776
11899,6715.955391889776
11043,5749.657272733379
10187,0.0
9331,4460.75304386681
8475,4445.778870313091
7619,4445.778870313091
6763,4450.749300420618
5907,5245.878177868206
5051,5608.172756081
4195,0.0
3339,9687.013436007723
2483,6704.2580953020215
1627,6704.2580953020215
771,6661.093881445535
41004,5392.525956433286
40148,0.0
39292,8247.549706592044
38436,7440.766684145934
37580,7085.489843930709
36724,7085.489843930709
35868,7085.489843930709
35012,5184.733926246831
34156,0.0
33300,5489.7194058976875
32444,5480.067560390253
31588,5454.102751287318
30732,5473.421020518087
29876,5500.37996412078
29020,5168.960592913498
28164,0.0
27308,8238.247157572438
26452,7440.766684145934
25596,7085.489843930709
24740,7085.489843930709
23884,7085.489843930709
23028,5174.55285627006
22172,0.0
21316,5469.075214541657
20460,5469.075214541657
19604,5432.45695305777
18748,5432.45695305777
17892,5484.28732143452
17036,5241.284899551728
16180,0.0
15324,8370.99812288343
14468,7463.426218899112
13612,8168.683670391291
12756,7471.500547078195
11900,7085.489843930709
11044,5282.258264467837
10188,0.0
9332,5516.986587325032
8476,5514.671881442678
7620,5462.388583363739
6764,5457.292215842373
5908,5481.0616948900115
5052,5168.960592913498
4196,0.0
3340,8238.247157572438
2484,7440.766684145934
1628,7085.489843930709
772,7085.489843930709
41005,7859.865806972497
40149,0.0
39293,9203.84694252044
38437,7985.407734217282
37581,7985.407734217282
36725,7985.407734217282
35869,7985.407734217282
35013,5727.752808776208
34157,0.0
33301,5579.815066982637
32445,5508.15164784145
31589,5508.15164784145
30733,5508.15164784145
29877,5639.812527270423
29021,5639.812527270423
28165,0.0
27309,8990.391363711167
26453,7985.407734217282
25597,7985.407734217282
24741,7985.407734217282
23885,7985.407734217282
23029,5639.812527270423
22173,0.0
21317,5508.15164784145
20461,5508.15164784145
19605,5508.15164784145
18749,5508.15164784145
17893,5829.728882166565
17037,6521.228265213347
16181,0.0
15325,9952.206981435897
14469,8702.268891382057
13613,9388.319057172484
12757,7985.407734217282
11901,7985.407734217282
11045,5872.710217345803
10189,0.0
9333,5595.91196864825
8477,5595.91196864825
7621,5579.815066982637
6765,5579.815066982637
5909,5639.812527270423
5053,5639.812527270423
4197,0.0
3341,9196.724834141152
2485,7985.407734217282
1629,7985.407734217282
773,7985.407734217282
41006,5283.751946316567
40150,0.0
39294,8779.344295841684
38438,6804.786798278446
37582,6623.143783131576
36726,6522.94572292577
35870,6460.697905465453
35014,4737.789352755835
34158,0.0
33302,4603.318096559993
32446,4565.479248475306
31590,4520.961408551315
30734,4523.632666367574
29878,4561.443808940783
29022,4581.127896199266
28166,0.0
27310,8526.417839454794
26454,6505.813288355163
25598,6358.084448562665
24742,6284.047461015898
23886,6318.196716882132
23030,4555.444277515426
22174,0.0
21318,4606.488223771308
20462,4594.708970408347
19606,4625.314601823429
18750,4693.057436995115
17894,4892.598354575445
17038,5237.1779652013665
16182,0.0
15326,8569.882623004578
14470,7179.837670487407
13614,7217.031102747155
12758,6988.386759821587
11902,6647.161743302452
11046,4799.9597487097835
10190,0.0
9334,4773.029845507932
8478,4715.433223580444
7622,4534.179600711458
6766,4509.495360331469
5910,4569.58055375198
5054,4596.592702684608
4198,0.0
3342,8538.77062182493
2486,6616.092289449099
1630,6413.358676788145
774,6296.0436255458135
41007,4078.1204513236175
40151,0.0
39295,10322.569749167247
38439,10832.707958109062
37583,8281.853142062078
36727,8212.625005134303
35871,7833.411627104661
35015,4053.4181028387693
34159,0.0
33303,5096.513282259414
32447,5097.776420959988
31591,5049.323831069733
30735,5046.480463993649
29879,5065.285721528512
29023,0.0
28167,0.0
27311,6816.291095500734
26455,6104.106189309053
25599,5456.3365903500435
24743,5324.070448194859
23887,5323.853117608779
23031,4074.809562975855
22175,0.0
21319,5182.687638481063
20463,5173.582109380533
19607,5124.9323002319925
18751,5141.345217291428
17895,5160.157518176458
17039,4110.509905087446
16183,0.0
15327,7804.48740868275
14471,6284.036307574717
13615,5571.622408002421
12759,5508.289729353123
11903,5471.82176807182
11047,4169.404633322175
10191,0.0
9335,5244.861150661174
8479,5138.550349993919
7623,5074.191448195825
6767,5069.793981657376
5911,5114.413231033729
5055,4111.896119336162
4199,0.0
3343,7074.220461678662
2487,6218.805552322507
1631,5447.670262836922
775,5290.582286924936
41008,6821.52037366781
40152,0.0
39296,10333.61593845664
38440,8163.460539590033
37584,8163.460539590033
36728,8163.460539590033
35872,8163.460539590033
35016,5716.047452371481
34160,0.0
33304,5547.833237593626
32448,5533.3844127311395
31592,5533.3844127311395
30736,5533.3844127311395
29880,5665.045292160113
29024,5665.045292160113
28168,0.0
27312,10053.910183239324
26456,8163.460539590033
25600,8163.460539590033
24744,8163.460539590033
23888,8163.460539590033
23032,5665.045292160113
22176,0.0
21320,5533.3844127311395
20464,5533.3844127311395
19608,5533.3844127311395
18752,5533.3844127311395
17896,5923.609235576412
17040,6455.981403893806
16184,0.0
15328,11909.844408003826
14472,8915.45783849634
13616,9166.217978773626
12760,8163.460539590033
11904,8163.460539590033
11048,5742.403846067814
10192,0.0
9336,5610.74296663884
8480,5610.74296663884
7624,5574.189631289958
6768,5574.189631289958
5912,5691.401685856445
5056,5691.401685856445
4200,0.0
3344,10175.680391785632
2488,8163.460539590033
1632,8163.460539590033
776,8163.460539590033
41009,6768.943048673457
40153,0.0
39297,10131.062698852
38441,8052.17455142326
37585,8052.17455142326
36729,7971.718130141186
35873,7971.718130141186
35017,6524.561242193004
34161,0.0
33305,5956.778929778257
32449,5956.778929778257
31593,5956.778929778257
30737,5956.778929778257
29881,6271.35876069942
29025,6387.577644900653
28169,0.0
27313,9800.352511119445
26457,7976.566919483641
25601,7976.566919483641
24745,7933.147804137639
23889,7933.147804137639
23033,6566.418493458944
22177,0.0
21321,6485.2209953622905
20465,6485.2209953622905
19609,6504.363004551929
18753,6635.014765554603
17897,7146.430128833581
17041,7259.057973252519
16185,0.0
15329,10955.164047054403
14473,8560.917810390269
13617,8626.207156304128
12761,8068.908125653763
11905,8068.908125653763
11049,6711.954515147373
10193,0.0
9337,6239.198556536296
8481,6220.50549842721
7625,6083.521901134858
6769,6075.426556405513
5913,6318.42952020072
5057,6415.025241637768
4201,0.0
3345,9973.099473619659
2489,8030.597220745846
1633,8030.597220745846
777,7998.047977194717
41010,6288.925274154182
40154,0.0
39298,9088.312504746336
38442,6707.666275972637
37586,6707.666275972637
36730,6707.666275972637
35874,6707.666275972637
35018,5752.7478028142195
34162,0.0
33306,5607.634494749061
32450,5593.185669886573
31594,5593.185669886573
30738,5593.185669886573
29882,5724.846549315547
29026,0.0
28170,0.0
27314,9173.354319026814
26458,6837.7091266839
25602,6837.7091266839
24746,6837.7091266839
23890,6837.7091266839
23034,5724.846549315547
22178,0.0
21322,5593.185669886573
20466,5593.185669886573
19610,5593.185669886573
18754,5593.185669886573
17898,5959.242125143604
17042,6157.859062437326
16186,0.0
15330,13663.901658210969
14474,8849.630559017804
13618,9075.184201938484
12762,6837.7091266839
11906,6837.7091266839
11050,5752.7478028142195
10194,0.0
9338,5621.086923385245
8482,5621.086923385245
7626,5607.634494749061
6770,5607.634494749061
5914,5724.846549315547
5058,5724.846549315547
4202,0.0
3346,9256.172848255532
2490,6837.7091266839
1634,6837.7091266839
778,6837.7091266839
41011,3160.1698702586455
40155,0.0
39299,7692.390770626488
38443,5737.883711485267
37587,5648.915191152607
36731,5411.320851261597
35875,5375.9429406146255
35019,3118.970647273297
34163,0.0
33307,3639.317128249464
32451,3639.317128249464
31595,3639.317128249464
30739,3639.317128249464
29883,3639.317128249464
29027,3118.970647273297
28171,0.0
27315,7061.104852185131
26459,5494.281268239978
25603,5379.661225344538
24747,5375.9429406146255
23891,5375.9429406146255
23035,3118.970647273297
22179,0.0
21323,3639.317128249464
20467,3639.317128249464
19611,3639.317128249464
18755,3639.317128249464
17899,3694.4268500201847
17043,3139.3018166704705
16187,0.0
15331,10112.688009285104
14475,5952.087396275367
13619,6027.430695616024
12763,5824.246342635347
11907,5673.140616566499
11051,3129.6714567971067
10195,0.0
9339,3639.317128249464
8483,3639.317128249464
7627,3639.317128249464
6771,3639.317128249464
5915,3639.317128249464
5059,3118.970647273297
4203,0.0
3347,7706.048517443688
2491,5476.786255012465
1635,5379.661225344538
779,5375.9429406146255
41012,6554.006517094017
40156,0.0
39300,20716.135976681617
38444,16106.790076524887
37588,13972.387371320921
36732,13524.627422569272
35876,13653.877370759314
35020,4876.904872551197
34164,0.0
33308,9528.838269264415
32452,9471.057958686106
31596,9242.477189691466
30740,9218.998829903107
29884,11030.032360528807
29028,4761.09686583569
28172,0.0
27316,18839.974984976896
26460,14462.576135422216
25604,12517.409952095191
24748,12463.172048397888
23892,12866.90139726715
23036,4808.219757249831
22180,0.0
21324,9478.07039505558
20468,9434.183180904383
19612,9175.51241721896
18756,9303.621407857949
17900,12028.017355163798
17044,6364.840805334369
16188,0.0
15332,22447.228687448172
14476,16091.367993191552
13620,14918.250457830094
12764,14452.287246602853
11908,14240.509171758162
11052,5895.8016217578715
10196,0.0
9340,10728.098010506552
8484,9944.149196225411
7628,9555.830651965956
6772,9439.670373857358
5916,10987.447054492251
5060,4806.98898630781
4204,0.0
3348,19130.384565785873
2492,15714.781756915934
1636,12694.000685856257
780,12553.88302686795
41013,6302.415543041744
40157,0.0
39301,9302.456573834108
38445,8002.813684959978
37589,8002.813684959978
36733,8002.813684959978
35877,8002.813684959978
35021,5647.620588985156
34165,0.0
33309,5502.507280919997
32453,5462.82569116782
31597,5462.82569116782
30741,5462.82569116782
29885,5594.486570596795
29029,5594.486570596795
28173,0.0
27317,9084.944421511813
26461,8002.813684959978
25605,8002.813684959978
24749,8002.813684959978
23893,8002.813684959978
23037,5594.486570596795
22181,0.0
21325,5462.82569116782
20469,5462.82569116782
19613,5462.82569116782
18757,5462.82569116782
17901,5906.6076172611765
17045,6205.041695481881
16189,0.0
15333,13303.889689055146
14477,8611.692288222963
13621,8843.638300127928
12765,8002.813684959978
11909,8002.813684959978
11053,5647.620588985156
10197,0.0
9341,5515.959709556182
8485,5515.959709556182
7629,5502.507280919997
6773,5502.507280919997
5917,5594.486570596795
5061,5594.486570596795
4205,0.0
3349,9178.370473241532
2493,8002.813684959978
1637,8002.813684959978
781,8002.813684959978
41014,5254.618131985871
40158,0.0
39302,9032.574503952817
38446,6512.94897947476
37590,6501.445787632058
36734,6501.445787632058
35878,6501.445787632058
35022,4984.339731180042
34166,0.0
33310,4481.2477450261495
32454,4474.7028245676165
31598,4482.962030220637
30742,4501.4641135539705
29886,4717.778392011417
29030,4920.954968271253
28174,0.0
27318,8689.109691805332
26462,6507.481893837085
25606,6495.978701994386
24750,6495.978701994386
23894,6495.978701994386
23038,4933.840752840309
22182,0.0
21326,4477.003787690557
20470,4477.003787690557
19614,4488.705898382115
18758,4502.093007044729
17902,5009.072480024823
17046,5413.878686335581
16190,0.0
15334,10876.657232826465
14478,7992.507795160647
13622,8266.555793739466
12766,6495.978701994386
11910,6495.978701994386
11054,5115.705619349004
10198,0.0
9342,4508.747555952795
8486,4493.773382399076
7630,4476.735654382875
6774,4476.735654382875
5918,4686.505012381788
5062,4920.59663493792
4206,0.0
3350,8756.038917455437
2494,6507.481893837085
1638,6495.978701994386
782,6495.978701994386
41015,8500.106109057055
40159,0.0
39303,11895.551022725556
38447,8903.203748790114
37591,8903.203748790114
36735,8903.203748790114
35879,8903.203748790114
35023,8245.833020992513
34167,0.0
33311,6877.207029201404
32455,6865.79799260671
31599,6865.79799260671
30743,6874.9520276944295
29887,7362.143595355751
29031,8248.922914911413
28175,0.0
27319,12747.563567102214
26463,8903.203748790114
25607,8903.203748790114
24751,8903.203748790114
23895,8903.203748790114
23039,8248.922914911413
22183,0.0
21327,6836.734484727272
20471,6823.248251094778
19615,6823.248251094778
18759,6843.916761682844
17903,7567.074802714522
17047,8251.529286100413
16191,0.0
15335,16421.069836545557
14479,9064.138126886039
13623,9230.19487682511
12767,8903.203748790114
11911,8903.203748790114
11055,8410.312318440923
10199,0.0
9343,6828.061365691776
8487,6814.5751320592835
7631,6811.569746867437
6775,6820.723781955156
5919,7371.770588690549
5063,8248.922914911413
4207,0.0
3351,12437.184626225038
2495,8903.203748790114
1639,8903.203748790114
783,8903.203748790114
41016,9643.652285171449
40160,0.0
39304,11205.525469128928
38448,9806.888426243777
37592,9293.301672324107
36736,8862.366415501532
35880,8924.813437085995
35024,9295.651781092194
34168,0.0
33312,7526.861638094997
32456,7239.325280339904
31600,7227.998509888132
30744,7139.289971263086
29888,7240.009228646143
29032,9270.515623083536
28176,0.0
27320,10975.9581424741
26464,9481.936380258143
25608,9155.480819428
24752,8840.292919227211
23896,8941.10283144004
23040,9242.634651462566
22184,0.0
21328,7439.483233670114
20472,7263.848087139939
19616,7267.180919862771
18760,7141.45157078876
17904,7676.5320701203345
17048,9340.387768345683
16192,0.0
15336,10949.992554901659
14480,8243.074868450794
13624,8255.781218703369
12768,8009.223225053598
11912,7998.410158642884
11056,5732.936175802673
10200,0.0
9344,4763.743465502582
8488,4676.036295214736
7632,4638.150302806028
6776,4650.955420514182
5920,4641.285741230568
5064,5082.262388736765
4208,0.0
3352,10425.060827321666
2496,8007.575143771489
1640,7994.795729531711
784,7801.709458371849
41017,6535.903894766124
40161,0.0
39305,12189.741191851073
38449,8639.974254124909
37593,8187.5806227918765
36737,8137.225404451633
35881,8137.225404451633
35025,6472.764305866819
34169,0.0
33313,6137.718930787129
32457,6137.718930787129
31601,6113.9132290327425
30745,6113.9132290327425
29889,6414.0848944143345
29033,6439.211785930615
28177,0.0
27321,11435.68769471191
26465,8614.969160551374
25609,8167.397535687832
24753,8128.073668231065
23897,8128.073668231065
23041,6439.211785930615
22185,0.0
21329,6103.832492033117
20473,6103.832492033117
19617,6103.832492033117
18761,6131.669992033117
17905,6499.277598167479
17049,6770.29237337774
16193,0.0
15337,12012.457959477666
14481,11524.894718023666
13625,11760.922912631555
12769,8192.372548977604
11913,8148.25675533511
11057,6510.948862086386
10201,0.0
9345,6137.718930787129
8489,6137.718930787129
7633,6137.718930787129
6777,6137.718930787129
5921,6437.890596168721
5065,6439.211785930615
4209,0.0
3353,11442.766325219383
2497,8580.75837445898
1641,8176.5492719083995
785,8137.225404451633
41018,6742.923150885331
40162,0.0
39306,8643.18386137504
38450,6727.30691791263
37594,6574.81268600974
36738,6574.81268600974
35882,6574.81268600974
35026,5742.435741684699
34170,0.0
33314,5309.434916587638
32458,5286.699324153148
31602,5281.144374658199
30746,5301.5484222772475
29890,5557.175337906976
29034,5481.294245072341
28178,0.0
27322,8412.496431659756
26466,6634.987565645973
25610,6567.843896731812
24754,6567.843896731812
23898,6567.843896731812
23042,5481.294245072341
22186,0.0
21330,5312.339038882864
20474,5312.339038882864
19618,5312.339038882864
18762,5312.339038882864
17906,5819.174773318771
17050,6116.956231973444
16194,0.0
15338,9467.327554608872
14482,8717.908263670708
13626,9484.339003335092
12770,6574.81268600974
11914,6574.81268600974
11058,6083.111125694631
10202,0.0
9346,5721.086244001666
8490,5484.954810459848
7634,5267.047594508504
6778,5230.634919143745
5922,5440.263910888475
5066,5371.90189820145
4210,0.0
3354,8439.16680236576
2498,6693.5699266845595
1642,6574.81268600974
786,6574.81268600974
41019,5249.613328976354
40163,0.0
39307,8138.003161991737
38451,6938.3183656442
37595,6739.50345235909
36739,6726.060322277789
35883,6726.060322277789
35027,5068.844094319536
34171,0.0
33315,5381.40865520729
32459,5279.331849732954
31603,5263.050127347271
30747,5263.050127347271
29891,5290.889866887932
29035,5020.7266344085965
28179,0.0
27323,8138.003161991737
26467,6924.875235562898
25611,6726.060322277789
24755,6726.060322277789
23899,6726.060322277789
23043,5020.7266344085965
22187,0.0
21331,5347.656137224256
20475,5278.662497908895
19619,5262.380775523212
18763,5262.380775523212
17907,5292.250009575122
17051,5102.262518331796
16195,0.0
15339,8174.790817313191
14483,7036.673880064606
13627,7602.087376923228
12771,7020.102731125439
11915,6727.4684523590895
11059,5074.578185900237
10203,0.0
9347,5427.507140332981
8491,5306.274384787941
7635,5275.211921012951
6779,5266.463868650244
5923,5278.7065335545985
5067,5027.004857116027
4211,0.0
3355,8138.003161991737
2499,6924.875235562898
1643,6726.060322277789
787,6726.060322277789
41020,9160.270291370422
40164,0.0
39308,9731.445541215875
38452,9805.558225417255
37596,9268.858301023478
36740,8852.890803967368
35884,8999.403849708588
35028,8635.297724453689
34172,0.0
33316,7685.697761350698
32460,7670.691576083391
31604,7593.842594073683
30748,7488.818168453569
29892,8116.685566840045
29036,8592.091430686183
28180,0.0
27324,8758.209913354889
26468,9449.575913895374
25612,8776.078831844005
24756,8678.527529502686
23900,8876.734866182853
23044,8662.720680024806
22188,0.0
21332,7764.331701755962
20476,7764.331701755962
19620,7747.085149348923
18764,7594.9193042807065
17908,8634.722102651831
17052,8965.999336380755
16196,0.0
15340,10931.143413065338
14484,9537.827664937055
13628,9500.910500207545
12772,9194.0512252592
11916,9214.137027485733
11060,8659.249015662479
10204,0.0
9348,7641.1011400942725
8492,7641.1011400942725
7636,7591.992865810078
6780,7449.041346757151
5924,8066.690008843077
5068,8675.749352111041
4212,0.0
3356,9529.725597042125
2500,9482.506672274092
1644,8837.148454000217
788,8732.860501724908
41021,12767.329763428288
40165,0.0
39309,18560.593368936024
38453,15521.065670661832
37597,14475.470953656913
36741,14086.221299187093
35885,14162.00395391361
35029,10855.475792754729
34173,0.0
33317,10659.305443455607
32461,10694.369369581951
31605,10532.23806914654
30749,10467.286203815032
29893,11089.379948968659
29037,10940.272776670967
28181,0.0
27325,18673.14944910603
26469,14507.40991011404
25613,14294.617270466904
24757,14224.538280294044
23901,14140.276420386175
23045,10463.710005125991
22189,0.0
21333,10580.159739118613
20477,10506.235852769243
19621,10374.069976220479
18765,10519.468460100481
17909,12236.130169321417
17053,12455.937960506271
16197,0.0
15341,19354.745770902427
14485,16093.81159830031
13629,15365.771240444295
12773,15117.064598422807
11917,14795.921605424
11061,11224.29816597923
10205,0.0
9349,11214.149301859228
8493,10648.413844317223
7637,10542.014102122657
6781,10509.757254482472
5925,11255.08097955844
5069,11223.384421877612
4213,0.0
3357,17559.102200401932
2501,15966.803398147467
1645,14280.178868579354
789,13951.586516330448
41022,4256.747222487089
40166,0.0
39310,8563.331760619012
38454,6745.599778360139
37598,5789.98483950081
36742,5614.780493380212
35886,5618.319862868748
35030,4125.713910051474
34174,0.0
33318,4297.704896636326
32462,4235.141057981596
31606,4167.575268077056
30750,4243.030268135137
29894,4253.88525188262
29038,4045.969969871284
28182,0.0
27326,8376.07486191216
26470,6347.254563571909
25614,5395.858897014174
24758,5372.911132463909
23902,5387.285250305733
23046,4151.783091476773
22190,0.0
21334,4465.789807096068
20478,4470.545362651625
19622,4414.398451229714
18766,4377.439615931241
17910,4681.449158671836
17054,4978.272833149679
16198,0.0
15342,9744.20047465258
14486,6658.778134923706
13630,6071.957918699088
12774,5763.893088719019
11918,5635.8760868572745
11062,4289.142367933748
10206,0.0
9350,4374.7950824901445
8494,4295.848668059834
7638,4211.601830452997
6782,4204.214307607092
5926,4201.378921539206
5070,4014.2337229629534
4214,0.0
3358,8350.882386061503
2502,6392.762581759433
1646,5430.511223355753
790,5407.563458805487
41023,3939.9579746113595
40167,0.0
39311,8317.543524796136
38455,6618.039878912396
37599,6310.748838723255
36743,6310.748838723255
35887,6310.748838723255
35031,3728.6151003062905
34175,0.0
33319,3790.467125428705
32463,3783.929091379692
31607,3767.68845731905
30751,3764.043371848965
29895,3798.6472775507623
29039,3716.123139836205
28183,0.0
27327,8167.22166102508
26471,6618.039878912396
25615,6310.748838723255
24759,6310.748838723255
23903,6310.748838723255
23047,3716.123139836205
22191,0.0
21335,3757.557571771849
20479,3757.557571771849
19623,3767.68845731905
18767,3773.156650944387
17911,3825.9353287308313
17055,3927.4228841974514
16199,0.0
15343,8250.176555141818
14487,6687.860200467799
13631,7380.483579908557
12775,6721.656949947571
11919,6310.748838723255
11063,3755.9994137577137
10207,0.0
9351,3787.672841320759
8495,3787.672841320759
7639,3772.455221120834
6783,3772.455221120834
5927,3800.521092773618
5071,3700.0487808618464
4215,0.0
3359,8202.020975489733
2503,6618.039878912396
1647,6310.748838723255
791,6310.748838723255
41024,5748.316895383643
40168,0.0
39312,7645.303351029204
38456,6290.71197689898
37600,6296.003396845249
36744,6178.544808775279
35888,6178.544808775279
35032,5561.223854857655
34176,0.0
33320,4670.9262920979045
32464,4642.757777223055
31608,4637.021726498418
30752,4629.867993649345
29896,5276.201777757369
29040,5606.841204372154
28184,0.0
27328,7798.168169925481
26472,6173.917697882206
25616,6178.544808775279
24760,6178.544808775279
23904,6178.544808775279
23048,5581.798941967608
22192,0.0
21336,4649.204347653459
20480,4621.03583277861
19624,4621.03583277861
18768,4613.8820999295385
17912,5317.185626537163
17056,5813.868504849106
16200,0.0
15344,9281.044697568024
14488,6471.922808839406
13632,6590.417604228585
12776,6523.67241016612
11920,6367.019112346928
11064,5768.737537057365
10208,0.0
9352,4685.5985282860465
8496,4657.430013411197
7640,4657.430013411197
6784,4650.276280562126
5928,5364.861476394103
5072,5693.037636800615
4216,0.0
3360,7637.013957077156
2504,6173.917697882206
1648,6178.544808775279
792,6178.544808775279
41025,7101.76462447275
40169,0.0
39313,9986.79582286305
38457,7928.680695915605
37601,7430.879568342707
36745,7352.929503651936
35889,7250.235137165491
35033,5750.871566999539
34177,0.0
33321,5555.384231733778
32465,5570.0756548097
31609,5595.197146257214
30753,5751.310847128374
29897,5744.91746834203
29041,5746.443701037389
28185,0.0
27329,9528.133024030483
26473,7405.444172457459
25617,6977.843665540325
24761,6941.173592156679
23905,6869.3085131370235
23049,5609.072006743201
22193,0.0
21337,5515.298559855972
20481,5502.238548949211
19625,5505.92046278141
18769,5634.041212906679
17913,5844.980003432866
17057,6462.993483182932
16201,0.0
15345,9802.506887224594
14489,8371.629095059327
13633,8331.831192551084
12777,7610.194798763487
11921,7350.5469936339805
11065,5874.013928449446
10209,0.0
9353,5705.572905084186
8497,5590.454466438675
7641,5532.628329819891
6785,5700.485134564937
5929,5706.541542935881
5073,5725.21636301284
4217,0.0
3361,9611.3756318524
2505,7456.096604593788
1649,7132.097523970797
793,7104.687653578604
41026,5024.424431590367
40170,0.0
39314,8357.945168387369
38458,7153.078909977139
37602,6645.823572139097
36746,6623.696226460085
35890,6576.422557345525
35034,4588.645977059219
34178,0.0
33322,6023.931291822284
32466,6020.460656901649
31610,5970.972224963217
30754,5991.204895417762
29898,6162.452302478295
29042,0.0
28186,0.0
27330,8501.034697308338
26474,6456.881124536355
25618,6357.416634820727
24762,6387.3038759129695
23906,6439.800463728426
23050,5761.30074084139
22194,0.0
21338,5000.510318801154
20482,4997.554795805631
19626,4991.832903569328
18770,5005.207939722788
17914,5534.712027725803
17058,6212.869224853664
16202,0.0
15346,8847.17209422101
14490,6775.586183515572
13634,7376.507044529962
12778,6869.590152353747
11922,6533.119847761492
11066,5792.047317318977
10210,0.0
9354,5160.894258485409
8498,5140.514880714059
7642,5099.351134017746
6786,5062.311707610818
5930,5512.780226124626
5074,5795.345499948025
4218,0.0
3362,8582.2148090022
2506,6445.940417945132
1650,6021.5191606268845
794,6051.08371505962
41027,9351.57071810199
40171,0.0
39315,11320.084275474497
38459,10628.89343356539
37603,10441.004964382559
36747,10121.77478422327
35891,10051.723714454914
35035,9133.325645152627
34179,0.0
33323,7198.310481240559
32467,7182.122579893539
31611,7203.079961672435
30755,7328.196373762524
29899,7540.225148968907
29043,8664.973667945924
28187,0.0
27331,10432.380077045327
26475,9419.36238013583
25619,9349.961940670319
24763,8896.234876216262
23907,9042.653265764458
23051,8464.947241240863
22195,0.0
21339,7026.801559898853
20483,7172.571877221781
19627,7281.503764360513
18771,7309.816224504878
17915,7694.061790782273
17059,8848.815693657338
16203,0.0
15347,11745.052305864625
14491,9710.977558389588
13635,9811.694687416202
12779,9082.352709871227
11923,8914.580097258962
11067,9251.979303960576
10211,0.0
9355,7068.1781908852545
8499,7045.532220189284
7643,7090.199442848975
6787,7069.7158109142365
5931,7219.70286325596
5075,8565.838785287051
4219,0.0
3363,11465.444992430863
2507,8928.594737527188
1651,8768.947434786063
795,8351.613785435422
41028,6306.447801104804
40172,0.0
39316,12347.718617977585
38460,9241.012894066318
37604,9130.60086856467
36748,9014.265520134762
35892,8973.064401699421
35036,6306.447801104804
34180,0.0
33324,6957.396917103472
32468,6887.607640311588
31612,6887.607640311588
30756,6887.607640311588
29900,7078.4559427381155
29044,6203.384365864663
28188,0.0
27332,12225.845136314701
26476,9034.508748215292
25620,8972.327201745764
24764,8972.327201745764
23908,8972.327201745764
23052,6131.73463610808
22196,0.0
21340,6887.607640311588
20484,6887.607640311588
19628,6887.607640311588
18772,7019.279518523568
17916,7247.824909998422
17060,6038.260359646298
16204,0.0
15348,10726.458382826551
14492,9029.050964926259
13636,9313.35209707252
12780,9093.970524069427
11924,9140.543963416789
11068,5908.739735030772
10212,0.0
9356,6993.982801457214
8500,6993.982801457214
7644,6957.102444314357
6788,6957.102444314357
5932,7062.357303282333
5076,5902.960813462144
4220,0.0
3364,12225.965407046784
2508,9033.546672096967
1652,8972.327201745764
796,8972.327201745764
41029,6155.54163658686
40173,0.0
39317,8265.297797894324
38461,7188.897481363602
37605,7107.061564381403
36749,7029.636723565829
35893,7029.636723565829
35037,5878.590942546212
34181,0.0
33325,5450.407097517189
32469,5417.661238931331
31613,5417.661238931331
30757,5436.262385678407
29901,5917.214378677893
29045,0.0
28189,0.0
27333,7945.324597392445
26477,6685.116043104151
25621,6665.953800014741
24765,6665.953800014741
23909,6665.953800014741
23053,5852.896538415147
22197,0.0
21341,5383.36835892793
20485,5383.36835892793
19629,5379.762704166025
18773,5413.677382057882
17917,6121.651312331898
17061,6138.986947583911
16205,0.0
15349,9521.519585096476
14493,7202.763653723602
13637,7406.803115736783
12781,7217.205931384467
11925,6785.284594494292
11069,5875.370649862521
10213,0.0
9357,5403.374658838762
8501,5403.374658838762
7645,5379.762704166025
6789,5398.363850913101
5933,5971.801480231358
5077,5875.370649862521
4221,0.0
3365,8528.98432362001
2509,6567.797938880839
1653,6548.635695791429
797,6548.635695791429
41030,3044.4780817484434
40174,0.0
39318,7649.904575501699
38462,6349.05597234908
37606,6324.0912222143525
36750,6167.071077053714
35894,6167.071077053714
35038,3014.9086869734074
34182,0.0
33326,3780.6323275901154
32470,3773.7547934514596
31614,3768.1453600864706
30758,3768.1453600864706
29902,4157.286907840642
29046,3014.9086869734074
28190,0.0
27334,6903.204380562904
26478,6176.429006256462
25622,6167.071077053714
24766,6167.071077053714
23910,6167.071077053714
23054,3014.9086869734074
22198,0.0
21342,3768.1453600864706
20486,3768.1453600864706
19630,3768.1453600864706
18774,3768.1453600864706
17918,4334.940970977159
17062,3066.1591125774275
16206,0.0
15350,8981.279863974962
14494,6551.317212695047
13638,6731.866133435027
12782,6701.994350115318
11926,6450.950275462247
11070,3014.9086869734074
10214,0.0
9358,3780.6323275901154
8502,3780.6323275901154
7646,3780.6323275901154
6790,3780.6323275901154
5934,4157.286907840642
5078,3014.9086869734074
4222,0.0
3366,7651.311271636718
2510,6176.429006256462
1654,6167.071077053714
798,6167.071077053714
41031,6454.076354951187
40175,0.0
39319,9161.2523796419
38463,7818.11574877868
37607,6965.195123462315
36751,6888.787289085732
35895,6868.562228075574
35039,5969.08228964382
34183,0.0
33327,5111.094472453269
32471,5084.089449088997
31615,5061.031350285394
30759,5153.977895499439
29903,5260.479567062697
29047,5959.483001701371
28191,0.0
27335,8779.547373224375
26479,7508.007347478577
25623,6910.853564999482
24767,6867.487490278573
23911,6847.191820975672
23055,5890.48136028723
22199,0.0
21343,5187.541305313019
20487,5164.15506022929
19631,5189.742682648908
18775,5279.503554994155
17919,5591.134191154215
17063,6285.342994205696
16207,0.0
15351,9740.209006091074
14495,7818.656413146133
13639,7384.051145328602
12783,6999.62547021508
11927,6945.775508385517
11071,5978.991120263683
10215,0.0
9359,5129.861137571319
8503,5107.508555770431
7647,5064.5486051149755
6791,5064.5486051149755
5935,5167.5330218486515
5079,6019.751583226646
4223,0.0
3367,8765.138620571068
2511,7600.071352869906
1655,6884.779884943204
799,6858.04837279151
41032,6696.0234731107785
40176,4067.3947153309655
39320,11733.467175408865
38464,8545.938625554538
37608,8545.938625554538
36752,8545.938625554538
35896,8545.938625554538
35040,6117.70302833911
34184,4055.17788031413
33328,7024.5026319065455
32472,7050.6042551810215
31616,7050.6042551810215
30760,7050.6042551810215
29904,7050.6042551810215
29048,6061.702753289439
28192,4024.050763449514
27336,11373.190242771305
26480,8545.938625554538
25624,8545.938625554538
24768,8545.938625554538
23912,8545.938625554538
23056,6061.702753289439
22200,4077.808966496467
21344,7050.6042551810215
20488,7050.6042551810215
19632,7050.6042551810215
18776,7050.6042551810215
17920,7109.886994305683
17064,5639.10252008366
16208,4457.340738520738
15352,11284.485973476863
14496,8691.727522371148
13640,9665.51317399704
12784,8545.938625554538
11928,8545.938625554538
11072,6194.958203276214
10216,3270.8861912624416
9360,6995.375257564878
8504,6995.375257564878
7648,7004.381696947195
6792,7004.381696947195
5936,7030.483320221671
5080,6061.702753289439
4224,3213.758904845155
3368,11114.169514447703
2512,8545.938625554538
1656,8545.938625554538
800,8545.938625554538
41033,7474.455367905425
40177,0.0
39321,8508.549381764871
38465,8143.24364731223
37609,7690.009661482324
36753,7679.83551182246
35897,7667.511035090859
35041,6648.980513982729
34185,0.0
33329,8027.785426011612
32473,7636.330259841421
31617,7627.535452296428
30761,7635.323044497255
29905,7777.9936321414025
29049,6622.989173364389
28193,0.0
27337,8340.268098696086
26481,7957.351044158704
25625,7608.9109216693005
24769,7608.9109216693005
23913,7620.126086068393
23057,6518.0146438940465
22201,0.0
21345,7832.2277637769985
20489,7677.489532133943
19633,7706.0123531640775
18777,7725.953101760167
17921,8130.432047351126
17065,7088.9113512434
16209,0.0
15353,8716.573512904159
14497,8054.524697534299
13641,7592.592556870353
12785,7816.1784193295
11929,7734.485523030331
11073,6759.242363028744
10217,0.0
9361,8115.048411592687
8505,7833.589626791989
7649,7736.657786133214
6793,7732.75368506786
5937,7758.555403425675
5081,6685.150150581615
4225,0.0
3369,8366.520599070955
2513,7973.773867287956
1657,7625.333744798551
801,7625.333744798551
41034,7500.447893016835
40178,0.0
39322,9752.633960240517
38466,7901.166997177468
37610,7876.105949271441
36754,7862.049401326021
35898,7862.049401326021
35042,7291.012900707083
34186,0.0
33330,5687.910929058429
32474,5643.51648644815
31618,5635.90018020469
30762,5643.746364067123
29906,7011.192701980379
29050,7235.822669225603
28194,0.0
27338,9565.084979158688
26482,7863.377611762399
25626,7848.966464818085
24770,7848.966464818085
23914,7848.966464818085
23058,7226.8277068731395
22202,0.0
21346,5617.36367934219
20490,5632.625547628449
19634,5632.625547628449
18778,5640.471731490882
17922,8150.820882386425
17066,8528.457003603262
16210,0.0
15354,12811.155923371289
14498,8211.686406292614
13642,8382.123248516458
12786,8058.632872516574
11930,7844.403521726697
11074,7341.850322753634
10218,0.0
9362,5733.028846817707
8506,5733.028846817707
7650,5703.729120033098
6794,5692.07310151458
5938,7125.069850248776
5082,7258.928769122083
4226,0.0
3370,9847.919004464442
2514,7823.1729242624
1658,7808.761777318085
802,7808.761777318085
41035,3391.3381339064194
40179,0.0
39323,6221.174577725424
38467,5700.208449925378
37611,5432.282803797339
36755,5445.341277449773
35899,5387.039384651003
35043,3202.3205049661005
34187,0.0
33331,3477.1281945186615
32475,3441.190804052001
31619,3441.190804052001
30763,3441.190804052001
29907,3443.915267989623
29051,0.0
28195,0.0
27339,7924.171865237567
26483,5599.295053548199
25627,5522.410337985216
24771,5416.931046023116
23915,5444.6915390662925
23059,3202.0724702254884
22203,0.0
21347,3436.9588940428175
20491,3436.9588940428175
19635,3436.9588940428175
18779,3445.5424909609046
17923,3476.632801759998
17067,3267.377067338758
16211,0.0
15355,9045.967019783106
14499,5779.109284082272
13643,5919.061354718883
12787,5770.511645760451
11931,5610.115107493662
11075,3228.2138547206237
10219,0.0
9363,3517.4521691415302
8507,3517.4521691415302
7651,3477.1281945186615
6795,3477.1281945186615
5939,3443.915267989623
5083,3215.204063634233
4227,0.0
3371,7966.788436906639
2515,5684.433136130808
1659,5600.776525343869
803,5466.295190674469
41036,6315.549247927037
40180,0.0
39324,9112.4181403763
38468,8027.2951721121535
37612,8027.2951721121535
36756,8027.2951721121535
35900,8027.2951721121535
35044,5692.919494271771
34188,0.0
33332,5587.643008745264
32476,5547.961418993086
31620,5547.961418993086
30764,5547.961418993086
29908,5679.62229842206
29052,5639.785475883409
28196,0.0
27340,9019.689239121952
26484,8027.2951721121535
25628,8027.2951721121535
24772,8027.2951721121535
23916,8027.2951721121535
23060,5639.785475883409
22204,0.0
21348,5547.961418993086
20492,5547.961418993086
19636,5547.961418993086
18780,5547.961418993086
17924,6034.2629608359675
17068,6348.687528794121
16212,0.0
15356,13296.310791023794
14500,9098.412003617299
13644,9665.82625455325
12788,8027.2951721121535
11932,8027.2951721121535
11076,5692.919494271771
10220,0.0
9364,5601.095437381448
8508,5601.095437381448
7652,5587.643008745264
6796,5587.643008745264
5940,5679.62229842206
5084,5639.785475883409
4228,0.0
3372,8981.757023042848
2516,8027.2951721121535
1660,8027.2951721121535
804,8027.2951721121535
41037,6252.149822046145
40181,0.0
39325,10518.792669154685
38469,9157.413978475912
37613,8321.269306206692
36757,8191.164098473746
35901,8149.45696221788
35045,5712.9921319408695
34189,0.0
33333,6765.749216108308
32477,6670.629334243797
31621,6669.475821136535
30765,6664.775171461372
29909,6672.509300780756
29053,5622.714364738993
28197,0.0
27341,10097.938783993528
26485,8843.356895262861
25629,8152.261006718002
24773,8052.840133019653
23917,8052.840133019653
23061,5561.897166482456
22205,0.0
21349,6652.526166213386
20493,6625.096507016375
19637,6687.381633070876
18781,6753.448215974411
17925,6866.1605334627575
17069,6310.3895433769385
16213,0.0
15357,11306.91607676671
14501,9153.94738125369
13645,8371.08618766483
12789,8301.495018569532
11933,8259.266891788906
11077,5862.476169640115
10221,0.0
9365,6898.840813988017
8509,6748.150791887016
7653,6741.614154169715
6797,6729.488504494553
5941,6669.291712202428
5085,5686.327217143351
4229,0.0
3373,10099.061896389056
2517,8845.5852621932
1661,8142.83509075732
805,8100.056601176137
41038,6756.95266562365
40182,0.0
39326,10155.409797500384
38470,6722.238859206147
37614,6665.538282582468
36758,6510.568273281801
35902,6510.568273281801
35046,5506.99143923402
34190,0.0
33334,5909.445059210897
32478,5909.445059210897
31622,5909.445059210897
30766,5909.445059210897
29910,6432.155866349997
29054,5475.353343995926
28198,0.0
27342,8772.510767531849
26486,6537.299231488135
25630,6510.568273281801
24774,6510.568273281801
23918,6510.568273281801
23062,5449.123164118665
22206,0.0
21350,5909.445059210897
20494,5909.445059210897
19638,5909.445059210897
18782,5909.445059210897
17926,7408.947901602905
17070,5799.661406944541
16214,0.0
15358,9481.358549428514
14502,6936.816106807281
13646,7146.792062259004
12790,7023.8537067408715
11934,6742.67806485743
11078,5572.274904323321
10222,0.0
9366,5873.1146939020855
8510,5873.1146939020855
7654,5873.1146939020855
6798,5873.1146939020855
5942,6436.543642710447
5086,5397.727674509643
4230,0.0
3374,9961.801773886371
2518,6537.299231488135
1662,6510.568273281801
806,6510.568273281801
41039,8247.795872021812
40183,0.0
39327,13105.476460827143
38471,10919.95366501092
37615,9922.817901249678
36759,9874.404031445116
35903,9874.404031445116
35047,6925.2501103977675
34191,0.0
33335,7307.987542979956
32479,7302.587934339451
31623,7302.587934339451
30767,7311.031082487599
29911,6908.957763203837
29055,6885.571187223896
28199,0.0
27343,12676.321148930967
26487,10806.043432763581
25631,9922.817901249678
24775,9874.404031445116
23919,9874.404031445116
23063,6858.996984963475
22207,0.0
21351,7208.021562943489
20495,7208.021562943489
19639,7248.0596581815835
18783,7356.164204597034
17927,7505.541150099818
17071,8129.559753795213
16215,0.0
15359,13299.542321488952
14503,10910.42804888728
13647,10326.424120300573
12791,10185.219905961749
11935,9947.287529308258
11079,6969.403203832111
10223,0.0
9367,7650.527456806142
8511,7585.755517217953
7655,7364.95142573666
6799,7307.987542979956
5943,6908.957763203837
5087,6908.957763203837
4231,0.0
3375,12675.90651625936
2519,10806.043432763581
1663,9922.817901249678
807,9874.404031445116
41040,3943.469551122498
40184,0.0
39328,9217.294987603356
38472,6560.392798759479
37616,6532.2997279074425
36760,6400.710079834203
35904,6400.710079834203
35048,3840.083630003307
34192,0.0
33336,5436.023490054562
32480,5425.4398491826905
31624,5447.2824034986525
30768,5406.144088903195
29912,4628.036559195002
29056,3846.7358786805557
28200,0.0
27344,8453.157155287077
26488,6434.4302090773335
25632,6400.710079834203
24776,6400.710079834203
23920,6400.710079834203
23064,3846.7358786805557
22208,0.0
21352,5425.4398491826905
20496,5425.4398491826905
19640,5447.2824034986525
18784,5406.144088903195
17928,4945.259534247681
17072,3968.790481387284
16216,0.0
15360,6622.097498302351
14504,6853.942449849656
13648,7049.189082888459
12792,6930.364957435331
11936,6611.961828266975
11080,3859.6097797794573
10224,0.0
9368,5456.6729360432655
8512,5456.6729360432655
7656,5470.315358160598
6800,5416.727729775066
5944,4479.5004877449865
5088,3839.725561220238
4232,0.0
3376,8655.022153624055
2520,6434.4302090773335
1664,6400.710079834203
808,6400.710079834203
41041,6207.6553334690525
40185,0.0
39329,8655.782670260756
38473,7458.212877425228
37617,7423.873037381343
36761,7293.853624610298
35905,7293.853624610298
35049,5672.133966071258
34193,0.0
33337,3702.1101232350184
32481,3702.1101232350184
31625,3723.615331568352
30769,3695.287758563334
29913,5047.632650037199
29057,5410.543369124735
28201,0.0
27345,8578.413904106867
26489,6870.120790173191
25633,6855.7530345484065
24777,6855.7530345484065
23921,6855.7530345484065
23065,5011.758719810564
22209,0.0
21353,3733.593338907183
20497,3733.593338907183
19641,3754.9086120895267
18785,3747.754879240455
17929,4803.415130570618
17073,5208.13639869883
16217,0.0
15361,12570.734365729288
14505,7139.099068948637
13649,7361.105970917828
12793,7229.85377392622
11937,6929.999858071938
11081,5306.672662636503
10225,0.0
9369,3753.4576846547056
8513,3753.4576846547056
7657,3753.4576846547056
6801,3746.303951805634
5945,4583.363379057013
5089,5009.301163141446
4233,0.0
3377,8929.661151738972
2521,6831.244603374909
1665,6816.876847750124
809,6816.876847750124
41042,7885.18813264098
40186,0.0
39330,9118.157816142928
38474,7985.407734217282
37618,7985.407734217282
36762,7985.407734217282
35906,7985.407734217282
35050,5698.607357885923
34194,0.0
33338,5550.669616092352
32482,5479.006196951164
31626,5479.006196951164
30770,5479.006196951164
29914,5610.6670763801385
29058,5610.6670763801385
28202,0.0
27346,8888.653228471783
26490,7985.407734217282
25634,7985.407734217282
24778,7985.407734217282
23922,7985.407734217282
23066,5610.6670763801385
22210,0.0
21354,5479.006196951164
20498,5479.006196951164
19642,5479.006196951164
18786,5479.006196951164
17930,5868.625131635669
17074,6492.082814323063
16218,0.0
15362,9679.520670989023
14506,8835.139711173018
13650,9552.128370271339
12794,7985.407734217282
11938,7985.407734217282
11082,5843.564766455519
10226,0.0
9370,5574.992810076859
8514,5574.992810076859
7658,5550.669616092352
6802,5550.669616092352
5946,5610.6670763801385
5090,5610.6670763801385
4234,0.0
3378,9111.03570776364
2522,7985.407734217282
1666,7985.407734217282
810,7985.407734217282
41043,5336.843573150705
40187,0.0
39331,10273.939539692174
38475,8787.607988181535
37619,8287.955742018157
36763,8125.545636571584
35907,8170.697025017012
35051,5179.828246581446
34195,0.0
33339,6755.25015696258
32483,6797.684535975277
31627,6356.666624590066
30771,6289.018466426962
29915,7168.360594768796
29059,5041.131017652968
28203,0.0
27347,10343.846818451984
26491,8571.378878255582
25635,7879.862315424207
24779,7890.35222991818
23923,7997.189592028559
23067,5013.862614569123
22211,0.0
21355,6783.650860824965
20499,6882.374337961758
19643,6539.248404389395
18787,6547.340080205629
17931,8333.181611044185
17075,5671.713960206459
16219,0.0
15363,10445.07244755477
14507,8917.212899879216
13651,8633.808229906406
12795,8222.193810921652
11939,8240.965087093486
11083,5360.645915646172
10227,0.0
9371,6742.4936006337375
8515,6775.940901434789
7659,6427.567223106384
6803,6340.3413231942895
5947,7169.43724728295
5091,5205.356572426468
4235,0.0
3379,10379.08522926802
2523,8672.358308394536
1667,7961.563643923352
811,7951.686428787696
41044,8958.579222747763
40188,0.0
39332,10940.514569082026
38476,8966.274138629115
37620,8708.430344156777
36764,8708.430344156777
35908,8708.430344156777
35052,8041.704916500515
34196,0.0
33340,7037.2215131653475
32484,7035.414357684332
31628,7035.414357684332
30772,7035.414357684332
29916,7648.961655450319
29060,7923.270734273933
28204,0.0
27348,10629.54461787715
26492,8925.03318874496
25636,8690.054880317159
24780,8690.054880317159
23924,8690.054880317159
23068,7941.055212669857
22212,0.0
21356,7008.700865917048
20500,7008.700865917048
19644,7066.218506609687
18788,7174.136621096118
17932,8059.737582610685
17076,8419.040936209703
16220,0.0
15364,11406.401647827073
14508,9359.123773768264
13652,9780.918610142018
12796,9062.67804306704
11940,8708.430344156777
11084,8151.82138231988
10228,0.0
9372,7322.874323098461
8516,7269.826991106509
7660,7048.979152054236
6804,7037.2215131653475
5948,7648.961655450319
5092,7923.270734273933
4236,0.0
3380,10639.005432948874
2524,8958.164207529091
1668,8708.430344156777
812,8697.456793036328
41045,5696.424287813902
40189,0.0
39333,8915.117673932808
38477,6695.7260875738575
37621,6734.078890216125
36765,6612.130421495706
35909,6612.130421495706
35053,5696.424287813902
34197,0.0
33341,5896.156543541167
32485,5896.156543541167
31629,5896.156543541167
30773,5896.156543541167
29917,5738.589589753085
29061,5696.424287813902
28205,0.0
27349,8392.036132901847
26493,6638.861379702039
25637,6612.130421495706
24781,6612.130421495706
23925,6612.130421495706
23069,5696.424287813902
22213,0.0
21357,5896.156543541167
20501,5896.156543541167
19645,5896.156543541167
18789,5896.156543541167
17933,5759.466305894087
17077,5717.301003954905
16221,0.0
15365,8840.158388223044
14509,6884.256807039186
13653,7175.922258394614
12797,7192.409834010567
11941,6806.777058653137
11085,5696.424287813902
10229,0.0
9373,5859.826178232355
8517,5859.826178232355
7661,5859.826178232355
6805,5859.826178232355
5949,5738.589589753085
5093,5696.424287813902
4237,0.0
3381,8810.17903797219
2525,6638.861379702039
1669,6612.130421495706
813,6612.130421495706
41046,8386.274618819274
40190,0.0
39334,9323.88725190093
38478,7036.289897537335
37622,7036.289897537335
36766,7036.289897537335
35910,7036.289897537335
35054,5787.554065931642
34198,0.0
33342,5639.616324138071
32486,5593.185669886573
31630,5593.185669886573
30774,5593.185669886573
29918,5724.846549315547
29062,5724.846549315547
28206,0.0
27350,9109.423471027969
26494,7036.289897537335
25638,7036.289897537335
24782,7036.289897537335
23926,7036.289897537335
23070,5724.846549315547
22214,0.0
21358,5593.185669886573
20502,5593.185669886573
19646,5593.185669886573
18790,5593.185669886573
17934,5920.949828398338
17078,6636.767686077652
16222,0.0
15366,10123.768700242434
14510,9470.18544809142
13654,10053.74528814029
12798,7036.289897537335
11942,7036.289897537335
11086,5931.018109116621
10230,0.0
9374,5663.939518122578
8518,5663.939518122578
7662,5639.616324138071
6806,5639.616324138071
5950,5724.846549315547
5094,5724.846549315547
4238,0.0
3382,9255.444554487154
2526,7036.289897537335
1670,7036.289897537335
814,7036.289897537335
41047,6131.962929263947
40191,0.0
39335,9775.397344295892
38479,7895.504535638186
37623,7319.7341130849545
36767,7248.819318750088
35911,7283.340325142013
35055,5283.656682171115
34199,0.0
33343,5105.585697111861
32487,4976.963274984301
31631,4931.905665149606
30775,4960.035679866056
29919,5088.725909892709
29063,5160.5012048305625
28207,0.0
27351,9303.540806574725
26495,7385.98996165491
25639,7070.963095601173
24783,7005.278264056553
23927,7001.6818122232135
23071,5125.489409496267
22215,0.0
21359,4971.504681201571
20503,4902.223191931181
19647,4850.6774587661985
18791,4905.172244852893
17935,5658.928632789542
17079,5973.8394013807065
16223,0.0
15367,9894.524941938336
14511,7990.999277753693
13655,8097.035816904086
12799,7605.003488134679
11943,7264.6525595464245
11087,5405.493972810403
10231,0.0
9375,5218.158218120551
8519,5078.682754778551
7663,4977.678054795658
6807,5005.342670747835
5951,5096.785884378263
5095,5174.468445093023
4239,0.0
3383,9263.569851426351
2527,7608.780693919626
1671,7167.555738218859
815,7036.690207490753
41048,6448.573165023426
40192,0.0
39336,9122.962304577482
38480,6995.573085753381
37624,6995.573085753381
36768,6995.573085753381
35912,6995.573085753381
35056,5018.724339950267
34200,0.0
33344,5194.57724360076
32488,5148.146589349262
31632,5148.146589349262
30776,5148.146589349262
29920,5153.5024782381515
29064,4956.016823334172
28208,0.0
27352,8757.559957632726
26496,6995.573085753381
25640,6995.573085753381
24784,6995.573085753381
23928,6995.573085753381
23072,4956.016823334172
22216,0.0
21360,5148.146589349262
20504,5148.146589349262
19648,5148.146589349262
18792,5148.146589349262
17936,5471.198639061958
17080,5156.95580202923
16224,0.0
15368,9173.094938427732
14512,9192.432028957659
13656,9675.485934168282
12800,6995.573085753381
11944,6995.573085753381
11088,5110.761245234318
10232,0.0
9376,5218.900437585266
8520,5218.900437585266
7664,5194.57724360076
6808,5194.57724360076
5952,5153.5024782381515
5096,4956.016823334172
4240,0.0
3384,9037.922465503942
2528,6995.573085753381
1672,6995.573085753381
816,6995.573085753381
41049,9776.295364066693
40193,0.0
39337,13043.42813189059
38481,11534.14878294088
37625,10850.165700430556
36769,10503.26289873468
35913,10479.02526538807
35057,9341.68571768508
34201,0.0
33345,8750.189925051847
32489,8773.507229732839
31633,8758.174688200297
30777,8777.257315056198
29921,8796.775742542211
29065,8774.725213441683
28209,0.0
27353,12052.451263063727
26497,10962.047386944916
25641,10347.591409410428
24785,10346.35975567065
23929,10429.095333775327
23073,8416.098220035366
22217,0.0
21361,8473.112879332713
20505,8493.675433445267
19649,8581.477676253384
18793,9389.506484268431
17937,9628.323013267656
17081,9930.288177073402
16225,0.0
15369,12688.730186187671
14513,11024.298158508225
13657,11560.19961079411
12801,11072.369136281019
11945,10973.845670071303
11089,9523.297648452548
10233,0.0
9377,9554.37568092008
8521,9372.76375015261
7665,9127.873133019522
6809,8734.857383519306
5953,8763.133645989341
5097,8741.083116888813
4241,0.0
3385,12100.199102933808
2529,10812.137897851615
1673,10342.36560965463
817,10331.872051152946
41050,3627.9830617717407
40194,0.0
39338,8314.07582471707
38482,6251.156092280805
37626,5997.095429631268
36770,5902.018010809966
35914,5902.018010809966
35058,3627.9830617717407
34202,0.0
33346,3989.1038711682777
32490,3975.378549795943
31634,3975.378549795943
30778,3975.378549795943
29922,4054.664861518416
29066,0.0
28210,0.0
27354,9123.776387914319
26498,6214.180345467155
25642,5936.118732493725
24786,5936.118732493725
23930,5936.118732493725
23074,3611.351921448673
22218,0.0
21362,3932.8714295714994
20506,3932.8714295714994
19650,3932.8714295714994
18794,3948.184960716281
17938,4166.614984879402
17082,3705.5835297543704
16226,0.0
15370,11419.876672174472
14514,6421.758802141391
13658,6308.146179499574
12802,6335.272332538911
11946,6191.230038216993
11090,3637.9229078960466
10234,0.0
9378,3932.8714295714994
8522,3932.8714295714994
7666,3932.8714295714994
6810,3932.8714295714994
5954,4109.251963071879
5098,3637.9229078960466
4242,0.0
3386,9526.139219928236
2530,6346.082692463326
1674,6174.543894066608
818,6151.352536041917
41051,11745.972331911982
40195,0.0
39339,13965.867629602648
38483,11550.794812171453
37627,10365.877850027955
36771,10337.940246203718
35915,10336.872984298958
35059,10388.952952608013
34203,0.0
33347,10492.440279302828
32491,10002.730583319055
31635,9735.273495758649
30779,9773.970844362344
29923,10295.746755472543
29067,10279.492293094641
28211,0.0
27355,13236.359779602994
26499,11364.144191737849
25643,10308.55301549466
24787,10308.55301549466
23931,10317.073672159155
23075,10170.076454323571
22219,0.0
21363,10343.725116769005
20507,10033.992598365528
19651,9686.206504940183
18795,9730.76950993914
17939,11056.863754384021
17083,11445.954486598854
16227,0.0
15371,13684.18181047126
14515,11538.819065201065
13659,10869.468080439543
12803,10826.550516366851
11947,10438.761347891097
11091,10588.447259936676
10235,0.0
9379,10720.032135842932
8523,10120.80701522173
7667,9686.199904923958
6811,9724.127370486716
5955,10352.509348319512
5099,10329.870690912103
4243,0.0
3387,13254.395853945318
2531,11341.316645441553
1675,10308.55301549466
819,10308.55301549466
41052,7682.831863984363
40196,0.0
39340,8601.597167340227
38484,7017.958250630498
37628,7017.958250630498
36772,7017.958250630498
35916,7017.958250630498
35060,5686.0399909338685
34204,0.0
33348,5574.270231916718
32492,5527.8395776652205
31636,5527.8395776652205
30780,5527.8395776652205
29924,5659.500457094194
29068,0.0
28212,0.0
27356,8495.692552584633
26500,7017.958250630498
25644,7017.958250630498
24788,7017.958250630498
23932,7017.958250630498
23076,5623.332474317772
22220,0.0
21364,5527.8395776652205
20508,5527.8395776652205
19652,5527.8395776652205
18796,5527.8395776652205
17940,5865.141445235493
17084,6374.245071666113
16228,0.0
15372,10055.079385000694
14516,8754.879434007182
13660,9640.400246565605
12804,7017.958250630498
11948,7017.958250630498
11092,5959.401826563922
10236,0.0
9380,5598.593425901225
8524,5598.593425901225
7668,5574.270231916718
6812,5574.270231916718
5956,5659.500457094194
5100,5623.332474317772
4244,0.0
3388,8821.616524126877
2532,7017.958250630498
1676,7017.958250630498
820,7017.958250630498
41053,5531.193480806254
40197,0.0
39341,8093.279932421742
38485,7464.21001940845
37629,7461.089408715598
36773,7261.047022487646
35917,7261.047022487646
35061,4942.966998109706
34205,0.0
33349,3830.8606998627833
32493,3835.8679114012452
31637,3835.8679114012452
30781,3811.560536207676
29925,4482.171613014297
29069,4911.203143295422
28213,0.0
27357,8003.055252111696
26501,7265.746815149468
25645,7261.047022487646
24789,7261.047022487646
23933,7261.047022487646
23077,4891.894426507265
22221,0.0
21365,3815.122451859622
20509,3820.1296633980833
19653,3841.4449365804267
18797,3817.1375613868577
17941,4747.9379854127565
17085,5123.106603697713
16229,0.0
15373,13227.256918486068
14517,7414.104477529722
13661,7590.452791439227
12805,7725.245151703846
11949,7530.510403391108
11093,5209.173546467457
10237,0.0
9381,3871.6987188222197
8525,3876.705930360681
7669,3876.705930360681
6813,3852.398555167112
5957,4536.043769290462
5101,4943.324760767252
4245,0.0
3389,8022.078115785703
2533,7265.746815149468
1677,7261.047022487646
821,7261.047022487646
41054,7618.244352009582
40198,0.0
39342,10289.400253269721
38486,7808.034730861397
37630,7423.085733707199
36774,7391.693459506015
35918,7378.716733393838
35062,7585.4636575651375
34206,0.0
33350,5516.6306966998445
32494,5516.6306966998445
31638,5516.6306966998445
30782,5524.495772673254
29926,7250.221948497922
29070,7585.4636575651375
28214,0.0
27358,9919.955523012273
26502,7673.636566351397
25646,7322.9371885676555
24790,7310.755664058192
23934,7310.755664058192
23078,7585.4636575651375
22222,0.0
21366,5516.6306966998445
20510,5516.6306966998445
19654,5516.6306966998445
18798,5524.495772673254
17942,7321.567692427507
17086,7683.007924207308
16230,0.0
15374,10668.316706901613
14518,9175.183130735593
13662,9602.048601947898
12806,7471.8010454389005
11950,7393.501889961492
11094,7585.4636575651375
10238,0.0
9382,5516.6306966998445
8526,5516.6306966998445
7670,5516.6306966998445
6814,5524.495772673254
5958,7250.221948497922
5102,7585.4636575651375
4246,0.0
3390,9840.728754107335
2534,7651.946459518136
1678,7339.7910461537695
822,7321.603102663809
41055,5064.664603173713
40199,0.0
39343,8485.898732050917
38487,6516.77617023697
37631,6424.735010981993
36775,6366.692344099776
35919,6366.692344099776
35063,5036.611432545521
34207,0.0
33351,5427.7590585077905
32495,5378.3086345465645
31639,5355.548515498944
30783,5346.535727620156
29927,5359.206880364259
29071,5030.166107799979
28215,0.0
27359,8431.681930534869
26503,6413.636462258593
25647,6366.692344099776
24791,6366.692344099776
23935,6366.692344099776
23079,5036.611432545521
22223,0.0
21367,5412.47801666075
20511,5369.472917445064
19655,5359.626768902669
18799,5359.626768902669
17943,5455.54874626286
17087,5136.138177491378
16231,0.0
15375,9787.730545178032
14519,6793.547568628181
13663,6845.572458643559
12807,6623.730509832052
11951,6440.650508788439
11095,5036.611432545521
10239,0.0
9383,5428.5945130532455
8527,5394.043662203574
7671,5377.551797124208
6815,5377.551797124208
5959,5383.777625122768
5103,5030.166107799979
4247,0.0
3391,8454.980312711323
2535,6426.575144015656
1679,6379.63102585684
823,6379.63102585684
41056,5359.895682736087
40200,0.0
39344,9888.925429174393
38488,8320.086483389698
37632,8320.086483389698
36776,8320.086483389698
35920,8320.086483389698
35064,4998.2003484887155
34208,0.0
33352,5283.864808356952
32496,5268.796477213166
31640,5268.796477213166
30784,5268.796477213166
29928,5268.796477213166
29072,4986.52223534243
28216,0.0
27360,9853.485334216275
26504,8320.086483389698
25648,8320.086483389698
24792,8320.086483389698
23936,8320.086483389698
23080,4986.52223534243
22224,0.0
21368,5268.796477213166
20512,5268.796477213166
19656,5268.796477213166
18800,5268.796477213166
17944,5572.511641979012
17088,4875.985088672731
16232,0.0
15376,12468.218090641063
14520,9179.223025814992
13664,9306.80655995465
12808,8320.086483389698
11952,8320.086483389698
11096,4998.2003484887155
10240,0.0
9384,5280.474590359453
8528,5280.474590359453
7672,5283.864808356952
6816,5283.864808356952
5960,5268.796477213166
5104,4986.52223534243
4248,0.0
3392,9815.553240699768
2536,8320.086483389698
1680,8320.086483389698
824,8320.086483389698
41057,5775.826195145849
40201,0.0
39345,10072.205255722472
38489,7980.841100582022
37633,7964.259170713984
36777,7668.510263183288
35921,7668.510263183288
35065,5775.826195145849
34209,0.0
33353,6750.303475259456
32497,6750.303475259456
31641,6750.303475259456
30785,6750.303475259456
29929,5817.991497085032
29073,5775.826195145849
28217,0.0
27361,9629.922847206726
26505,7685.348034481628
25649,7668.510263183288
24793,7668.510263183288
23937,7668.510263183288
23081,5775.826195145849
22225,0.0
21369,6750.303475259456
20513,6750.303475259456
19657,6750.303475259456
18801,6750.303475259456
17945,5838.868213226033
17089,5796.7029112868495
16233,0.0
15377,12939.859555216164
14521,8101.833013318875
13665,8313.342518585883
12809,8374.215580916081
11953,7993.899218096047
11097,5775.826195145849
10241,0.0
9385,6750.303475259456
8529,6750.303475259456
7673,6750.303475259456
6817,6750.303475259456
5961,5817.991497085032
5105,5775.826195145849
4249,0.0
3393,10322.087551411068
2537,7685.348034481628
1681,7668.510263183288
825,7668.510263183288
41058,3614.0686546160805
40202,0.0
39346,6213.6315818672065
38490,4975.075806049237
37634,4942.461123881565
36778,4960.146145989087
35922,4740.28090955885
35066,3531.2983768383033
34210,0.0
33354,3839.220988740791
32498,3815.5439105412133
31642,3764.4292615328145
30786,3747.2271607632133
29930,3761.0589291264287
29074,3527.7223261760023
28218,0.0
27362,5867.897752680325
26506,4372.753907344283
25650,4302.803477709103
24794,4286.37863463551
23938,4473.574536539978
23082,3395.4714868165597
22226,0.0
21370,3707.7066377540878
20514,3681.30543048913
19658,3726.3041873915554
18802,3755.744228137846
17946,3811.205928513494
17090,3993.3271539571547
16234,0.0
15378,6053.999464583619
14522,5131.303195345671
13666,5110.715406884133
12810,5050.348444845625
11954,5003.523842781024
11098,3601.714487949414
10242,0.0
9386,3836.2836871534896
8530,3814.0038428773955
7674,3759.847536914839
6818,3718.6808852794375
5962,3734.912000915751
5106,3532.473207886884
4250,0.0
3394,5964.706360322683
2538,4431.138812046062
1682,4447.087880274132
826,4431.355333977835
41059,3270.6546178727863
40203,0.0
39347,7816.277397973731
38491,6664.251007638373
37635,5953.549849488738
36779,5929.9061993112755
35923,5921.269821779048
35067,3239.0680160637053
34211,0.0
33355,3837.3175207729173
32499,3830.439986634262
31643,3820.0464108188366
30787,3820.0464108188366
29931,4220.681602447995
29075,3239.0680160637053
28219,0.0
27363,7719.545673146205
26507,6683.981583129807
25651,5886.6121718917675
24795,5886.6121718917675
23939,5886.6121718917675
23083,3232.0633631270157
22227,0.0
21371,3820.0464108188366
20515,3820.0464108188366
19659,3820.0464108188366
18803,3820.0464108188366
17947,4375.417281424807
17091,3262.9553086599262
16235,0.0
15379,8411.268315304242
14523,6768.067846324988
13667,6406.620687342535
12811,6132.746266882821
11955,5974.076793933183
11099,3257.051035063562
10243,0.0
9387,3837.3175207729173
8531,3837.3175207729173
7675,3837.3175207729173
6819,3837.3175207729173
5963,4220.681602447995
5107,3239.0680160637053
4251,0.0
3395,7869.675775160281
2539,6795.861654340678
1683,5897.032311328758
827,5897.032311328758
41060,5799.453602207707
40204,0.0
39348,10440.174734438699
38492,7836.279131032369
37636,7878.745791639607
36780,7666.464343767803
35924,7649.443752800661
35068,5686.62245912615
34212,0.0
33356,5329.126737745749
32500,5329.126737745749
31644,5316.128532617543
30788,5304.853221984329
29932,5680.334040787091
29076,5629.157430890496
28220,0.0
27364,10416.937360717657
26508,7509.136725045664
25652,7509.136725045664
24796,7509.136725045664
23940,7509.136725045664
23084,5629.157430890496
22228,0.0
21372,5245.04930462349
20516,5245.04930462349
19660,5245.04930462349
18804,5270.406473023259
17948,5836.408792894418
17092,5935.986797485648
16236,0.0
15380,12791.174390598317
14524,8491.37464672555
13668,8680.91209535932
12812,7885.937680724954
11956,7675.711037486232
11100,5680.205167513287
10244,0.0
9388,5275.837463131648
8532,5275.837463131648
7676,5275.837463131648
6820,5275.0138191651
5964,5637.496432839657
5108,5618.727232131097
4252,0.0
3396,10154.865978490947
2540,7509.136725045664
1684,7509.136725045664
828,7509.136725045664
41061,7000.674084572834
40205,0.0
39349,12748.234545416499
38493,11165.96329754797
37637,9869.90529677733
36781,9827.546676026495
35925,9807.711768225077
35069,6847.080375851001
34213,0.0
33357,6977.056541514043
32501,6990.937493894995
31645,7069.628123404374
30789,7162.033062215562
29933,7187.633574573574
29077,6852.886285681911
28221,0.0
27365,12381.996805527464
26509,10907.063444383684
25653,9774.87266687923
24797,9774.87266687923
23941,9787.13004983241
23085,6748.633088231214
22229,0.0
21373,7057.699097707849
20517,7061.820625485626
19661,7073.073171781923
18805,7090.909172864174
17949,7095.093574111074
17093,6813.590629995005
16237,0.0
15381,14452.816398579804
14525,11145.602047842794
13669,10206.683730591803
12813,10118.570287612878
11957,9991.345807056941
11101,6871.251672147297
10245,0.0
9389,6985.131958180709
8533,6985.131958180709
7677,6996.384504477005
6821,6983.328719844971
5965,7064.956097282347
5109,6841.88143525456
4253,0.0
3397,12250.045952107619
2541,10924.554595265032
1685,9800.304194074424
829,9800.304194074424
41062,3467.85176673282
40206,0.0
39350,10302.147698507808
38494,7882.041670098969
37638,7883.860389822645
36782,7425.282806624487
35926,7425.282806624487
35070,3402.6221575386007
34214,0.0
33358,4362.472407476674
32502,4353.478797962665
31646,4332.008055073867
30790,4322.995267195079
29934,4493.130069683107
29078,0.0
28222,0.0
27366,9586.525111182393
26510,7130.423634216128
25654,7108.637828122793
24798,7096.409857132416
23942,7096.409857132416
23086,3328.782367873659
22230,0.0
21374,4341.581932264644
20518,4332.588322750635
19662,4322.995267195079
18806,4322.995267195079
17950,4585.690479925085
17094,3380.6729798727306
16238,0.0
15382,12179.47469729785
14526,7807.369254455017
13670,7756.110583590049
12814,7724.195075402049
11958,7384.959652179634
11102,3353.6990821923264
10246,0.0
9390,4381.8352111896675
8534,4372.841601675658
7678,4343.885742407109
6822,4343.885742407109
5966,4508.411111530148
5110,3320.6116065100227
4254,0.0
3398,10456.413964704048
2542,7130.423634216128
1686,7108.637828122793
830,7096.409857132416
41063,6596.165339542015
40207,0.0
39351,7686.990509485373
38495,7117.700939311885
37639,7059.984489207691
36783,6828.877622576236
35927,6828.877622576236
35071,6252.7739614329
34215,0.0
33359,4963.233158088098
32503,4958.842821591118
31647,4958.842821591118
30791,4958.842821591118
29935,5651.118719532434
29079,6222.7832880098995
28223,0.0
27367,7625.523556272411
26511,6888.553691785384
25655,6828.877622576236
24799,6828.877622576236
23943,6828.877622576236
23087,6246.896472039577
22231,0.0
21375,4939.46562050365
20519,4935.07528400667
19663,4935.07528400667
18807,4943.84230459869
17951,5809.71940455951
17095,6577.326161278106
16239,0.0
15383,8440.649698555799
14527,7063.3780041104865
13671,7119.659130958665
12815,7240.066594614557
11959,7129.405483883201
11103,6372.4152008798355
10247,0.0
9391,5010.124686675843
8535,5005.734350178862
7679,5005.734350178862
6823,5005.734350178862
5967,5716.985571522515
5111,6205.877502799901
4255,0.0
3399,7545.926437541763
2543,6888.553691785384
1687,6828.877622576236
831,6828.877622576236
41064,6209.877256715166
40208,0.0
39352,8268.703657792312
38496,7403.321656140356
37640,6694.965166699198
36784,6666.727677556061
35928,6637.872212066717
35072,5637.859718183455
34216,0.0
33360,5720.702430973163
32504,5503.911802103315
31648,5368.357619198409
30792,5375.25551967756
29936,5400.149858301898
29080,5502.937232774421
28224,0.0
27368,8113.450139763784
26512,7188.522873509256
25656,6626.42219721229
24800,6626.42219721229
23944,6626.42219721229
23088,5416.196701601346
22232,0.0
21376,5510.182478284186
20520,5402.088141516059
19664,5319.2037569463655
18808,5404.447430391721
17952,6017.348405701633
17096,6732.495886001282
16240,0.0
15384,8769.825879528204
14528,7419.6587083177255
13672,6873.988609736311
12816,6807.621031343923
11960,6738.552739621499
11104,5671.888728195225
10248,0.0
9392,5906.520217909626
8536,5626.413772495568
7680,5406.130522612965
6824,5382.951068326208
5968,5394.925862026149
5112,5501.184262207407
4256,0.0
3400,8154.571417563025
2544,7296.188851711638
1688,6627.49200781835
832,6637.872212066717
41065,4419.135089674254
40209,0.0
39353,10661.003996793223
38497,8390.840370115564
37641,7648.711827480367
36785,7553.63496641069
35929,7514.198759375105
35073,4033.8153629631693
34217,0.0
33361,4769.787362970734
32505,4771.531703639906
31649,4780.489195222397
30793,4829.448730918184
29937,4862.7046213069525
29081,3897.2814047716797
28225,0.0
27369,10360.816800458293
26513,8276.654911142467
25657,7546.635082499368
24801,7490.777873822561
23945,7481.10465400832
23089,3770.3371247692744
22233,0.0
21377,4626.973325733299
20521,4637.442802654502
19665,4650.073905348104
18809,4712.31949223907
17953,5045.589251819004
17097,4172.474207473252
16241,0.0
15385,10556.899087280946
14529,8466.379406512231
13673,7771.122979976015
12817,7704.583856514646
11961,7654.254546493741
11105,4373.419417919618
10249,0.0
9393,4746.058592828136
8537,4746.058592828136
7681,4751.617010336554
6825,4677.350236647279
5969,4732.125026942278
5113,4031.660459965807
4257,0.0
3401,10338.815346033087
2545,8389.295422368066
1689,7606.402549872087
833,7550.545341195281
41066,6572.3093994702385
40210,0.0
39354,8904.374661020092
38498,6710.9041857868815
37642,6609.079140099564
36786,6600.308355537717
35930,6600.308355537717
35074,5849.624899164861
34218,0.0
33362,5345.92986217433
32506,5315.674833232873
31650,5315.674833232873
30794,5330.789377228734
29938,5619.858224021141
29082,5638.93426147794
28226,0.0
27370,8557.579793719171
26514,6639.746166853557
25658,6598.490337386697
24802,6589.71955282485
23946,6589.71955282485
23090,5630.399661579004
22234,0.0
21378,5302.809433558233
20522,5302.809433558233
19666,5302.809433558233
18810,5328.493203159002
17954,5864.518844105548
17098,6276.923104322487
16242,0.0
15386,9742.435281971115
14530,8773.141241772484
13674,9550.638396955359
12818,6600.308355537717
11962,6600.308355537717
11106,6167.2451356365245
10250,0.0
9394,5742.028539969991
8538,5507.780963155718
7682,5354.317068652347
6826,5316.673108526742
5970,5587.448251343546
5114,5598.8089554670105
4258,0.0
3402,8671.118325618883
2546,6698.328527892144
1690,6609.079140099564
834,6600.308355537717
41067,4262.010767663491
40211,0.0
39355,8072.071673776913
38499,6467.758100216381
37643,6389.871437870935
36787,6243.3650183436175
35931,6243.3650183436175
35075,4226.107026481833
34219,0.0
33363,4934.41223681199
32507,4986.275762102154
31651,4985.499562352828
30795,4994.8817999069415
29939,4983.301026964534
29083,4180.467927440777
28227,0.0
27371,7808.3644704034805
26515,6265.1508244369525
25659,6243.3650183436175
24803,6243.3650183436175
23947,6243.3650183436175
23091,4180.467927440777
22235,0.0
21379,4861.297259296883
20523,4861.297259296883
19667,4874.752135605759
18811,4874.923503127126
17955,4914.895853735084
17099,4185.233605435622
16243,0.0
15387,10445.098074660986
14531,6716.645517844815
13675,6821.0811381582635
12819,6685.665026620133
11963,6434.300263998559
11107,4251.127125688182
10251,0.0
9395,4948.256842872595
8539,4948.256842872595
7683,4943.640166932794
6827,4936.021168916922
5971,4999.907296001427
5115,4171.644293104099
4259,0.0
3403,8019.03017945713
2547,6321.261036191055
1691,6299.475230097719
835,6299.475230097719
41068,10436.724099919013
40212,0.0
39356,13901.358126738247
38500,11687.120198281014
37644,10695.67926399177
36788,10650.621428332624
35932,10623.559978597177
35076,9318.068943669121
34220,0.0
33364,9147.525197582037
32508,8899.476383027712
31652,8866.73248964987
30796,8870.075490005995
29940,9044.84614280296
29084,9130.08415431222
28228,0.0
27372,12816.786327338534
26516,11291.891180854715
25660,10544.105822636393
24804,10548.861670665272
23948,10553.681949115638
23092,8985.105911453607
22236,0.0
21380,9000.368080541182
20524,8861.394701566865
19668,8882.473436681546
18812,8899.992484300594
17956,9508.956395226553
17100,10052.069720558853
16244,0.0
15388,14817.730485198494
14532,11770.517026282874
13676,11327.122422393766
12820,11082.064298667712
11964,10953.067940412195
11108,9534.454507855691
10252,0.0
9396,9255.963270333583
8540,8982.187546819303
7684,8901.491155028016
6828,8901.491155028016
5972,9130.198073310476
5116,9235.959689497367
4260,0.0
3404,13203.485928516327
2548,11383.198945471459
1692,10557.853465790538
836,10574.762910234982
41069,7453.934430819454
40213,0.0
39357,10772.878411194662
38501,7017.958250630498
37645,7017.958250630498
36789,7017.958250630498
35933,7017.958250630498
35077,6601.301820871729
34221,0.0
33365,6624.861781045784
32509,6601.625194769306
31653,6601.625194769306
30797,6601.625194769306
29941,6601.625194769306
29085,6561.788372230655
28229,0.0
27373,10399.896822974977
26517,7017.958250630498
25661,7017.958250630498
24805,7017.958250630498
23949,7017.958250630498
23093,6561.788372230655
22237,0.0
21381,6601.625194769306
20525,6601.625194769306
19669,6601.625194769306
18813,6601.625194769306
17957,6688.545764874511
17101,6304.916949077131
16245,0.0
15389,10807.769621454056
14533,9163.515210195013
13677,9690.734031856708
12821,7017.958250630498
11965,7017.958250630498
11109,6731.360343107429
10253,0.0
9397,6666.04387788444
8541,6649.18497503029
7685,6624.861781045784
6829,6624.861781045784
5973,6601.625194769306
5117,6561.788372230655
4261,0.0
3405,10426.81030854269
2549,7017.958250630498
1693,7017.958250630498
837,7017.958250630498
41070,2725.5323941913107
40214,0.0
39358,14032.360225361128
38502,13022.758909443237
37646,12848.003558343198
36790,12843.25699708202
35934,12954.904976455588
35078,2618.24775166497
34222,0.0
33366,4163.259313561489
32510,4224.603109218245
31654,3961.147694198043
30798,4029.082560111713
29942,3894.389298783817
29086,0.0
28230,0.0
27374,13760.22424258187
26518,12755.361076765583
25662,12740.919257088199
24806,12779.785814751667
23950,13021.73136760639
23094,2526.4262513538424
22238,0.0
21382,4144.502866913951
20526,4173.787109845168
19670,3909.240168861319
18814,3967.961728591676
17958,4066.891447692599
17102,2623.960962627017
16246,0.0
15390,13136.326431173193
14534,13403.209607288421
13678,13301.155981525788
12822,13392.040223950029
11966,13189.199146366289
11110,2642.294211104653
10254,0.0
9398,4080.690252747644
8542,4134.036218317821
7686,3802.2262294103134
6830,3835.1847568694093
5974,3765.7999682986256
5118,2612.5837989306415
4262,0.0
3406,14155.525012120084
2550,13073.558884795759
1694,12639.954713204937
838,12525.62214388428
41071,5141.862112354133
40215,0.0
39359,6973.113053098073
38503,5917.834202803634
37647,5673.13452852512
36791,5713.56961366362
35935,5723.7435183500575
35079,4848.905639172298
34223,0.0
33367,4645.169361071201
32511,4640.880591229931
31655,4635.271157864943
30799,4636.746523362019
29943,5122.292724099499
29087,0.0
28231,0.0
27375,6338.760608999333
26519,5624.887937702174
25663,5511.446945515767
24807,5485.287500634221
23951,5510.859824734643
23095,4840.424499325554
22239,0.0
21383,4639.559927706213
20527,4659.626991198276
19671,4659.626991198276
18815,4661.102356695352
17959,5255.839094010608
17103,5027.566618168515
16247,0.0
15391,10987.178025641424
14535,6312.458964484479
13679,6395.118313293942
12823,6236.771027627537
11967,5904.2253046965625
11111,4861.803594130115
10255,0.0
9399,4684.538464695027
8543,4704.60552818709
7687,4665.236424563264
6831,4666.71179006034
5975,5122.292724099499
5119,4845.428704306397
4263,0.0
3407,7647.860709223784
2551,5717.243278677172
1695,5554.202133635176
839,5535.742294488398
41072,5660.338826415506
40216,0.0
39360,9011.733045832232
38504,6859.273332976213
37648,6910.037530036635
36792,6491.138457774271
35936,6491.138457774271
35080,5608.367802633429
34224,0.0
33368,4880.0443108778645
32512,4843.727295773803
31656,4826.647123862382
30800,4817.616849284809
29944,5608.367802633429
29088,5608.367802633429
28232,0.0
27376,8315.908571433163
26520,6475.715579803455
25664,6491.138457774271
24808,6491.138457774271
23952,6491.138457774271
23096,5608.367802633429
22240,0.0
21384,4842.175472370091
20528,4830.6137636992235
19672,4830.6137636992235
18816,4830.6137636992235
17960,5700.030313182024
17104,5870.091364943282
16248,0.0
15392,10664.487291679226
14536,7055.1961208422135
13680,7321.898802539862
12824,7322.107086936662
11968,6939.074011320058
11112,5631.936278678282
10256,0.0
9400,4902.423386596177
8544,4890.86167792531
7688,4878.087244520543
6832,4868.4826022069965
5976,5608.367802633429
5120,5608.367802633429
4264,0.0
3408,8946.161254339422
2552,6475.715579803455
1696,6491.138457774271
840,6491.138457774271
41073,8178.056914097958
40217,13823.992968404145
39361,11874.396597171091
38505,11010.44822727228
37649,10930.657766159316
36793,10760.492452302851
35937,10862.954257757994
35081,8119.274050341345
34225,13521.335298197173
33369,9602.914670812937
32513,9570.479623606121
31657,9559.508314082314
30801,9571.563036304537
29945,9835.120959422466
29089,8125.112912894912
28233,13559.5894251813
27377,11516.515419969084
26521,10740.056789609063
25665,10722.33951688179
24809,10698.81536705014
23953,10861.469777608514
23097,8080.100012600761
22241,13507.712401973027
21385,9458.482032595643
20529,9421.282936422149
19673,9378.070564627276
18817,9446.376255510468
17961,9870.297576295545
17105,8284.328986867236
16249,13480.047755508382
15393,11592.179773653841
14537,11015.87808838339
13681,11007.410260100562
12825,10983.886110268912
11969,11048.108344573959
11113,8260.968453946996
10257,13669.70260855566
9401,9828.77695928547
8545,9791.49948170172
7689,9768.674203923942
6833,9771.774937542177
5977,10051.418123015012
5121,8223.407145949439
4265,13553.180060101935
3409,0.0
2553,0.0
1697,0.0
841,0.0
41074,8293.887676435175
40218,5328.378528995371
39362,11798.827353017112
38506,10420.728365004461
37650,10371.789564562228
36794,10088.319438207101
35938,9933.109908731945
35082,7931.934844349754
34226,5345.970195662038
33370,8882.244094539557
32514,8591.695256988221
31658,8500.26931422728
30802,8363.648471478135
29946,8306.250890332429
29090,7634.698175588067
28234,5389.449598897693
27378,11346.966481670755
26522,10012.456866263039
25666,9976.235910938653
24810,9711.563362079562
23954,9600.830873618948
23098,7479.151515376111
22242,5368.041229489322
21386,8679.601571142477
20530,8349.915971075334
19674,8299.755310717173
18818,8167.3369206086045
17962,8193.85356112087
17106,7591.65690044418
16250,5364.878096973689
15394,11781.086608015703
14538,8877.266430732961
13682,8517.747979214091
12826,8510.504353870225
11970,8223.48416621036
11114,7739.824491767935
10258,4875.504768366022
9402,7840.345952049513
8546,7597.284128577982
7690,7462.761667556931
6834,7454.840549218622
5978,7303.818412555058
5122,7227.6886328902765
4266,4392.1185904455015
3410,11081.821507511766
2554,8634.142776539898
1698,8123.6091647703915
842,8057.834914076179
41075,3461.3239674182278
40219,0.0
39363,8427.137560357636
38507,6699.6369902552415
37651,6113.87809019691
36795,6113.4555439006135
35939,6073.847855823084
35083,3307.201309800307
34227,0.0
33371,4131.349428573741
32515,4131.349428573741
31659,4136.050857534826
30803,4136.050857534826
29947,4225.078164372027
29091,3307.201309800307
28235,0.0
27379,8343.033009029336
26523,6695.817842720083
25667,6042.880119948583
24811,6042.880119948583
23955,6042.880119948583
23099,3307.201309800307
22243,0.0
21387,4124.852113677633
20531,4124.852113677633
19675,4129.553542638719
18819,4140.636104367114
17963,4264.426517240486
17107,3424.954285998588
16251,0.0
15395,8744.510073021333
14539,6749.384501444759
13683,6495.142670096556
12827,6337.904779514179
11971,6127.49734945617
11115,3319.539087578085
10259,0.0
9403,4131.349428573741
8547,4131.349428573741
7691,4136.050857534826
6835,4136.050857534826
5979,4225.078164372027
5123,3307.201309800307
4267,0.0
3411,8373.221110881188
2555,6717.206588279591
1699,6051.742127745854
843,6051.742127745854
41076,8743.25216637607
40220,0.0
39364,13432.616858638166
38508,9346.735434850383
37652,9346.735434850383
36796,9346.735434850383
35940,9346.735434850383
35084,7346.851032997488
34228,0.0
33372,7330.57417063289
32516,7358.811619776403
31660,7358.811619776403
30804,7358.811619776403
29948,7358.811619776403
29092,7358.811619776403
28236,0.0
27380,12860.138868333272
26524,9346.735434850383
25668,9346.735434850383
24812,9346.735434850383
23956,9346.735434850383
23100,7358.811619776403
22244,0.0
21388,7358.811619776403
20532,7358.811619776403
19676,7358.811619776403
18820,7358.811619776403
17964,7312.379443613897
17108,7626.380951872324
16252,0.0
15396,12775.60175842101
14540,8786.79492250856
13684,9492.052400497541
12828,9346.735434850383
11972,9346.735434850383
11116,7544.260961852758
10260,0.0
9404,7366.9930731036575
8548,7346.6710722985035
7692,7330.57417063289
6836,7330.57417063289
5980,7358.811619776403
5124,7358.811619776403
4268,0.0
3412,12831.131633055807
2556,9346.735434850383
1700,9346.735434850383
844,9346.735434850383
41077,4746.363298178872
40221,0.0
39365,8523.86714204593
38509,6958.481251192554
37653,6744.427734469185
36797,6699.2689281948515
35941,6699.2689281948515
35085,4746.363298178872
34229,0.0
33373,4706.267803977568
32517,4671.957416309989
31661,4671.957416309989
30805,4671.957416309989
29949,4772.665251134811
29093,0.0
28237,0.0
27381,8159.187069018904
26525,6590.589031823364
25669,6488.821883712155
24813,6481.122277977388
23957,6481.122277977388
23101,4739.542425163
22245,0.0
21389,4704.237242458557
20533,4676.372179536519
19677,4676.372179536519
18821,4676.372179536519
17965,4889.637959587815
17109,4866.806908467475
16253,0.0
15397,10756.076599947353
14541,7049.542530744549
13685,7138.643051379421
12829,6944.754361500408
11973,6632.609905528238
11117,4752.945521964418
10261,0.0
9405,4710.819466244103
8549,4682.9544033220645
7693,4682.9544033220645
6837,4682.9544033220645
5981,4777.216913401345
5125,4739.679324203003
4269,0.0
3413,8345.152831826259
2557,6508.259533438659
1701,6375.491949559315
845,6375.491949559315
41078,6145.063034589702
40222,0.0
39366,8588.234897185972
38510,7088.054049043186
37654,7041.031835513379
36798,7032.32624469719
35942,7032.32624469719
35086,5686.153922084934
34230,0.0
33374,4623.07054889776
32518,4623.07054889776
31662,4628.106184862672
30806,4628.106184862672
29950,5355.477375138059
29094,5633.686911210936
28238,0.0
27382,8311.179325296616
26526,7036.7936259923945
25670,7032.32624469719
24814,7032.32624469719
23958,7032.32624469719
23102,5629.266074279499
22246,0.0
21390,4630.951393625445
20534,4630.951393625445
19678,4635.9870295903565
18822,4644.754050182378
17966,5476.346272716803
17110,5877.32896477241
16254,0.0
15398,8169.211830903304
14542,7412.942305257907
13686,7471.606774585523
12830,7330.720403002169
11974,7047.7147123574505
11118,5891.661856919451
10262,0.0
9406,4667.4537795416445
8550,4667.4537795416445
7694,4672.489415506558
6838,4672.489415506558
5982,5374.522489166006
5126,5646.75025736093
4270,0.0
3414,8563.407748137948
2558,7036.7936259923945
1702,7032.32624469719
846,7032.32624469719
41079,6325.8694510151945
40223,0.0
39367,8672.534574197147
38511,7413.05172270075
37655,6248.903244538585
36799,6244.982226780767
35943,6146.120714401187
35087,5576.2731334712025
34231,0.0
33375,4329.16075584972
32519,4187.113491295203
31663,4139.6326855110865
30807,4241.932240066499
29951,4747.69578923299
29095,0.0
28239,0.0
27383,8626.96482795403
26527,6631.3257547358935
25671,6215.899139266919
24815,6163.926124319484
23959,6202.156730600458
23103,5532.679387575531
22247,0.0
21391,4296.662146587092
20535,4190.2999682292875
19679,4236.556120701866
18823,4321.918791071432
17967,5073.560101124558
17111,5994.937952784107
16255,0.0
15399,9330.584321373073
14543,6808.524939873564
13687,6700.673632768754
12831,6519.958892004987
11975,6351.494132090998
11119,5928.852559214724
10263,0.0
9407,4437.99229234599
8551,4326.584592845313
7695,4204.764957562221
6839,4281.492925149658
5983,4757.085456348283
5127,5582.989259984035
4271,0.0
3415,8756.027079036283
2559,6559.956545222811
1703,5941.955065936311
847,6061.111412357179
41080,5387.80320358155
40224,0.0
39368,8466.659796671545
38512,6646.077358464927
37656,6550.887053213006
36800,6389.372997884548
35944,6365.883116932167
35088,5311.794240415087
34232,0.0
33376,4323.689223925584
32520,4317.046244127604
31664,4263.168492203603
30808,4264.130972362333
29952,4770.376161137838
29096,5101.753467542878
28240,0.0
27384,7937.790296103355
26528,6294.296717495172
25672,6191.553053019485
24816,6185.00451822095
23960,6224.031259563345
23104,5094.7187759844355
22248,0.0
21392,4166.304119930994
20536,4171.087082893957
19680,4155.356756715507
18824,4158.2579141229135
17968,5142.8014454526965
17112,5493.014666359897
16256,0.0
15400,8566.178006854261
14544,7014.17864068609
13688,7122.52580502974
12832,6941.120358755709
11976,6566.374439236034
11120,5139.414699120324
10264,0.0
9408,4315.101907399518
8552,4301.65274073285
7696,4222.100930598541
6840,4201.640172051532
5984,4347.926146938572
5128,4799.526949909682
4272,0.0
3416,8470.217393078075
2560,6300.776430919003
1704,6198.032766443316
848,6185.00451822095
41081,3162.5897760842954
40225,0.0
39369,7486.696725254928
38513,6256.385464487544
37657,6166.739455056939
36801,6081.950445538749
35945,6081.950445538749
35089,3148.846981100757
34233,0.0
33377,5147.156326227186
32521,4966.467869791295
31665,4889.260011647503
30809,4886.493998575607
29953,5972.4510821313615
29097,3148.846981100757
28241,0.0
27385,7572.643569074898
26529,6086.092462324269
25673,6059.696741835044
24817,6059.696741835044
23961,6081.950445538749
23105,3148.846981100757
22249,0.0
21393,5144.561742893852
20537,4976.312233779474
19681,4934.911352201025
18825,4934.911352201025
17969,6314.026773085471
17113,3194.4114206344816
16257,0.0
15401,9918.102613443016
14545,6635.550878832518
13689,6925.879361678437
12833,6611.617626981111
11977,6164.955488054232
11121,3148.846981100757
10265,0.0
9409,5172.22156809136
8553,5021.756021898909
7697,4924.30744091385
6841,4915.220333995611
5985,5976.486833765349
5129,3148.846981100757
4273,0.0
3417,7914.4579700608365
2561,6121.059265154984
1705,6070.717638233011
849,6070.717638233011
41082,5148.714716757658
40226,0.0
39370,9575.984187959983
38514,7730.66002417393
37658,6499.410881913233
36802,6470.508978110602
35946,6387.3051816306
35090,5067.534955840118
34234,0.0
33378,4523.239757954106
32522,4514.84973270158
31666,4514.84973270158
30810,4514.84973270158
29954,4606.687909463674
29098,5031.9085425756175
28242,0.0
27386,10334.671791501007
26530,8161.220517612639
25674,7144.831828661494
24818,7057.02017612015
23962,7064.578972416446
23106,5009.434431128244
22250,0.0
21394,4458.479439942209
20538,4458.479439942209
19682,4458.479439942209
18826,4484.875532815385
17970,4768.659156878709
17114,5153.782026575502
16258,0.0
15402,12416.52858676579
14546,8169.472124025027
13690,7317.7805277053685
12834,7276.584519002383
11978,7094.412555207112
11122,5047.061329061163
10266,0.0
9410,4472.54676152253
8554,4472.54676152253
7698,4472.54676152253
6842,4464.976754838316
5986,4659.244449498126
5130,5040.359653686728
4274,0.0
3418,10300.81137483434
2562,8177.158728465235
1706,7135.195946608766
850,7047.38429406742
41083,4583.164305398804
40227,0.0
39371,7882.2137719017255
38515,6611.677692938875
37659,6557.71258651408
36803,6503.068868309429
35947,6518.1110916562575
35091,4261.863472810689
34235,0.0
33379,4057.6889380259063
32523,4004.1456973159575
31667,3980.820293121621
30811,3973.4197182395455
29955,4876.326074559815
29099,0.0
28243,0.0
27387,8143.713516687479
26531,6450.327004010725
25675,6423.520978364996
24819,6423.520978364996
23963,6438.563201711825
23107,3856.9671543621384
22251,0.0
21395,4034.1769017547695
20539,4029.5851728014545
19683,4029.5851728014545
18827,4038.229520321539
17971,4818.677997783888
17115,3879.1448286894447
16259,0.0
15403,10810.356773846712
14547,6861.8301090468185
13691,6937.363895357126
12835,6732.13291303569
11979,6509.328298129873
11123,3931.7771411910517
10267,0.0
9411,4057.6889380259063
8555,4044.8466992439353
7699,4044.8466992439353
6843,4037.44612436186
5987,4324.0080089583635
5131,3874.417701500185
4275,0.0
3419,8482.82601015091
2563,6432.952311837058
1707,6428.484930541853
851,6428.484930541853
41084,3300.6420407809087
40228,0.0
39372,8270.949554309987
38516,6313.106301915031
37660,6213.5892759476865
36804,6232.653338155151
35948,6232.653338155151
35092,3300.6420407809087
34236,0.0
33380,4191.9036277030145
32524,4191.9036277030145
31668,4191.9036277030145
30812,4191.9036277030145
29956,4283.590775985716
29100,3300.6420407809087
28244,0.0
27388,7940.334847957004
26532,6309.012041186475
25676,6245.161195298007
24820,6237.4615895632405
23964,6242.443732420384
23108,3296.220096336465
22252,0.0
21396,4191.9036277030145
20540,4191.9036277030145
19684,4191.9036277030145
18828,4191.9036277030145
17972,4331.75518280714
17116,3290.977942490311
16260,0.0
15404,10334.709553020095
14548,6479.150890574704
13692,6543.687714082049
12836,6394.80662859137
11980,6221.815627799539
11124,3300.6420407809087
10268,0.0
9412,4199.473634387227
8556,4199.473634387227
7700,4199.473634387227
6844,4191.9036277030145
5988,4283.590775985716
5132,3300.6420407809087
4276,0.0
3420,8118.220065890416
2564,6309.012041186475
1708,6236.604796488484
852,6236.604796488484
41085,9569.707846033503
40229,0.0
39373,15238.550022755644
38517,9662.858603178023
37661,9596.272904937767
36805,9582.51467844204
35949,9582.51467844204
35093,8766.053460977184
34237,0.0
33381,8287.38220308301
32525,8273.401222690854
31669,8226.162330747225
30813,8311.868702061096
29957,8583.607297139572
29101,8721.861372627129
28245,0.0
27389,15151.10679652695
26533,9655.279436511357
25677,9596.569779937767
24821,9590.390720108706
23965,9590.390720108706
23109,8691.833530249867
22253,0.0
21397,8206.21889990002
20541,8127.721983214927
19685,8125.933593306224
18829,8352.69383888401
17973,9495.78761195675
17117,9352.089911692909
16261,0.0
15405,14990.518817667044
14549,10012.942299080145
13693,10907.514220212004
12837,9173.475766392385
11981,9173.475766392385
11125,9059.296823848641
10269,0.0
9413,8394.637462658171
8557,8380.656482266015
7701,8273.652623873737
6845,8331.827601060579
5989,8566.689189879186
5133,8698.6824885672
4277,0.0
3421,15099.251397945645
2565,9246.2405244617
1709,9179.654826221442
853,9173.475766392385
41086,7074.659870703314
40230,0.0
39374,9634.258659557876
38518,7017.958250630498
37662,7017.958250630498
36806,7017.958250630498
35950,7017.958250630498
35094,6115.982689766407
34238,0.0
33382,6090.79586026744
32526,6019.502058627039
31670,6019.502058627039
30814,6019.502058627039
29958,6019.502058627039
29102,6014.78215369537
28246,0.0
27390,9366.102495502444
26534,7017.958250630498
25678,7017.958250630498
24822,7017.958250630498
23966,7017.958250630498
23110,6014.78215369537
22254,0.0
21398,6014.78215369537
20542,6014.78215369537
19686,6014.78215369537
18830,6027.927735239004
17974,6183.63333389391
17118,5932.744017215506
16262,0.0
15406,9908.006305757859
14550,9116.582901392705
13694,9678.846066488743
12838,7017.958250630498
11982,7017.958250630498
11126,6208.019595050459
10270,0.0
9414,6124.029021386316
8558,6124.029021386316
7702,6090.79586026744
6846,6090.79586026744
5990,6019.502058627039
5134,6019.502058627039
4278,0.0
3422,9626.796787904977
2566,7017.958250630498
1710,7017.958250630498
854,7017.958250630498
41087,24133.98418790016
40231,0.0
39375,25486.548566334255
38519,23977.13301899489
37663,23860.14593085155
36807,23418.5824083324
35951,23418.5824083324
35095,24056.22807734405
34239,0.0
33383,20800.967590488213
32527,20417.087341425267
31671,20071.11557823476
30815,20022.544156878335
29959,21660.72724999538
29103,23631.936760605236
28247,0.0
27391,24927.10524859536
26535,22240.96243743593
25679,22191.68664378514
24823,22101.706002759496
23967,22605.20183834684
23111,23581.751874241596
22255,0.0
21399,20102.350168793626
20543,19782.470976389166
19687,19567.55946530766
18831,19584.53015996159
17975,21239.090696063202
17119,23921.497545728336
16263,0.0
15407,24972.17041699177
14551,24413.873742322496
13695,24455.183674982432
12839,24028.923580377956
11983,23921.717532999402
11127,24138.127865703835
10271,0.0
9415,20718.046798039923
8559,20652.92685275373
7703,20396.304815346688
6847,20418.527732013357
5991,21705.70828400036
5135,23834.144005674978
4279,0.0
3423,23703.72277185912
2567,21855.428837193576
1711,21706.73346892758
855,21703.714145242007
41088,8079.113307409904
40232,0.0
39376,9496.105820760033
38520,7691.642599701304
37664,7675.743935234209
36808,7462.463082110358
35952,7462.463082110358
35096,8005.69892497317
34240,0.0
33384,5504.758491650436
32528,5473.839193513243
31672,5430.570437315738
30816,5478.598268604818
29960,6098.960806402508
29104,7908.878620914412
28248,0.0
27392,9794.423261575324
26536,7467.162874772179
25680,7462.463082110358
24824,7462.463082110358
23968,7462.463082110358
23112,7955.579038288432
22256,0.0
21400,9347.27239384256
20544,9115.742772833797
19688,9031.451760929036
18832,9155.37886470489
17976,10271.756464051743
17120,12100.360360326295
16264,0.0
15408,17859.875964012834
14552,7817.796562734964
13696,7936.638785374627
12840,7960.831905610875
11984,7742.1070876662625
11128,11819.974649308744
10272,0.0
9416,9588.711362582155
8560,9399.961525123175
7704,9325.370680828582
6848,9308.036888493465
5992,9753.717851252499
5136,11606.070046176239
4280,0.0
3424,15497.357164002406
2568,7480.612605577152
1712,7475.912812915331
856,7475.912812915331
